dataset,arch,sample_idx,defense,mse_01,y_true,y_hat,label_ok,repeat_id,batch_size,checkpoint_path
mnist,mlp,817,none,1.2686609650317637,6,6,1,0,32,./checkpoints_grid/cfg001_mlp_mnist_none_b32_rep00_seed72.pt
mnist,mlp,817,topk,0.0013720987506130634,6,6,1,0,32,./checkpoints_grid/cfg003_mlp_mnist_topk_b32_rep00_seed132.pt
mnist,mlp,817,dpsgd,1.023649214545128,6,3,0,0,32,./checkpoints_grid/cfg005_mlp_mnist_dpsgd_b32_rep00_seed192.pt
mnist,mlp,817,randomk,0.1114704481600662,6,0,0,0,32,./checkpoints_grid/cfg007_mlp_mnist_randomk_b32_rep00_seed252.pt
mnist,mlp,817,qsgd,0.13079869667057145,6,0,0,0,32,./checkpoints_grid/cfg009_mlp_mnist_qsgd_b32_rep00_seed312.pt
mnist,mlp,878,none,0.9778254924585545,8,8,1,0,32,./checkpoints_grid/cfg001_mlp_mnist_none_b32_rep00_seed72.pt
mnist,mlp,878,topk,0.0032419955831002687,8,8,1,0,32,./checkpoints_grid/cfg003_mlp_mnist_topk_b32_rep00_seed132.pt
mnist,mlp,878,dpsgd,1.0427387265250614,8,6,0,0,32,./checkpoints_grid/cfg005_mlp_mnist_dpsgd_b32_rep00_seed192.pt
mnist,mlp,878,randomk,0.14787240853872785,8,0,0,0,32,./checkpoints_grid/cfg007_mlp_mnist_randomk_b32_rep00_seed252.pt
mnist,mlp,878,qsgd,0.09846273073733725,8,0,0,0,32,./checkpoints_grid/cfg009_mlp_mnist_qsgd_b32_rep00_seed312.pt
mnist,mlp,970,none,7.788180481762824e-11,5,5,1,0,32,./checkpoints_grid/cfg001_mlp_mnist_none_b32_rep00_seed72.pt
mnist,mlp,970,topk,0.0007723729049652243,5,5,1,0,32,./checkpoints_grid/cfg003_mlp_mnist_topk_b32_rep00_seed132.pt
mnist,mlp,970,dpsgd,0.9830603997492051,5,3,0,0,32,./checkpoints_grid/cfg005_mlp_mnist_dpsgd_b32_rep00_seed192.pt
mnist,mlp,970,randomk,0.07523263565796119,5,1,0,0,32,./checkpoints_grid/cfg007_mlp_mnist_randomk_b32_rep00_seed252.pt
mnist,mlp,970,qsgd,0.07329763715806628,5,0,0,0,32,./checkpoints_grid/cfg009_mlp_mnist_qsgd_b32_rep00_seed312.pt
mnist,mlp,1171,none,0.06594706575675577,7,7,1,0,32,./checkpoints_grid/cfg001_mlp_mnist_none_b32_rep00_seed72.pt
mnist,mlp,1171,topk,0.0009380163146526419,7,7,1,0,32,./checkpoints_grid/cfg003_mlp_mnist_topk_b32_rep00_seed132.pt
mnist,mlp,1171,dpsgd,0.9406555530415157,7,8,0,0,32,./checkpoints_grid/cfg005_mlp_mnist_dpsgd_b32_rep00_seed192.pt
mnist,mlp,1171,randomk,0.06646625853505285,7,7,1,0,32,./checkpoints_grid/cfg007_mlp_mnist_randomk_b32_rep00_seed252.pt
mnist,mlp,1171,qsgd,0.06119840547893981,7,7,1,0,32,./checkpoints_grid/cfg009_mlp_mnist_qsgd_b32_rep00_seed312.pt
mnist,mlp,1289,none,1.066733331669185,5,5,1,0,32,./checkpoints_grid/cfg001_mlp_mnist_none_b32_rep00_seed72.pt
mnist,mlp,1289,topk,0.0019436506965821887,5,5,1,0,32,./checkpoints_grid/cfg003_mlp_mnist_topk_b32_rep00_seed132.pt
mnist,mlp,1289,dpsgd,0.8855740187537383,5,9,0,0,32,./checkpoints_grid/cfg005_mlp_mnist_dpsgd_b32_rep00_seed192.pt
mnist,mlp,1289,randomk,0.07067057652157112,5,0,0,0,32,./checkpoints_grid/cfg007_mlp_mnist_randomk_b32_rep00_seed252.pt
mnist,mlp,1289,qsgd,0.03813012168146999,5,0,0,0,32,./checkpoints_grid/cfg009_mlp_mnist_qsgd_b32_rep00_seed312.pt
mnist,mlp,1798,none,1.2650162383752035,3,3,1,0,32,./checkpoints_grid/cfg001_mlp_mnist_none_b32_rep00_seed72.pt
mnist,mlp,1798,topk,0.0019952467058089968,3,3,1,0,32,./checkpoints_grid/cfg003_mlp_mnist_topk_b32_rep00_seed132.pt
mnist,mlp,1798,dpsgd,1.0384652584269876,3,3,1,0,32,./checkpoints_grid/cfg005_mlp_mnist_dpsgd_b32_rep00_seed192.pt
mnist,mlp,1798,randomk,0.11338169371354136,3,0,0,0,32,./checkpoints_grid/cfg007_mlp_mnist_randomk_b32_rep00_seed252.pt
mnist,mlp,1798,qsgd,0.12623245552767215,3,0,0,0,32,./checkpoints_grid/cfg009_mlp_mnist_qsgd_b32_rep00_seed312.pt
mnist,mlp,2218,none,1.6163191618456807e-10,4,4,1,0,32,./checkpoints_grid/cfg001_mlp_mnist_none_b32_rep00_seed72.pt
mnist,mlp,2218,topk,0.6113472538392037,4,4,1,0,32,./checkpoints_grid/cfg003_mlp_mnist_topk_b32_rep00_seed132.pt
mnist,mlp,2218,dpsgd,0.9483961557193258,4,4,1,0,32,./checkpoints_grid/cfg005_mlp_mnist_dpsgd_b32_rep00_seed192.pt
mnist,mlp,2218,randomk,0.06445572015254515,4,4,1,0,32,./checkpoints_grid/cfg007_mlp_mnist_randomk_b32_rep00_seed252.pt
mnist,mlp,2218,qsgd,0.07541429188523287,4,0,0,0,32,./checkpoints_grid/cfg009_mlp_mnist_qsgd_b32_rep00_seed312.pt
mnist,mlp,2255,none,1.3114570367868843,3,3,1,0,32,./checkpoints_grid/cfg001_mlp_mnist_none_b32_rep00_seed72.pt
mnist,mlp,2255,topk,0.0014874864026177786,3,3,1,0,32,./checkpoints_grid/cfg003_mlp_mnist_topk_b32_rep00_seed132.pt
mnist,mlp,2255,dpsgd,0.8493637664979347,3,6,0,0,32,./checkpoints_grid/cfg005_mlp_mnist_dpsgd_b32_rep00_seed192.pt
mnist,mlp,2255,randomk,0.07888641095003794,3,0,0,0,32,./checkpoints_grid/cfg007_mlp_mnist_randomk_b32_rep00_seed252.pt
mnist,mlp,2255,qsgd,0.016181089879234327,3,3,1,0,32,./checkpoints_grid/cfg009_mlp_mnist_qsgd_b32_rep00_seed312.pt
mnist,mlp,2536,none,0.2101727721393651,0,0,1,0,32,./checkpoints_grid/cfg001_mlp_mnist_none_b32_rep00_seed72.pt
mnist,mlp,2536,topk,0.21086892177263303,0,0,1,0,32,./checkpoints_grid/cfg003_mlp_mnist_topk_b32_rep00_seed132.pt
mnist,mlp,2536,dpsgd,1.72629402368084,0,5,0,0,32,./checkpoints_grid/cfg005_mlp_mnist_dpsgd_b32_rep00_seed192.pt
mnist,mlp,2536,randomk,0.21159141517457355,0,0,1,0,32,./checkpoints_grid/cfg007_mlp_mnist_randomk_b32_rep00_seed252.pt
mnist,mlp,2536,qsgd,0.21188272760036617,0,0,1,0,32,./checkpoints_grid/cfg009_mlp_mnist_qsgd_b32_rep00_seed312.pt
mnist,mlp,3225,none,1.3456248904687458,7,7,1,0,32,./checkpoints_grid/cfg001_mlp_mnist_none_b32_rep00_seed72.pt
mnist,mlp,3225,topk,0.001266721363548398,7,7,1,0,32,./checkpoints_grid/cfg003_mlp_mnist_topk_b32_rep00_seed132.pt
mnist,mlp,3225,dpsgd,0.8976159931854,7,6,0,0,32,./checkpoints_grid/cfg005_mlp_mnist_dpsgd_b32_rep00_seed192.pt
mnist,mlp,3225,randomk,1.422305108994139,7,7,1,0,32,./checkpoints_grid/cfg007_mlp_mnist_randomk_b32_rep00_seed252.pt
mnist,mlp,3225,qsgd,0.03795677882077203,7,0,0,0,32,./checkpoints_grid/cfg009_mlp_mnist_qsgd_b32_rep00_seed312.pt
mnist,mlp,3260,none,1.8833489466092786e-10,2,2,1,0,32,./checkpoints_grid/cfg001_mlp_mnist_none_b32_rep00_seed72.pt
mnist,mlp,3260,topk,0.0026580749111528284,2,2,1,0,32,./checkpoints_grid/cfg003_mlp_mnist_topk_b32_rep00_seed132.pt
mnist,mlp,3260,dpsgd,1.0897399178058726,2,2,1,0,32,./checkpoints_grid/cfg005_mlp_mnist_dpsgd_b32_rep00_seed192.pt
mnist,mlp,3260,randomk,0.14805661059049036,2,0,0,0,32,./checkpoints_grid/cfg007_mlp_mnist_randomk_b32_rep00_seed252.pt
mnist,mlp,3260,qsgd,1.5540916150653818,2,2,1,0,32,./checkpoints_grid/cfg009_mlp_mnist_qsgd_b32_rep00_seed312.pt
mnist,mlp,3592,none,1.3403008513930457,9,9,1,0,32,./checkpoints_grid/cfg001_mlp_mnist_none_b32_rep00_seed72.pt
mnist,mlp,3592,topk,0.0015222286877835827,9,9,1,0,32,./checkpoints_grid/cfg003_mlp_mnist_topk_b32_rep00_seed132.pt
mnist,mlp,3592,dpsgd,1.0046376343879646,9,4,0,0,32,./checkpoints_grid/cfg005_mlp_mnist_dpsgd_b32_rep00_seed192.pt
mnist,mlp,3592,randomk,0.058000528833173234,9,0,0,0,32,./checkpoints_grid/cfg007_mlp_mnist_randomk_b32_rep00_seed252.pt
mnist,mlp,3592,qsgd,0.018178655317594168,9,9,1,0,32,./checkpoints_grid/cfg009_mlp_mnist_qsgd_b32_rep00_seed312.pt
mnist,mlp,3964,none,1.064965099679195e-05,8,8,1,0,32,./checkpoints_grid/cfg001_mlp_mnist_none_b32_rep00_seed72.pt
mnist,mlp,3964,topk,0.0015738966385845778,8,8,1,0,32,./checkpoints_grid/cfg003_mlp_mnist_topk_b32_rep00_seed132.pt
mnist,mlp,3964,dpsgd,0.9512002004142406,8,6,0,0,32,./checkpoints_grid/cfg005_mlp_mnist_dpsgd_b32_rep00_seed192.pt
mnist,mlp,3964,randomk,0.0915200878770501,8,0,0,0,32,./checkpoints_grid/cfg007_mlp_mnist_randomk_b32_rep00_seed252.pt
mnist,mlp,3964,qsgd,0.09924195981920507,8,0,0,0,32,./checkpoints_grid/cfg009_mlp_mnist_qsgd_b32_rep00_seed312.pt
mnist,mlp,4556,none,1.4961931212116898e-12,9,9,1,0,32,./checkpoints_grid/cfg001_mlp_mnist_none_b32_rep00_seed72.pt
mnist,mlp,4556,topk,0.0014418207095729023,9,9,1,0,32,./checkpoints_grid/cfg003_mlp_mnist_topk_b32_rep00_seed132.pt
mnist,mlp,4556,dpsgd,1.1705067528759354,9,1,0,0,32,./checkpoints_grid/cfg005_mlp_mnist_dpsgd_b32_rep00_seed192.pt
mnist,mlp,4556,randomk,0.05187195653604388,9,9,1,0,32,./checkpoints_grid/cfg007_mlp_mnist_randomk_b32_rep00_seed252.pt
mnist,mlp,4556,qsgd,1.7233128394821642,9,9,1,0,32,./checkpoints_grid/cfg009_mlp_mnist_qsgd_b32_rep00_seed312.pt
mnist,mlp,4633,none,1.5787669126760777,9,9,1,0,32,./checkpoints_grid/cfg001_mlp_mnist_none_b32_rep00_seed72.pt
mnist,mlp,4633,topk,0.0010225939172571446,9,9,1,0,32,./checkpoints_grid/cfg003_mlp_mnist_topk_b32_rep00_seed132.pt
mnist,mlp,4633,dpsgd,1.5516963925870928,9,8,0,0,32,./checkpoints_grid/cfg005_mlp_mnist_dpsgd_b32_rep00_seed192.pt
mnist,mlp,4633,randomk,0.060306825291832816,9,0,0,0,32,./checkpoints_grid/cfg007_mlp_mnist_randomk_b32_rep00_seed252.pt
mnist,mlp,4633,qsgd,0.010865033284140532,9,9,1,0,32,./checkpoints_grid/cfg009_mlp_mnist_qsgd_b32_rep00_seed312.pt
mnist,mlp,4897,none,0.08746480960791889,6,6,1,0,32,./checkpoints_grid/cfg001_mlp_mnist_none_b32_rep00_seed72.pt
mnist,mlp,4897,topk,0.08710574861473747,6,6,1,0,32,./checkpoints_grid/cfg003_mlp_mnist_topk_b32_rep00_seed132.pt
mnist,mlp,4897,dpsgd,1.0030564113268592,6,1,0,0,32,./checkpoints_grid/cfg005_mlp_mnist_dpsgd_b32_rep00_seed192.pt
mnist,mlp,4897,randomk,0.08987496579643299,6,0,0,0,32,./checkpoints_grid/cfg007_mlp_mnist_randomk_b32_rep00_seed252.pt
mnist,mlp,4897,qsgd,0.0916337234911892,6,0,0,0,32,./checkpoints_grid/cfg009_mlp_mnist_qsgd_b32_rep00_seed312.pt
mnist,mlp,5595,none,1.4772663584282952,2,2,1,0,32,./checkpoints_grid/cfg001_mlp_mnist_none_b32_rep00_seed72.pt
mnist,mlp,5595,topk,0.001956501401952204,2,2,1,0,32,./checkpoints_grid/cfg003_mlp_mnist_topk_b32_rep00_seed132.pt
mnist,mlp,5595,dpsgd,1.004403261608939,2,8,0,0,32,./checkpoints_grid/cfg005_mlp_mnist_dpsgd_b32_rep00_seed192.pt
mnist,mlp,5595,randomk,0.1349173795684637,2,0,0,0,32,./checkpoints_grid/cfg007_mlp_mnist_randomk_b32_rep00_seed252.pt
mnist,mlp,5595,qsgd,0.1464616789071948,2,0,0,0,32,./checkpoints_grid/cfg009_mlp_mnist_qsgd_b32_rep00_seed312.pt
mnist,mlp,6419,none,0.053466939367587035,1,1,1,0,32,./checkpoints_grid/cfg001_mlp_mnist_none_b32_rep00_seed72.pt
mnist,mlp,6419,topk,0.057162205429669766,1,1,1,0,32,./checkpoints_grid/cfg003_mlp_mnist_topk_b32_rep00_seed132.pt
mnist,mlp,6419,dpsgd,0.9554689917473848,1,6,0,0,32,./checkpoints_grid/cfg005_mlp_mnist_dpsgd_b32_rep00_seed192.pt
mnist,mlp,6419,randomk,0.0588140229518567,1,0,0,0,32,./checkpoints_grid/cfg007_mlp_mnist_randomk_b32_rep00_seed252.pt
mnist,mlp,6419,qsgd,0.042105370363269966,1,1,1,0,32,./checkpoints_grid/cfg009_mlp_mnist_qsgd_b32_rep00_seed312.pt
mnist,mlp,6518,none,0.09026038593697953,5,5,1,0,32,./checkpoints_grid/cfg001_mlp_mnist_none_b32_rep00_seed72.pt
mnist,mlp,6518,topk,1.31472153753611,5,5,1,0,32,./checkpoints_grid/cfg003_mlp_mnist_topk_b32_rep00_seed132.pt
mnist,mlp,6518,dpsgd,1.3388525901093768,5,7,0,0,32,./checkpoints_grid/cfg005_mlp_mnist_dpsgd_b32_rep00_seed192.pt
mnist,mlp,6518,randomk,0.09352637763401819,5,0,0,0,32,./checkpoints_grid/cfg007_mlp_mnist_randomk_b32_rep00_seed252.pt
mnist,mlp,6518,qsgd,0.021161537058961837,5,5,1,0,32,./checkpoints_grid/cfg009_mlp_mnist_qsgd_b32_rep00_seed312.pt
mnist,mlp,6729,none,0.06493902552119271,1,1,1,0,32,./checkpoints_grid/cfg001_mlp_mnist_none_b32_rep00_seed72.pt
mnist,mlp,6729,topk,0.06516342566036802,1,1,1,0,32,./checkpoints_grid/cfg003_mlp_mnist_topk_b32_rep00_seed132.pt
mnist,mlp,6729,dpsgd,0.918274716424007,1,4,0,0,32,./checkpoints_grid/cfg005_mlp_mnist_dpsgd_b32_rep00_seed192.pt
mnist,mlp,6729,randomk,0.06601523558145056,1,0,0,0,32,./checkpoints_grid/cfg007_mlp_mnist_randomk_b32_rep00_seed252.pt
mnist,mlp,6729,qsgd,0.0673880659717632,1,0,0,0,32,./checkpoints_grid/cfg009_mlp_mnist_qsgd_b32_rep00_seed312.pt
mnist,mlp,6790,none,1.4694633808214237,3,3,1,0,32,./checkpoints_grid/cfg001_mlp_mnist_none_b32_rep00_seed72.pt
mnist,mlp,6790,topk,0.07982833356065937,3,3,1,0,32,./checkpoints_grid/cfg003_mlp_mnist_topk_b32_rep00_seed132.pt
mnist,mlp,6790,dpsgd,1.0174335313637675,3,8,0,0,32,./checkpoints_grid/cfg005_mlp_mnist_dpsgd_b32_rep00_seed192.pt
mnist,mlp,6790,randomk,0.09034320194977603,3,3,1,0,32,./checkpoints_grid/cfg007_mlp_mnist_randomk_b32_rep00_seed252.pt
mnist,mlp,6790,qsgd,0.0955790800619196,3,0,0,0,32,./checkpoints_grid/cfg009_mlp_mnist_qsgd_b32_rep00_seed312.pt
mnist,mlp,6941,none,0.09844505674843902,4,4,1,0,32,./checkpoints_grid/cfg001_mlp_mnist_none_b32_rep00_seed72.pt
mnist,mlp,6941,topk,0.09716343780689361,4,4,1,0,32,./checkpoints_grid/cfg003_mlp_mnist_topk_b32_rep00_seed132.pt
mnist,mlp,6941,dpsgd,0.9398903561798065,4,1,0,0,32,./checkpoints_grid/cfg005_mlp_mnist_dpsgd_b32_rep00_seed192.pt
mnist,mlp,6941,randomk,0.09975171455371516,4,0,0,0,32,./checkpoints_grid/cfg007_mlp_mnist_randomk_b32_rep00_seed252.pt
mnist,mlp,6941,qsgd,0.09947256115194807,4,0,0,0,32,./checkpoints_grid/cfg009_mlp_mnist_qsgd_b32_rep00_seed312.pt
mnist,mlp,7109,none,0.11086800414824557,8,8,1,0,32,./checkpoints_grid/cfg001_mlp_mnist_none_b32_rep00_seed72.pt
mnist,mlp,7109,topk,0.1118727165282674,8,8,1,0,32,./checkpoints_grid/cfg003_mlp_mnist_topk_b32_rep00_seed132.pt
mnist,mlp,7109,dpsgd,0.9701243096968066,8,8,1,0,32,./checkpoints_grid/cfg005_mlp_mnist_dpsgd_b32_rep00_seed192.pt
mnist,mlp,7109,randomk,0.11267701310960537,8,0,0,0,32,./checkpoints_grid/cfg007_mlp_mnist_randomk_b32_rep00_seed252.pt
mnist,mlp,7109,qsgd,0.11167479767860754,8,0,0,0,32,./checkpoints_grid/cfg009_mlp_mnist_qsgd_b32_rep00_seed312.pt
mnist,mlp,7139,none,0.12038769463675034,0,0,1,0,32,./checkpoints_grid/cfg001_mlp_mnist_none_b32_rep00_seed72.pt
mnist,mlp,7139,topk,0.12010154299075437,0,0,1,0,32,./checkpoints_grid/cfg003_mlp_mnist_topk_b32_rep00_seed132.pt
mnist,mlp,7139,dpsgd,1.5304076687924275,0,2,0,0,32,./checkpoints_grid/cfg005_mlp_mnist_dpsgd_b32_rep00_seed192.pt
mnist,mlp,7139,randomk,0.12128846093322924,0,0,1,0,32,./checkpoints_grid/cfg007_mlp_mnist_randomk_b32_rep00_seed252.pt
mnist,mlp,7139,qsgd,0.11430690753780458,0,0,1,0,32,./checkpoints_grid/cfg009_mlp_mnist_qsgd_b32_rep00_seed312.pt
mnist,mlp,7432,none,1.7020197111967156e-06,7,7,1,0,32,./checkpoints_grid/cfg001_mlp_mnist_none_b32_rep00_seed72.pt
mnist,mlp,7432,topk,0.0017163099243755317,7,7,1,0,32,./checkpoints_grid/cfg003_mlp_mnist_topk_b32_rep00_seed132.pt
mnist,mlp,7432,dpsgd,0.9078214658059176,7,7,1,0,32,./checkpoints_grid/cfg005_mlp_mnist_dpsgd_b32_rep00_seed192.pt
mnist,mlp,7432,randomk,0.05285019033121724,7,7,1,0,32,./checkpoints_grid/cfg007_mlp_mnist_randomk_b32_rep00_seed252.pt
mnist,mlp,7432,qsgd,0.11403570209515493,7,0,0,0,32,./checkpoints_grid/cfg009_mlp_mnist_qsgd_b32_rep00_seed312.pt
mnist,mlp,7980,none,0.07769443770626265,1,1,1,0,32,./checkpoints_grid/cfg001_mlp_mnist_none_b32_rep00_seed72.pt
mnist,mlp,7980,topk,0.08084464254758655,1,1,1,0,32,./checkpoints_grid/cfg003_mlp_mnist_topk_b32_rep00_seed132.pt
mnist,mlp,7980,dpsgd,1.0030877546782422,1,7,0,0,32,./checkpoints_grid/cfg005_mlp_mnist_dpsgd_b32_rep00_seed192.pt
mnist,mlp,7980,randomk,0.08165505136891132,1,0,0,0,32,./checkpoints_grid/cfg007_mlp_mnist_randomk_b32_rep00_seed252.pt
mnist,mlp,7980,qsgd,0.014748088967743213,1,1,1,0,32,./checkpoints_grid/cfg009_mlp_mnist_qsgd_b32_rep00_seed312.pt
mnist,mlp,7989,none,0.13450456229250127,0,0,1,0,32,./checkpoints_grid/cfg001_mlp_mnist_none_b32_rep00_seed72.pt
mnist,mlp,7989,topk,0.13485298331014328,0,0,1,0,32,./checkpoints_grid/cfg003_mlp_mnist_topk_b32_rep00_seed132.pt
mnist,mlp,7989,dpsgd,1.0435966813113091,0,9,0,0,32,./checkpoints_grid/cfg005_mlp_mnist_dpsgd_b32_rep00_seed192.pt
mnist,mlp,7989,randomk,0.13531640895875002,0,0,1,0,32,./checkpoints_grid/cfg007_mlp_mnist_randomk_b32_rep00_seed252.pt
mnist,mlp,7989,qsgd,0.13495047989694323,0,0,1,0,32,./checkpoints_grid/cfg009_mlp_mnist_qsgd_b32_rep00_seed312.pt
mnist,mlp,8310,none,0.9374896478392594,2,2,1,0,32,./checkpoints_grid/cfg001_mlp_mnist_none_b32_rep00_seed72.pt
mnist,mlp,8310,topk,0.00312199217693341,2,2,1,0,32,./checkpoints_grid/cfg003_mlp_mnist_topk_b32_rep00_seed132.pt
mnist,mlp,8310,dpsgd,0.9204916377749589,2,6,0,0,32,./checkpoints_grid/cfg005_mlp_mnist_dpsgd_b32_rep00_seed192.pt
mnist,mlp,8310,randomk,0.09157833848477437,2,0,0,0,32,./checkpoints_grid/cfg007_mlp_mnist_randomk_b32_rep00_seed252.pt
mnist,mlp,8310,qsgd,0.1117745796842967,2,0,0,0,32,./checkpoints_grid/cfg009_mlp_mnist_qsgd_b32_rep00_seed312.pt
mnist,mlp,8901,none,0.1240919506700004,6,6,1,0,32,./checkpoints_grid/cfg001_mlp_mnist_none_b32_rep00_seed72.pt
mnist,mlp,8901,topk,0.12421497996139734,6,6,1,0,32,./checkpoints_grid/cfg003_mlp_mnist_topk_b32_rep00_seed132.pt
mnist,mlp,8901,dpsgd,1.679812659512166,6,4,0,0,32,./checkpoints_grid/cfg005_mlp_mnist_dpsgd_b32_rep00_seed192.pt
mnist,mlp,8901,randomk,0.1262460198568185,6,0,0,0,32,./checkpoints_grid/cfg007_mlp_mnist_randomk_b32_rep00_seed252.pt
mnist,mlp,8901,qsgd,0.13013767818096136,6,0,0,0,32,./checkpoints_grid/cfg009_mlp_mnist_qsgd_b32_rep00_seed312.pt
mnist,mlp,9098,none,0.12498813195543786,4,4,1,0,32,./checkpoints_grid/cfg001_mlp_mnist_none_b32_rep00_seed72.pt
mnist,mlp,9098,topk,0.0016857272352402103,4,4,1,0,32,./checkpoints_grid/cfg003_mlp_mnist_topk_b32_rep00_seed132.pt
mnist,mlp,9098,dpsgd,1.6509247292178004,4,0,0,0,32,./checkpoints_grid/cfg005_mlp_mnist_dpsgd_b32_rep00_seed192.pt
mnist,mlp,9098,randomk,0.12801382921335666,4,0,0,0,32,./checkpoints_grid/cfg007_mlp_mnist_randomk_b32_rep00_seed252.pt
mnist,mlp,9098,qsgd,0.12946143327298398,4,0,0,0,32,./checkpoints_grid/cfg009_mlp_mnist_qsgd_b32_rep00_seed312.pt
mnist,cnn,817,none,0.10809370615112245,6,6,1,0,32,./checkpoints_grid/cfg031_cnn_mnist_none_b32_rep00_seed972.pt
mnist,cnn,817,topk,0.09464578767641135,6,6,1,0,32,./checkpoints_grid/cfg033_cnn_mnist_topk_b32_rep00_seed1032.pt
mnist,cnn,817,dpsgd,0.31914596498626707,6,1,0,0,32,./checkpoints_grid/cfg035_cnn_mnist_dpsgd_b32_rep00_seed1092.pt
mnist,cnn,817,randomk,0.10800252442043502,6,0,0,0,32,./checkpoints_grid/cfg037_cnn_mnist_randomk_b32_rep00_seed1152.pt
mnist,cnn,817,qsgd,0.710849002637689,6,6,1,0,32,./checkpoints_grid/cfg039_cnn_mnist_qsgd_b32_rep00_seed1212.pt
mnist,cnn,878,none,0.15127959141022226,8,8,1,0,32,./checkpoints_grid/cfg031_cnn_mnist_none_b32_rep00_seed972.pt
mnist,cnn,878,topk,0.6046247161218506,8,8,1,0,32,./checkpoints_grid/cfg033_cnn_mnist_topk_b32_rep00_seed1032.pt
mnist,cnn,878,dpsgd,0.33855752248793936,8,7,0,0,32,./checkpoints_grid/cfg035_cnn_mnist_dpsgd_b32_rep00_seed1092.pt
mnist,cnn,878,randomk,0.15137924897913557,8,0,0,0,32,./checkpoints_grid/cfg037_cnn_mnist_randomk_b32_rep00_seed1152.pt
mnist,cnn,878,qsgd,1.4871439016384822,8,8,1,0,32,./checkpoints_grid/cfg039_cnn_mnist_qsgd_b32_rep00_seed1212.pt
mnist,cnn,970,none,1.485751441109578,5,5,1,0,32,./checkpoints_grid/cfg031_cnn_mnist_none_b32_rep00_seed972.pt
mnist,cnn,970,topk,1.6585485016511279,5,5,1,0,32,./checkpoints_grid/cfg033_cnn_mnist_topk_b32_rep00_seed1032.pt
mnist,cnn,970,dpsgd,0.357358816744789,5,1,0,0,32,./checkpoints_grid/cfg035_cnn_mnist_dpsgd_b32_rep00_seed1092.pt
mnist,cnn,970,randomk,0.07439068186463664,5,0,0,0,32,./checkpoints_grid/cfg037_cnn_mnist_randomk_b32_rep00_seed1152.pt
mnist,cnn,970,qsgd,0.0802612400910241,5,0,0,0,32,./checkpoints_grid/cfg039_cnn_mnist_qsgd_b32_rep00_seed1212.pt
mnist,cnn,1171,none,0.0972781526425872,7,7,1,0,32,./checkpoints_grid/cfg031_cnn_mnist_none_b32_rep00_seed972.pt
mnist,cnn,1171,topk,0.0640792697543186,7,7,1,0,32,./checkpoints_grid/cfg033_cnn_mnist_topk_b32_rep00_seed1032.pt
mnist,cnn,1171,dpsgd,0.33326594589755887,7,8,0,0,32,./checkpoints_grid/cfg035_cnn_mnist_dpsgd_b32_rep00_seed1092.pt
mnist,cnn,1171,randomk,0.0673219897059966,7,0,0,0,32,./checkpoints_grid/cfg037_cnn_mnist_randomk_b32_rep00_seed1152.pt
mnist,cnn,1171,qsgd,0.07003262177624076,7,0,0,0,32,./checkpoints_grid/cfg039_cnn_mnist_qsgd_b32_rep00_seed1212.pt
mnist,cnn,1289,none,0.00023695994798186309,5,5,1,0,32,./checkpoints_grid/cfg031_cnn_mnist_none_b32_rep00_seed972.pt
mnist,cnn,1289,topk,1.6367612086002774,5,5,1,0,32,./checkpoints_grid/cfg033_cnn_mnist_topk_b32_rep00_seed1032.pt
mnist,cnn,1289,dpsgd,0.32741260798228605,5,8,0,0,32,./checkpoints_grid/cfg035_cnn_mnist_dpsgd_b32_rep00_seed1092.pt
mnist,cnn,1289,randomk,0.07236864425570359,5,0,0,0,32,./checkpoints_grid/cfg037_cnn_mnist_randomk_b32_rep00_seed1152.pt
mnist,cnn,1289,qsgd,0.05818117074962605,5,0,0,0,32,./checkpoints_grid/cfg039_cnn_mnist_qsgd_b32_rep00_seed1212.pt
mnist,cnn,1798,none,0.10590667236421616,3,3,1,0,32,./checkpoints_grid/cfg031_cnn_mnist_none_b32_rep00_seed972.pt
mnist,cnn,1798,topk,1.6167020245260364,3,3,1,0,32,./checkpoints_grid/cfg033_cnn_mnist_topk_b32_rep00_seed1032.pt
mnist,cnn,1798,dpsgd,0.360876557090557,3,0,0,0,32,./checkpoints_grid/cfg035_cnn_mnist_dpsgd_b32_rep00_seed1092.pt
mnist,cnn,1798,randomk,1.7129040220718945,3,3,1,0,32,./checkpoints_grid/cfg037_cnn_mnist_randomk_b32_rep00_seed1152.pt
mnist,cnn,1798,qsgd,0.11687986341335138,3,0,0,0,32,./checkpoints_grid/cfg039_cnn_mnist_qsgd_b32_rep00_seed1212.pt
mnist,cnn,2218,none,0.0680422208820163,4,4,1,0,32,./checkpoints_grid/cfg031_cnn_mnist_none_b32_rep00_seed972.pt
mnist,cnn,2218,topk,0.05440678562378831,4,4,1,0,32,./checkpoints_grid/cfg033_cnn_mnist_topk_b32_rep00_seed1032.pt
mnist,cnn,2218,dpsgd,0.2348255602716523,4,5,0,0,32,./checkpoints_grid/cfg035_cnn_mnist_dpsgd_b32_rep00_seed1092.pt
mnist,cnn,2218,randomk,0.07141160047605474,4,0,0,0,32,./checkpoints_grid/cfg037_cnn_mnist_randomk_b32_rep00_seed1152.pt
mnist,cnn,2218,qsgd,0.07496283183706456,4,0,0,0,32,./checkpoints_grid/cfg039_cnn_mnist_qsgd_b32_rep00_seed1212.pt
mnist,cnn,2255,none,0.07512308885270014,3,3,1,0,32,./checkpoints_grid/cfg031_cnn_mnist_none_b32_rep00_seed972.pt
mnist,cnn,2255,topk,0.002011228592686047,3,3,1,0,32,./checkpoints_grid/cfg033_cnn_mnist_topk_b32_rep00_seed1032.pt
mnist,cnn,2255,dpsgd,0.26591576559459,3,0,0,0,32,./checkpoints_grid/cfg035_cnn_mnist_dpsgd_b32_rep00_seed1092.pt
mnist,cnn,2255,randomk,0.079032266883332,3,0,0,0,32,./checkpoints_grid/cfg037_cnn_mnist_randomk_b32_rep00_seed1152.pt
mnist,cnn,2255,qsgd,1.558361322209414,3,3,1,0,32,./checkpoints_grid/cfg039_cnn_mnist_qsgd_b32_rep00_seed1212.pt
mnist,cnn,2536,none,0.21018100593385194,0,0,1,0,32,./checkpoints_grid/cfg031_cnn_mnist_none_b32_rep00_seed972.pt
mnist,cnn,2536,topk,0.21632920451622878,0,0,1,0,32,./checkpoints_grid/cfg033_cnn_mnist_topk_b32_rep00_seed1032.pt
mnist,cnn,2536,dpsgd,0.4115192095810239,0,4,0,0,32,./checkpoints_grid/cfg035_cnn_mnist_dpsgd_b32_rep00_seed1092.pt
mnist,cnn,2536,randomk,0.21538011842064084,0,0,1,0,32,./checkpoints_grid/cfg037_cnn_mnist_randomk_b32_rep00_seed1152.pt
mnist,cnn,2536,qsgd,0.21378648116616558,0,0,1,0,32,./checkpoints_grid/cfg039_cnn_mnist_qsgd_b32_rep00_seed1212.pt
mnist,cnn,3225,none,6.338459820232563e-06,7,7,1,0,32,./checkpoints_grid/cfg031_cnn_mnist_none_b32_rep00_seed972.pt
mnist,cnn,3225,topk,0.0019797813384627013,7,7,1,0,32,./checkpoints_grid/cfg033_cnn_mnist_topk_b32_rep00_seed1032.pt
mnist,cnn,3225,dpsgd,0.25259423362452005,7,7,1,0,32,./checkpoints_grid/cfg035_cnn_mnist_dpsgd_b32_rep00_seed1092.pt
mnist,cnn,3225,randomk,0.039197545447487735,7,0,0,0,32,./checkpoints_grid/cfg037_cnn_mnist_randomk_b32_rep00_seed1152.pt
mnist,cnn,3225,qsgd,0.024564693953879856,7,7,1,0,32,./checkpoints_grid/cfg039_cnn_mnist_qsgd_b32_rep00_seed1212.pt
mnist,cnn,3260,none,0.526577541985976,2,2,1,0,32,./checkpoints_grid/cfg031_cnn_mnist_none_b32_rep00_seed972.pt
mnist,cnn,3260,topk,1.7169509381818282,2,2,1,0,32,./checkpoints_grid/cfg033_cnn_mnist_topk_b32_rep00_seed1032.pt
mnist,cnn,3260,dpsgd,0.393918639330488,2,1,0,0,32,./checkpoints_grid/cfg035_cnn_mnist_dpsgd_b32_rep00_seed1092.pt
mnist,cnn,3260,randomk,0.15280607700184454,2,0,0,0,32,./checkpoints_grid/cfg037_cnn_mnist_randomk_b32_rep00_seed1152.pt
mnist,cnn,3260,qsgd,0.15432870225242998,2,0,0,0,32,./checkpoints_grid/cfg039_cnn_mnist_qsgd_b32_rep00_seed1212.pt
mnist,cnn,3592,none,0.04723545785287436,9,9,1,0,32,./checkpoints_grid/cfg031_cnn_mnist_none_b32_rep00_seed972.pt
mnist,cnn,3592,topk,0.04102802824122935,9,9,1,0,32,./checkpoints_grid/cfg033_cnn_mnist_topk_b32_rep00_seed1032.pt
mnist,cnn,3592,dpsgd,0.21630889437483253,9,6,0,0,32,./checkpoints_grid/cfg035_cnn_mnist_dpsgd_b32_rep00_seed1092.pt
mnist,cnn,3592,randomk,,9,1,0,0,32,./checkpoints_grid/cfg037_cnn_mnist_randomk_b32_rep00_seed1152.pt
mnist,cnn,3592,qsgd,0.061032334903799924,9,0,0,0,32,./checkpoints_grid/cfg039_cnn_mnist_qsgd_b32_rep00_seed1212.pt
mnist,cnn,3964,none,0.08329745520196354,8,8,1,0,32,./checkpoints_grid/cfg031_cnn_mnist_none_b32_rep00_seed972.pt
mnist,cnn,3964,topk,0.002224344063311211,8,8,1,0,32,./checkpoints_grid/cfg033_cnn_mnist_topk_b32_rep00_seed1032.pt
mnist,cnn,3964,dpsgd,0.3585399951887374,8,3,0,0,32,./checkpoints_grid/cfg035_cnn_mnist_dpsgd_b32_rep00_seed1092.pt
mnist,cnn,3964,randomk,0.0908794761415474,8,0,0,0,32,./checkpoints_grid/cfg037_cnn_mnist_randomk_b32_rep00_seed1152.pt
mnist,cnn,3964,qsgd,0.09322093975338083,8,0,0,0,32,./checkpoints_grid/cfg039_cnn_mnist_qsgd_b32_rep00_seed1212.pt
mnist,cnn,4556,none,0.8496707131518163,9,9,1,0,32,./checkpoints_grid/cfg031_cnn_mnist_none_b32_rep00_seed972.pt
mnist,cnn,4556,topk,0.0024623243450927856,9,9,1,0,32,./checkpoints_grid/cfg033_cnn_mnist_topk_b32_rep00_seed1032.pt
mnist,cnn,4556,dpsgd,0.28021362824835666,9,5,0,0,32,./checkpoints_grid/cfg035_cnn_mnist_dpsgd_b32_rep00_seed1092.pt
mnist,cnn,4556,randomk,0.05431261718770216,9,0,0,0,32,./checkpoints_grid/cfg037_cnn_mnist_randomk_b32_rep00_seed1152.pt
mnist,cnn,4556,qsgd,0.0575042538683861,9,0,0,0,32,./checkpoints_grid/cfg039_cnn_mnist_qsgd_b32_rep00_seed1212.pt
mnist,cnn,4633,none,1.383323901633716,9,9,1,0,32,./checkpoints_grid/cfg031_cnn_mnist_none_b32_rep00_seed972.pt
mnist,cnn,4633,topk,1.512495872412368,9,9,1,0,32,./checkpoints_grid/cfg033_cnn_mnist_topk_b32_rep00_seed1032.pt
mnist,cnn,4633,dpsgd,0.280512951579612,9,3,0,0,32,./checkpoints_grid/cfg035_cnn_mnist_dpsgd_b32_rep00_seed1092.pt
mnist,cnn,4633,randomk,0.05920651161589627,9,0,0,0,32,./checkpoints_grid/cfg037_cnn_mnist_randomk_b32_rep00_seed1152.pt
mnist,cnn,4633,qsgd,0.060901525886186254,9,0,0,0,32,./checkpoints_grid/cfg039_cnn_mnist_qsgd_b32_rep00_seed1212.pt
mnist,cnn,4897,none,0.09036461071073229,6,6,1,0,32,./checkpoints_grid/cfg031_cnn_mnist_none_b32_rep00_seed972.pt
mnist,cnn,4897,topk,0.06967728004878565,6,6,1,0,32,./checkpoints_grid/cfg033_cnn_mnist_topk_b32_rep00_seed1032.pt
mnist,cnn,4897,dpsgd,0.3579438769070602,6,6,1,0,32,./checkpoints_grid/cfg035_cnn_mnist_dpsgd_b32_rep00_seed1092.pt
mnist,cnn,4897,randomk,,6,1,0,0,32,./checkpoints_grid/cfg037_cnn_mnist_randomk_b32_rep00_seed1152.pt
mnist,cnn,4897,qsgd,0.0939585149418799,6,0,0,0,32,./checkpoints_grid/cfg039_cnn_mnist_qsgd_b32_rep00_seed1212.pt
mnist,cnn,5595,none,1.3741612798623641,2,2,1,0,32,./checkpoints_grid/cfg031_cnn_mnist_none_b32_rep00_seed972.pt
mnist,cnn,5595,topk,1.5868524340603498,2,2,1,0,32,./checkpoints_grid/cfg033_cnn_mnist_topk_b32_rep00_seed1032.pt
mnist,cnn,5595,dpsgd,0.32408946402422767,2,7,0,0,32,./checkpoints_grid/cfg035_cnn_mnist_dpsgd_b32_rep00_seed1092.pt
mnist,cnn,5595,randomk,0.1366742337353585,2,0,0,0,32,./checkpoints_grid/cfg037_cnn_mnist_randomk_b32_rep00_seed1152.pt
mnist,cnn,5595,qsgd,0.14016562820227152,2,0,0,0,32,./checkpoints_grid/cfg039_cnn_mnist_qsgd_b32_rep00_seed1212.pt
mnist,cnn,6419,none,,1,1,1,0,32,./checkpoints_grid/cfg031_cnn_mnist_none_b32_rep00_seed972.pt
mnist,cnn,6419,topk,0.055630454862597246,1,1,1,0,32,./checkpoints_grid/cfg033_cnn_mnist_topk_b32_rep00_seed1032.pt
mnist,cnn,6419,dpsgd,0.23753289134267433,1,8,0,0,32,./checkpoints_grid/cfg035_cnn_mnist_dpsgd_b32_rep00_seed1092.pt
mnist,cnn,6419,randomk,0.057835998704023686,1,0,0,0,32,./checkpoints_grid/cfg037_cnn_mnist_randomk_b32_rep00_seed1152.pt
mnist,cnn,6419,qsgd,0.062122359050990464,1,0,0,0,32,./checkpoints_grid/cfg039_cnn_mnist_qsgd_b32_rep00_seed1212.pt
mnist,cnn,6518,none,0.09576206636761367,5,5,1,0,32,./checkpoints_grid/cfg031_cnn_mnist_none_b32_rep00_seed972.pt
mnist,cnn,6518,topk,1.774502508875459,5,5,1,0,32,./checkpoints_grid/cfg033_cnn_mnist_topk_b32_rep00_seed1032.pt
mnist,cnn,6518,dpsgd,0.3056330290730285,5,3,0,0,32,./checkpoints_grid/cfg035_cnn_mnist_dpsgd_b32_rep00_seed1092.pt
mnist,cnn,6518,randomk,1.610198002229122,5,5,1,0,32,./checkpoints_grid/cfg037_cnn_mnist_randomk_b32_rep00_seed1152.pt
mnist,cnn,6518,qsgd,0.09688065913027567,5,0,0,0,32,./checkpoints_grid/cfg039_cnn_mnist_qsgd_b32_rep00_seed1212.pt
mnist,cnn,6729,none,0.054630810391815623,1,1,1,0,32,./checkpoints_grid/cfg031_cnn_mnist_none_b32_rep00_seed972.pt
mnist,cnn,6729,topk,0.06329535128636188,1,1,1,0,32,./checkpoints_grid/cfg033_cnn_mnist_topk_b32_rep00_seed1032.pt
mnist,cnn,6729,dpsgd,0.3054033084343678,1,0,0,0,32,./checkpoints_grid/cfg035_cnn_mnist_dpsgd_b32_rep00_seed1092.pt
mnist,cnn,6729,randomk,0.06540917605782066,1,0,0,0,32,./checkpoints_grid/cfg037_cnn_mnist_randomk_b32_rep00_seed1152.pt
mnist,cnn,6729,qsgd,0.06840652249104366,1,0,0,0,32,./checkpoints_grid/cfg039_cnn_mnist_qsgd_b32_rep00_seed1212.pt
mnist,cnn,6790,none,0.09467311492596456,3,3,1,0,32,./checkpoints_grid/cfg031_cnn_mnist_none_b32_rep00_seed972.pt
mnist,cnn,6790,topk,0.07922009020443593,3,3,1,0,32,./checkpoints_grid/cfg033_cnn_mnist_topk_b32_rep00_seed1032.pt
mnist,cnn,6790,dpsgd,0.2799820152547769,3,7,0,0,32,./checkpoints_grid/cfg035_cnn_mnist_dpsgd_b32_rep00_seed1092.pt
mnist,cnn,6790,randomk,1.552853862680113,3,1,0,0,32,./checkpoints_grid/cfg037_cnn_mnist_randomk_b32_rep00_seed1152.pt
mnist,cnn,6790,qsgd,0.09968482197413346,3,0,0,0,32,./checkpoints_grid/cfg039_cnn_mnist_qsgd_b32_rep00_seed1212.pt
mnist,cnn,6941,none,0.1014555216372273,4,4,1,0,32,./checkpoints_grid/cfg031_cnn_mnist_none_b32_rep00_seed972.pt
mnist,cnn,6941,topk,0.0974484290440113,4,4,1,0,32,./checkpoints_grid/cfg033_cnn_mnist_topk_b32_rep00_seed1032.pt
mnist,cnn,6941,dpsgd,0.287840856218868,4,3,0,0,32,./checkpoints_grid/cfg035_cnn_mnist_dpsgd_b32_rep00_seed1092.pt
mnist,cnn,6941,randomk,0.09975264917446378,4,0,0,0,32,./checkpoints_grid/cfg037_cnn_mnist_randomk_b32_rep00_seed1152.pt
mnist,cnn,6941,qsgd,0.10431395806310471,4,0,0,0,32,./checkpoints_grid/cfg039_cnn_mnist_qsgd_b32_rep00_seed1212.pt
mnist,cnn,7109,none,0.12062122333750078,8,8,1,0,32,./checkpoints_grid/cfg031_cnn_mnist_none_b32_rep00_seed972.pt
mnist,cnn,7109,topk,0.10775560482974768,8,8,1,0,32,./checkpoints_grid/cfg033_cnn_mnist_topk_b32_rep00_seed1032.pt
mnist,cnn,7109,dpsgd,0.36271336665489967,8,4,0,0,32,./checkpoints_grid/cfg035_cnn_mnist_dpsgd_b32_rep00_seed1092.pt
mnist,cnn,7109,randomk,0.11499571964778231,8,0,0,0,32,./checkpoints_grid/cfg037_cnn_mnist_randomk_b32_rep00_seed1152.pt
mnist,cnn,7109,qsgd,0.11565296581817802,8,0,0,0,32,./checkpoints_grid/cfg039_cnn_mnist_qsgd_b32_rep00_seed1212.pt
mnist,cnn,7139,none,0.12204704234857151,0,0,1,0,32,./checkpoints_grid/cfg031_cnn_mnist_none_b32_rep00_seed972.pt
mnist,cnn,7139,topk,0.12242890740176335,0,0,1,0,32,./checkpoints_grid/cfg033_cnn_mnist_topk_b32_rep00_seed1032.pt
mnist,cnn,7139,dpsgd,0.322584539940083,0,7,0,0,32,./checkpoints_grid/cfg035_cnn_mnist_dpsgd_b32_rep00_seed1092.pt
mnist,cnn,7139,randomk,0.1234524405343249,0,0,1,0,32,./checkpoints_grid/cfg037_cnn_mnist_randomk_b32_rep00_seed1152.pt
mnist,cnn,7139,qsgd,0.12210061442407905,0,0,1,0,32,./checkpoints_grid/cfg039_cnn_mnist_qsgd_b32_rep00_seed1212.pt
mnist,cnn,7432,none,2.5334499330965053e-05,7,7,1,0,32,./checkpoints_grid/cfg031_cnn_mnist_none_b32_rep00_seed972.pt
mnist,cnn,7432,topk,0.0014341006622258772,7,7,1,0,32,./checkpoints_grid/cfg033_cnn_mnist_topk_b32_rep00_seed1032.pt
mnist,cnn,7432,dpsgd,0.26288521340090176,7,6,0,0,32,./checkpoints_grid/cfg035_cnn_mnist_dpsgd_b32_rep00_seed1092.pt
mnist,cnn,7432,randomk,0.06579524001902282,7,0,0,0,32,./checkpoints_grid/cfg037_cnn_mnist_randomk_b32_rep00_seed1152.pt
mnist,cnn,7432,qsgd,0.05648977060709377,7,0,0,0,32,./checkpoints_grid/cfg039_cnn_mnist_qsgd_b32_rep00_seed1212.pt
mnist,cnn,7980,none,0.010377230901457856,1,1,1,0,32,./checkpoints_grid/cfg031_cnn_mnist_none_b32_rep00_seed972.pt
mnist,cnn,7980,topk,0.0794257690887221,1,1,1,0,32,./checkpoints_grid/cfg033_cnn_mnist_topk_b32_rep00_seed1032.pt
mnist,cnn,7980,dpsgd,0.29675667264042555,1,6,0,0,32,./checkpoints_grid/cfg035_cnn_mnist_dpsgd_b32_rep00_seed1092.pt
mnist,cnn,7980,randomk,0.07980670031706777,1,0,0,0,32,./checkpoints_grid/cfg037_cnn_mnist_randomk_b32_rep00_seed1152.pt
mnist,cnn,7980,qsgd,0.04484773811514039,1,1,1,0,32,./checkpoints_grid/cfg039_cnn_mnist_qsgd_b32_rep00_seed1212.pt
mnist,cnn,7989,none,0.13467175676403328,0,0,1,0,32,./checkpoints_grid/cfg031_cnn_mnist_none_b32_rep00_seed972.pt
mnist,cnn,7989,topk,0.13542817715922953,0,0,1,0,32,./checkpoints_grid/cfg033_cnn_mnist_topk_b32_rep00_seed1032.pt
mnist,cnn,7989,dpsgd,0.3739260051189045,0,8,0,0,32,./checkpoints_grid/cfg035_cnn_mnist_dpsgd_b32_rep00_seed1092.pt
mnist,cnn,7989,randomk,0.13569717020374966,0,0,1,0,32,./checkpoints_grid/cfg037_cnn_mnist_randomk_b32_rep00_seed1152.pt
mnist,cnn,7989,qsgd,0.13677606085638486,0,0,1,0,32,./checkpoints_grid/cfg039_cnn_mnist_qsgd_b32_rep00_seed1212.pt
mnist,cnn,8310,none,1.6023920157485303,2,2,1,0,32,./checkpoints_grid/cfg031_cnn_mnist_none_b32_rep00_seed972.pt
mnist,cnn,8310,topk,0.08518048033369581,2,2,1,0,32,./checkpoints_grid/cfg033_cnn_mnist_topk_b32_rep00_seed1032.pt
mnist,cnn,8310,dpsgd,0.3230328800629965,2,3,0,0,32,./checkpoints_grid/cfg035_cnn_mnist_dpsgd_b32_rep00_seed1092.pt
mnist,cnn,8310,randomk,1.5055188772174983,2,2,1,0,32,./checkpoints_grid/cfg037_cnn_mnist_randomk_b32_rep00_seed1152.pt
mnist,cnn,8310,qsgd,0.09908175470716364,2,0,0,0,32,./checkpoints_grid/cfg039_cnn_mnist_qsgd_b32_rep00_seed1212.pt
mnist,cnn,8901,none,0.12589302524616253,6,6,1,0,32,./checkpoints_grid/cfg031_cnn_mnist_none_b32_rep00_seed972.pt
mnist,cnn,8901,topk,0.10978709393593968,6,6,1,0,32,./checkpoints_grid/cfg033_cnn_mnist_topk_b32_rep00_seed1032.pt
mnist,cnn,8901,dpsgd,0.31047340698574166,6,4,0,0,32,./checkpoints_grid/cfg035_cnn_mnist_dpsgd_b32_rep00_seed1092.pt
mnist,cnn,8901,randomk,0.12708646997916526,6,0,0,0,32,./checkpoints_grid/cfg037_cnn_mnist_randomk_b32_rep00_seed1152.pt
mnist,cnn,8901,qsgd,1.5580193799586035,6,0,0,0,32,./checkpoints_grid/cfg039_cnn_mnist_qsgd_b32_rep00_seed1212.pt
mnist,cnn,9098,none,0.12679746580078521,4,4,1,0,32,./checkpoints_grid/cfg031_cnn_mnist_none_b32_rep00_seed972.pt
mnist,cnn,9098,topk,0.13021245539770424,4,4,1,0,32,./checkpoints_grid/cfg033_cnn_mnist_topk_b32_rep00_seed1032.pt
mnist,cnn,9098,dpsgd,0.33902529490935107,4,1,0,0,32,./checkpoints_grid/cfg035_cnn_mnist_dpsgd_b32_rep00_seed1092.pt
mnist,cnn,9098,randomk,0.12937722991514675,4,0,0,0,32,./checkpoints_grid/cfg037_cnn_mnist_randomk_b32_rep00_seed1152.pt
mnist,cnn,9098,qsgd,0.1328940434407463,4,0,0,0,32,./checkpoints_grid/cfg039_cnn_mnist_qsgd_b32_rep00_seed1212.pt
mnist,vit,817,none,1.5634331882357262,6,6,1,0,32,./checkpoints_grid/cfg061_vit_mnist_none_b32_rep00_seed1872.pt
mnist,vit,817,topk,1.6026465726526111,6,6,1,0,32,./checkpoints_grid/cfg063_vit_mnist_topk_b32_rep00_seed1932.pt
mnist,vit,817,dpsgd,1.5715249006277285,6,5,0,0,32,./checkpoints_grid/cfg065_vit_mnist_dpsgd_b32_rep00_seed1992.pt
mnist,vit,817,randomk,1.6558096376073792,6,0,0,0,32,./checkpoints_grid/cfg067_vit_mnist_randomk_b32_rep00_seed2052.pt
mnist,vit,817,qsgd,1.5947655872346584,6,0,0,0,32,./checkpoints_grid/cfg069_vit_mnist_qsgd_b32_rep00_seed2112.pt
mnist,vit,878,none,0.3187326571045423,8,8,1,0,32,./checkpoints_grid/cfg061_vit_mnist_none_b32_rep00_seed1872.pt
mnist,vit,878,topk,1.6841921417262813,8,8,1,0,32,./checkpoints_grid/cfg063_vit_mnist_topk_b32_rep00_seed1932.pt
mnist,vit,878,dpsgd,1.6843497469072541,8,2,0,0,32,./checkpoints_grid/cfg065_vit_mnist_dpsgd_b32_rep00_seed1992.pt
mnist,vit,878,randomk,1.6252249469032107,8,0,0,0,32,./checkpoints_grid/cfg067_vit_mnist_randomk_b32_rep00_seed2052.pt
mnist,vit,878,qsgd,0.30412251209209584,8,8,1,0,32,./checkpoints_grid/cfg069_vit_mnist_qsgd_b32_rep00_seed2112.pt
mnist,vit,970,none,0.12055719954769217,5,5,1,0,32,./checkpoints_grid/cfg061_vit_mnist_none_b32_rep00_seed1872.pt
mnist,vit,970,topk,0.20564813933015408,5,5,1,0,32,./checkpoints_grid/cfg063_vit_mnist_topk_b32_rep00_seed1932.pt
mnist,vit,970,dpsgd,1.6028579418625368,5,3,0,0,32,./checkpoints_grid/cfg065_vit_mnist_dpsgd_b32_rep00_seed1992.pt
mnist,vit,970,randomk,1.5730814893049614,5,0,0,0,32,./checkpoints_grid/cfg067_vit_mnist_randomk_b32_rep00_seed2052.pt
mnist,vit,970,qsgd,1.6121262048658556,5,0,0,0,32,./checkpoints_grid/cfg069_vit_mnist_qsgd_b32_rep00_seed2112.pt
mnist,vit,1171,none,0.17151952791514802,7,7,1,0,32,./checkpoints_grid/cfg061_vit_mnist_none_b32_rep00_seed1872.pt
mnist,vit,1171,topk,1.5585653651932094,7,7,1,0,32,./checkpoints_grid/cfg063_vit_mnist_topk_b32_rep00_seed1932.pt
mnist,vit,1171,dpsgd,1.5902056955887518,7,5,0,0,32,./checkpoints_grid/cfg065_vit_mnist_dpsgd_b32_rep00_seed1992.pt
mnist,vit,1171,randomk,1.5747670108611136,7,1,0,0,32,./checkpoints_grid/cfg067_vit_mnist_randomk_b32_rep00_seed2052.pt
mnist,vit,1171,qsgd,0.7028788998924833,7,0,0,0,32,./checkpoints_grid/cfg069_vit_mnist_qsgd_b32_rep00_seed2112.pt
mnist,vit,1289,none,0.1629844849028971,5,5,1,0,32,./checkpoints_grid/cfg061_vit_mnist_none_b32_rep00_seed1872.pt
mnist,vit,1289,topk,0.1697887630869493,5,5,1,0,32,./checkpoints_grid/cfg063_vit_mnist_topk_b32_rep00_seed1932.pt
mnist,vit,1289,dpsgd,1.5792905276558598,5,2,0,0,32,./checkpoints_grid/cfg065_vit_mnist_dpsgd_b32_rep00_seed1992.pt
mnist,vit,1289,randomk,1.558720990369363,5,0,0,0,32,./checkpoints_grid/cfg067_vit_mnist_randomk_b32_rep00_seed2052.pt
mnist,vit,1289,qsgd,1.5564263796077398,5,0,0,0,32,./checkpoints_grid/cfg069_vit_mnist_qsgd_b32_rep00_seed2112.pt
mnist,vit,1798,none,0.2147357404458186,3,3,1,0,32,./checkpoints_grid/cfg061_vit_mnist_none_b32_rep00_seed1872.pt
mnist,vit,1798,topk,0.30943050326629995,3,3,1,0,32,./checkpoints_grid/cfg063_vit_mnist_topk_b32_rep00_seed1932.pt
mnist,vit,1798,dpsgd,1.5984466207749717,3,5,0,0,32,./checkpoints_grid/cfg065_vit_mnist_dpsgd_b32_rep00_seed1992.pt
mnist,vit,1798,randomk,1.624254946241738,3,0,0,0,32,./checkpoints_grid/cfg067_vit_mnist_randomk_b32_rep00_seed2052.pt
mnist,vit,1798,qsgd,1.6660138147158332,3,1,0,0,32,./checkpoints_grid/cfg069_vit_mnist_qsgd_b32_rep00_seed2112.pt
mnist,vit,2218,none,0.15554814776104636,4,4,1,0,32,./checkpoints_grid/cfg061_vit_mnist_none_b32_rep00_seed1872.pt
mnist,vit,2218,topk,1.5622325180974401,4,4,1,0,32,./checkpoints_grid/cfg063_vit_mnist_topk_b32_rep00_seed1932.pt
mnist,vit,2218,dpsgd,1.5939477682518575,4,0,0,0,32,./checkpoints_grid/cfg065_vit_mnist_dpsgd_b32_rep00_seed1992.pt
mnist,vit,2218,randomk,1.625919715726754,4,0,0,0,32,./checkpoints_grid/cfg067_vit_mnist_randomk_b32_rep00_seed2052.pt
mnist,vit,2218,qsgd,1.5625890489179084,4,0,0,0,32,./checkpoints_grid/cfg069_vit_mnist_qsgd_b32_rep00_seed2112.pt
mnist,vit,2255,none,0.1393678778539184,3,3,1,0,32,./checkpoints_grid/cfg061_vit_mnist_none_b32_rep00_seed1872.pt
mnist,vit,2255,topk,1.5716438101218115,3,3,1,0,32,./checkpoints_grid/cfg063_vit_mnist_topk_b32_rep00_seed1932.pt
mnist,vit,2255,dpsgd,1.6167871170015196,3,4,0,0,32,./checkpoints_grid/cfg065_vit_mnist_dpsgd_b32_rep00_seed1992.pt
mnist,vit,2255,randomk,1.6177435364400643,3,0,0,0,32,./checkpoints_grid/cfg067_vit_mnist_randomk_b32_rep00_seed2052.pt
mnist,vit,2255,qsgd,0.3847810172331506,3,0,0,0,32,./checkpoints_grid/cfg069_vit_mnist_qsgd_b32_rep00_seed2112.pt
mnist,vit,2536,none,1.6716747143776804,0,0,1,0,32,./checkpoints_grid/cfg061_vit_mnist_none_b32_rep00_seed1872.pt
mnist,vit,2536,topk,1.556188037327222,0,0,1,0,32,./checkpoints_grid/cfg063_vit_mnist_topk_b32_rep00_seed1932.pt
mnist,vit,2536,dpsgd,1.7078031317029758,0,6,0,0,32,./checkpoints_grid/cfg065_vit_mnist_dpsgd_b32_rep00_seed1992.pt
mnist,vit,2536,randomk,1.7556235423512363,0,0,1,0,32,./checkpoints_grid/cfg067_vit_mnist_randomk_b32_rep00_seed2052.pt
mnist,vit,2536,qsgd,1.6680232080373607,0,0,1,0,32,./checkpoints_grid/cfg069_vit_mnist_qsgd_b32_rep00_seed2112.pt
mnist,vit,3225,none,1.3979507917080458,7,7,1,0,32,./checkpoints_grid/cfg061_vit_mnist_none_b32_rep00_seed1872.pt
mnist,vit,3225,topk,1.4980171387128924,7,7,1,0,32,./checkpoints_grid/cfg063_vit_mnist_topk_b32_rep00_seed1932.pt
mnist,vit,3225,dpsgd,1.5420090146636738,7,1,0,0,32,./checkpoints_grid/cfg065_vit_mnist_dpsgd_b32_rep00_seed1992.pt
mnist,vit,3225,randomk,1.5414841720114327,7,0,0,0,32,./checkpoints_grid/cfg067_vit_mnist_randomk_b32_rep00_seed2052.pt
mnist,vit,3225,qsgd,1.527754035788641,7,0,0,0,32,./checkpoints_grid/cfg069_vit_mnist_qsgd_b32_rep00_seed2112.pt
mnist,vit,3260,none,0.2512154617955441,2,2,1,0,32,./checkpoints_grid/cfg061_vit_mnist_none_b32_rep00_seed1872.pt
mnist,vit,3260,topk,1.5840475947029387,2,2,1,0,32,./checkpoints_grid/cfg063_vit_mnist_topk_b32_rep00_seed1932.pt
mnist,vit,3260,dpsgd,1.6697439115096446,2,3,0,0,32,./checkpoints_grid/cfg065_vit_mnist_dpsgd_b32_rep00_seed1992.pt
mnist,vit,3260,randomk,1.6668403647212047,2,0,0,0,32,./checkpoints_grid/cfg067_vit_mnist_randomk_b32_rep00_seed2052.pt
mnist,vit,3260,qsgd,1.7078580658171743,2,0,0,0,32,./checkpoints_grid/cfg069_vit_mnist_qsgd_b32_rep00_seed2112.pt
mnist,vit,3592,none,0.10631208053558142,9,9,1,0,32,./checkpoints_grid/cfg061_vit_mnist_none_b32_rep00_seed1872.pt
mnist,vit,3592,topk,0.1416624367718246,9,9,1,0,32,./checkpoints_grid/cfg063_vit_mnist_topk_b32_rep00_seed1932.pt
mnist,vit,3592,dpsgd,1.629098127871482,9,3,0,0,32,./checkpoints_grid/cfg065_vit_mnist_dpsgd_b32_rep00_seed1992.pt
mnist,vit,3592,randomk,1.5451602617266444,9,1,0,0,32,./checkpoints_grid/cfg067_vit_mnist_randomk_b32_rep00_seed2052.pt
mnist,vit,3592,qsgd,1.5545437139254052,9,0,0,0,32,./checkpoints_grid/cfg069_vit_mnist_qsgd_b32_rep00_seed2112.pt
mnist,vit,3964,none,1.6394109373061854,8,8,1,0,32,./checkpoints_grid/cfg061_vit_mnist_none_b32_rep00_seed1872.pt
mnist,vit,3964,topk,0.24028921991210989,8,8,1,0,32,./checkpoints_grid/cfg063_vit_mnist_topk_b32_rep00_seed1932.pt
mnist,vit,3964,dpsgd,1.6224653903381918,8,0,0,0,32,./checkpoints_grid/cfg065_vit_mnist_dpsgd_b32_rep00_seed1992.pt
mnist,vit,3964,randomk,1.6166659120443028,8,0,0,0,32,./checkpoints_grid/cfg067_vit_mnist_randomk_b32_rep00_seed2052.pt
mnist,vit,3964,qsgd,1.6363619484739813,8,0,0,0,32,./checkpoints_grid/cfg069_vit_mnist_qsgd_b32_rep00_seed2112.pt
mnist,vit,4556,none,1.5690911453499996,9,9,1,0,32,./checkpoints_grid/cfg061_vit_mnist_none_b32_rep00_seed1872.pt
mnist,vit,4556,topk,1.5651901960127914,9,9,1,0,32,./checkpoints_grid/cfg063_vit_mnist_topk_b32_rep00_seed1932.pt
mnist,vit,4556,dpsgd,1.590766225811002,9,6,0,0,32,./checkpoints_grid/cfg065_vit_mnist_dpsgd_b32_rep00_seed1992.pt
mnist,vit,4556,randomk,1.5926600007847997,9,9,1,0,32,./checkpoints_grid/cfg067_vit_mnist_randomk_b32_rep00_seed2052.pt
mnist,vit,4556,qsgd,1.544825791789999,9,9,1,0,32,./checkpoints_grid/cfg069_vit_mnist_qsgd_b32_rep00_seed2112.pt
mnist,vit,4633,none,0.12769092548667912,9,9,1,0,32,./checkpoints_grid/cfg061_vit_mnist_none_b32_rep00_seed1872.pt
mnist,vit,4633,topk,1.548971889531987,9,9,1,0,32,./checkpoints_grid/cfg063_vit_mnist_topk_b32_rep00_seed1932.pt
mnist,vit,4633,dpsgd,1.5922860948219115,9,4,0,0,32,./checkpoints_grid/cfg065_vit_mnist_dpsgd_b32_rep00_seed1992.pt
mnist,vit,4633,randomk,1.6095842372393765,9,0,0,0,32,./checkpoints_grid/cfg067_vit_mnist_randomk_b32_rep00_seed2052.pt
mnist,vit,4633,qsgd,1.6143885852719462,9,9,1,0,32,./checkpoints_grid/cfg069_vit_mnist_qsgd_b32_rep00_seed2112.pt
mnist,vit,4897,none,1.6338247712692893,6,6,1,0,32,./checkpoints_grid/cfg061_vit_mnist_none_b32_rep00_seed1872.pt
mnist,vit,4897,topk,1.5739558397100677,6,6,1,0,32,./checkpoints_grid/cfg063_vit_mnist_topk_b32_rep00_seed1932.pt
mnist,vit,4897,dpsgd,1.6639725217517525,6,5,0,0,32,./checkpoints_grid/cfg065_vit_mnist_dpsgd_b32_rep00_seed1992.pt
mnist,vit,4897,randomk,1.6131431369984117,6,6,1,0,32,./checkpoints_grid/cfg067_vit_mnist_randomk_b32_rep00_seed2052.pt
mnist,vit,4897,qsgd,1.6016230349783378,6,0,0,0,32,./checkpoints_grid/cfg069_vit_mnist_qsgd_b32_rep00_seed2112.pt
mnist,vit,5595,none,0.2709912535726223,2,2,1,0,32,./checkpoints_grid/cfg061_vit_mnist_none_b32_rep00_seed1872.pt
mnist,vit,5595,topk,1.5906951265178049,2,2,1,0,32,./checkpoints_grid/cfg063_vit_mnist_topk_b32_rep00_seed1932.pt
mnist,vit,5595,dpsgd,1.7337281271445184,2,8,0,0,32,./checkpoints_grid/cfg065_vit_mnist_dpsgd_b32_rep00_seed1992.pt
mnist,vit,5595,randomk,1.6355211012220439,2,2,1,0,32,./checkpoints_grid/cfg067_vit_mnist_randomk_b32_rep00_seed2052.pt
mnist,vit,5595,qsgd,1.635122053178762,2,0,0,0,32,./checkpoints_grid/cfg069_vit_mnist_qsgd_b32_rep00_seed2112.pt
mnist,vit,6419,none,1.5781400668277334,1,1,1,0,32,./checkpoints_grid/cfg061_vit_mnist_none_b32_rep00_seed1872.pt
mnist,vit,6419,topk,1.6008510303114947,1,1,1,0,32,./checkpoints_grid/cfg063_vit_mnist_topk_b32_rep00_seed1932.pt
mnist,vit,6419,dpsgd,1.613556855668484,1,2,0,0,32,./checkpoints_grid/cfg065_vit_mnist_dpsgd_b32_rep00_seed1992.pt
mnist,vit,6419,randomk,0.5423871702451966,1,0,0,0,32,./checkpoints_grid/cfg067_vit_mnist_randomk_b32_rep00_seed2052.pt
mnist,vit,6419,qsgd,1.5713620152296224,1,1,1,0,32,./checkpoints_grid/cfg069_vit_mnist_qsgd_b32_rep00_seed2112.pt
mnist,vit,6518,none,1.6366495768841032,5,5,1,0,32,./checkpoints_grid/cfg061_vit_mnist_none_b32_rep00_seed1872.pt
mnist,vit,6518,topk,1.6245718731199827,5,5,1,0,32,./checkpoints_grid/cfg063_vit_mnist_topk_b32_rep00_seed1932.pt
mnist,vit,6518,dpsgd,1.6358207408765522,5,1,0,0,32,./checkpoints_grid/cfg065_vit_mnist_dpsgd_b32_rep00_seed1992.pt
mnist,vit,6518,randomk,1.6598819311145232,5,0,0,0,32,./checkpoints_grid/cfg067_vit_mnist_randomk_b32_rep00_seed2052.pt
mnist,vit,6518,qsgd,1.636373815191858,5,5,1,0,32,./checkpoints_grid/cfg069_vit_mnist_qsgd_b32_rep00_seed2112.pt
mnist,vit,6729,none,1.6286791177707407,1,1,1,0,32,./checkpoints_grid/cfg061_vit_mnist_none_b32_rep00_seed1872.pt
mnist,vit,6729,topk,0.14574151440861863,1,1,1,0,32,./checkpoints_grid/cfg063_vit_mnist_topk_b32_rep00_seed1932.pt
mnist,vit,6729,dpsgd,1.5845527371505586,1,3,0,0,32,./checkpoints_grid/cfg065_vit_mnist_dpsgd_b32_rep00_seed1992.pt
mnist,vit,6729,randomk,0.23730103281675216,1,0,0,0,32,./checkpoints_grid/cfg067_vit_mnist_randomk_b32_rep00_seed2052.pt
mnist,vit,6729,qsgd,1.5762831788670029,1,1,1,0,32,./checkpoints_grid/cfg069_vit_mnist_qsgd_b32_rep00_seed2112.pt
mnist,vit,6790,none,1.5122052721396746,3,3,1,0,32,./checkpoints_grid/cfg061_vit_mnist_none_b32_rep00_seed1872.pt
mnist,vit,6790,topk,1.5698906159444608,3,3,1,0,32,./checkpoints_grid/cfg063_vit_mnist_topk_b32_rep00_seed1932.pt
mnist,vit,6790,dpsgd,1.5631591069528497,3,7,0,0,32,./checkpoints_grid/cfg065_vit_mnist_dpsgd_b32_rep00_seed1992.pt
mnist,vit,6790,randomk,1.6038758586338457,3,0,0,0,32,./checkpoints_grid/cfg067_vit_mnist_randomk_b32_rep00_seed2052.pt
mnist,vit,6790,qsgd,1.5562834096106573,3,3,1,0,32,./checkpoints_grid/cfg069_vit_mnist_qsgd_b32_rep00_seed2112.pt
mnist,vit,6941,none,1.5814544497563563,4,4,1,0,32,./checkpoints_grid/cfg061_vit_mnist_none_b32_rep00_seed1872.pt
mnist,vit,6941,topk,0.2276566901920611,4,4,1,0,32,./checkpoints_grid/cfg063_vit_mnist_topk_b32_rep00_seed1932.pt
mnist,vit,6941,dpsgd,1.6141205200983666,4,0,0,0,32,./checkpoints_grid/cfg065_vit_mnist_dpsgd_b32_rep00_seed1992.pt
mnist,vit,6941,randomk,1.5863109755127167,4,0,0,0,32,./checkpoints_grid/cfg067_vit_mnist_randomk_b32_rep00_seed2052.pt
mnist,vit,6941,qsgd,1.2748404814433814,4,0,0,0,32,./checkpoints_grid/cfg069_vit_mnist_qsgd_b32_rep00_seed2112.pt
mnist,vit,7109,none,1.5699439268757212,8,8,1,0,32,./checkpoints_grid/cfg061_vit_mnist_none_b32_rep00_seed1872.pt
mnist,vit,7109,topk,1.6248774792352176,8,8,1,0,32,./checkpoints_grid/cfg063_vit_mnist_topk_b32_rep00_seed1932.pt
mnist,vit,7109,dpsgd,1.6092654750609707,8,5,0,0,32,./checkpoints_grid/cfg065_vit_mnist_dpsgd_b32_rep00_seed1992.pt
mnist,vit,7109,randomk,1.6439873213452312,8,0,0,0,32,./checkpoints_grid/cfg067_vit_mnist_randomk_b32_rep00_seed2052.pt
mnist,vit,7109,qsgd,0.19596284590246935,8,8,1,0,32,./checkpoints_grid/cfg069_vit_mnist_qsgd_b32_rep00_seed2112.pt
mnist,vit,7139,none,0.2934577158761051,0,0,1,0,32,./checkpoints_grid/cfg061_vit_mnist_none_b32_rep00_seed1872.pt
mnist,vit,7139,topk,1.6105989834045362,0,0,1,0,32,./checkpoints_grid/cfg063_vit_mnist_topk_b32_rep00_seed1932.pt
mnist,vit,7139,dpsgd,1.6805072411693058,0,7,0,0,32,./checkpoints_grid/cfg065_vit_mnist_dpsgd_b32_rep00_seed1992.pt
mnist,vit,7139,randomk,1.6278753297301,0,0,1,0,32,./checkpoints_grid/cfg067_vit_mnist_randomk_b32_rep00_seed2052.pt
mnist,vit,7139,qsgd,1.6624256431411095,0,0,1,0,32,./checkpoints_grid/cfg069_vit_mnist_qsgd_b32_rep00_seed2112.pt
mnist,vit,7432,none,1.596727797262676,7,7,1,0,32,./checkpoints_grid/cfg061_vit_mnist_none_b32_rep00_seed1872.pt
mnist,vit,7432,topk,1.5423200576718756,7,7,1,0,32,./checkpoints_grid/cfg063_vit_mnist_topk_b32_rep00_seed1932.pt
mnist,vit,7432,dpsgd,1.573428390595514,7,2,0,0,32,./checkpoints_grid/cfg065_vit_mnist_dpsgd_b32_rep00_seed1992.pt
mnist,vit,7432,randomk,1.6192628333037407,7,0,0,0,32,./checkpoints_grid/cfg067_vit_mnist_randomk_b32_rep00_seed2052.pt
mnist,vit,7432,qsgd,1.5698706319000393,7,0,0,0,32,./checkpoints_grid/cfg069_vit_mnist_qsgd_b32_rep00_seed2112.pt
mnist,vit,7980,none,1.6042860291416967,1,1,1,0,32,./checkpoints_grid/cfg061_vit_mnist_none_b32_rep00_seed1872.pt
mnist,vit,7980,topk,1.6221206893858449,1,1,1,0,32,./checkpoints_grid/cfg063_vit_mnist_topk_b32_rep00_seed1932.pt
mnist,vit,7980,dpsgd,1.607580652181531,1,5,0,0,32,./checkpoints_grid/cfg065_vit_mnist_dpsgd_b32_rep00_seed1992.pt
mnist,vit,7980,randomk,1.5685771527967938,1,0,0,0,32,./checkpoints_grid/cfg067_vit_mnist_randomk_b32_rep00_seed2052.pt
mnist,vit,7980,qsgd,1.6346067415780767,1,0,0,0,32,./checkpoints_grid/cfg069_vit_mnist_qsgd_b32_rep00_seed2112.pt
mnist,vit,7989,none,0.31728817205704607,0,0,1,0,32,./checkpoints_grid/cfg061_vit_mnist_none_b32_rep00_seed1872.pt
mnist,vit,7989,topk,0.3379138867759191,0,0,1,0,32,./checkpoints_grid/cfg063_vit_mnist_topk_b32_rep00_seed1932.pt
mnist,vit,7989,dpsgd,1.6399851843469362,0,6,0,0,32,./checkpoints_grid/cfg065_vit_mnist_dpsgd_b32_rep00_seed1992.pt
mnist,vit,7989,randomk,1.6164016623422885,0,0,1,0,32,./checkpoints_grid/cfg067_vit_mnist_randomk_b32_rep00_seed2052.pt
mnist,vit,7989,qsgd,0.3222138206607579,0,0,1,0,32,./checkpoints_grid/cfg069_vit_mnist_qsgd_b32_rep00_seed2112.pt
mnist,vit,8310,none,0.2039166280412656,2,2,1,0,32,./checkpoints_grid/cfg061_vit_mnist_none_b32_rep00_seed1872.pt
mnist,vit,8310,topk,0.22373939748162122,2,2,1,0,32,./checkpoints_grid/cfg063_vit_mnist_topk_b32_rep00_seed1932.pt
mnist,vit,8310,dpsgd,1.604848845213477,2,6,0,0,32,./checkpoints_grid/cfg065_vit_mnist_dpsgd_b32_rep00_seed1992.pt
mnist,vit,8310,randomk,1.6735100291919414,2,0,0,0,32,./checkpoints_grid/cfg067_vit_mnist_randomk_b32_rep00_seed2052.pt
mnist,vit,8310,qsgd,1.589549754882452,2,2,1,0,32,./checkpoints_grid/cfg069_vit_mnist_qsgd_b32_rep00_seed2112.pt
mnist,vit,8901,none,1.5892143708364947,6,6,1,0,32,./checkpoints_grid/cfg061_vit_mnist_none_b32_rep00_seed1872.pt
mnist,vit,8901,topk,1.6403640153433683,6,6,1,0,32,./checkpoints_grid/cfg063_vit_mnist_topk_b32_rep00_seed1932.pt
mnist,vit,8901,dpsgd,1.6738369979886458,6,8,0,0,32,./checkpoints_grid/cfg065_vit_mnist_dpsgd_b32_rep00_seed1992.pt
mnist,vit,8901,randomk,1.616323188228296,6,0,0,0,32,./checkpoints_grid/cfg067_vit_mnist_randomk_b32_rep00_seed2052.pt
mnist,vit,8901,qsgd,0.30907421887592434,6,6,1,0,32,./checkpoints_grid/cfg069_vit_mnist_qsgd_b32_rep00_seed2112.pt
mnist,vit,9098,none,0.2747747559346931,4,4,1,0,32,./checkpoints_grid/cfg061_vit_mnist_none_b32_rep00_seed1872.pt
mnist,vit,9098,topk,1.7522844300054525,4,4,1,0,32,./checkpoints_grid/cfg063_vit_mnist_topk_b32_rep00_seed1932.pt
mnist,vit,9098,dpsgd,1.6496747114339145,4,5,0,0,32,./checkpoints_grid/cfg065_vit_mnist_dpsgd_b32_rep00_seed1992.pt
mnist,vit,9098,randomk,1.5852321679599375,4,0,0,0,32,./checkpoints_grid/cfg067_vit_mnist_randomk_b32_rep00_seed2052.pt
mnist,vit,9098,qsgd,1.6694486555511645,4,4,1,0,32,./checkpoints_grid/cfg069_vit_mnist_qsgd_b32_rep00_seed2112.pt
fashion-mnist,mlp,725,none,6.863075867251066e-13,6,6,1,0,32,./checkpoints_grid/cfg011_mlp_fashion_mnist_none_b32_rep00_seed372.pt
fashion-mnist,mlp,725,topk,0.0010270732402205933,6,6,1,0,32,./checkpoints_grid/cfg013_mlp_fashion_mnist_topk_b32_rep00_seed432.pt
fashion-mnist,mlp,725,dpsgd,1.1859808803386938,6,6,1,0,32,./checkpoints_grid/cfg015_mlp_fashion_mnist_dpsgd_b32_rep00_seed492.pt
fashion-mnist,mlp,725,randomk,0.12962403175160989,6,4,0,0,32,./checkpoints_grid/cfg017_mlp_fashion_mnist_randomk_b32_rep00_seed552.pt
fashion-mnist,mlp,725,qsgd,0.04711446612793673,6,6,1,0,32,./checkpoints_grid/cfg019_mlp_fashion_mnist_qsgd_b32_rep00_seed612.pt
fashion-mnist,mlp,818,none,0.11530613962320936,8,8,1,0,32,./checkpoints_grid/cfg011_mlp_fashion_mnist_none_b32_rep00_seed372.pt
fashion-mnist,mlp,818,topk,0.11784501112328989,8,8,1,0,32,./checkpoints_grid/cfg013_mlp_fashion_mnist_topk_b32_rep00_seed432.pt
fashion-mnist,mlp,818,dpsgd,1.4063303613861575,8,0,0,0,32,./checkpoints_grid/cfg015_mlp_fashion_mnist_dpsgd_b32_rep00_seed492.pt
fashion-mnist,mlp,818,randomk,0.12001366146157409,8,0,0,0,32,./checkpoints_grid/cfg017_mlp_fashion_mnist_randomk_b32_rep00_seed552.pt
fashion-mnist,mlp,818,qsgd,0.10161959919683118,8,8,1,0,32,./checkpoints_grid/cfg019_mlp_fashion_mnist_qsgd_b32_rep00_seed612.pt
fashion-mnist,mlp,1051,none,0.9326653845693901,5,5,1,0,32,./checkpoints_grid/cfg011_mlp_fashion_mnist_none_b32_rep00_seed372.pt
fashion-mnist,mlp,1051,topk,0.005492309858230434,5,5,1,0,32,./checkpoints_grid/cfg013_mlp_fashion_mnist_topk_b32_rep00_seed432.pt
fashion-mnist,mlp,1051,dpsgd,1.3618337758556354,5,0,0,0,32,./checkpoints_grid/cfg015_mlp_fashion_mnist_dpsgd_b32_rep00_seed492.pt
fashion-mnist,mlp,1051,randomk,0.14339828890543485,5,0,0,0,32,./checkpoints_grid/cfg017_mlp_fashion_mnist_randomk_b32_rep00_seed552.pt
fashion-mnist,mlp,1051,qsgd,0.03890883233312889,5,5,1,0,32,./checkpoints_grid/cfg019_mlp_fashion_mnist_qsgd_b32_rep00_seed612.pt
fashion-mnist,mlp,1195,none,5.455882684410839e-11,7,7,1,0,32,./checkpoints_grid/cfg011_mlp_fashion_mnist_none_b32_rep00_seed372.pt
fashion-mnist,mlp,1195,topk,0.09665195104292293,7,7,1,0,32,./checkpoints_grid/cfg013_mlp_fashion_mnist_topk_b32_rep00_seed432.pt
fashion-mnist,mlp,1195,dpsgd,1.1335829698412447,7,4,0,0,32,./checkpoints_grid/cfg015_mlp_fashion_mnist_dpsgd_b32_rep00_seed492.pt
fashion-mnist,mlp,1195,randomk,0.10768871607701427,7,0,0,0,32,./checkpoints_grid/cfg017_mlp_fashion_mnist_randomk_b32_rep00_seed552.pt
fashion-mnist,mlp,1195,qsgd,0.10634715708065304,7,0,0,0,32,./checkpoints_grid/cfg019_mlp_fashion_mnist_qsgd_b32_rep00_seed612.pt
fashion-mnist,mlp,1384,none,0.0747431086939946,5,5,1,0,32,./checkpoints_grid/cfg011_mlp_fashion_mnist_none_b32_rep00_seed372.pt
fashion-mnist,mlp,1384,topk,0.0775676691446782,5,5,1,0,32,./checkpoints_grid/cfg013_mlp_fashion_mnist_topk_b32_rep00_seed432.pt
fashion-mnist,mlp,1384,dpsgd,1.1678222388551736,5,4,0,0,32,./checkpoints_grid/cfg015_mlp_fashion_mnist_dpsgd_b32_rep00_seed492.pt
fashion-mnist,mlp,1384,randomk,0.07868723868384879,5,0,0,0,32,./checkpoints_grid/cfg017_mlp_fashion_mnist_randomk_b32_rep00_seed552.pt
fashion-mnist,mlp,1384,qsgd,0.06435367436970024,5,5,1,0,32,./checkpoints_grid/cfg019_mlp_fashion_mnist_qsgd_b32_rep00_seed612.pt
fashion-mnist,mlp,1972,none,1.9867053630564424,3,3,1,0,32,./checkpoints_grid/cfg011_mlp_fashion_mnist_none_b32_rep00_seed372.pt
fashion-mnist,mlp,1972,topk,0.0009312912005291564,3,3,1,0,32,./checkpoints_grid/cfg013_mlp_fashion_mnist_topk_b32_rep00_seed432.pt
fashion-mnist,mlp,1972,dpsgd,1.8845665048726714,3,2,0,0,32,./checkpoints_grid/cfg015_mlp_fashion_mnist_dpsgd_b32_rep00_seed492.pt
fashion-mnist,mlp,1972,randomk,0.14828032641084032,3,1,0,0,32,./checkpoints_grid/cfg017_mlp_fashion_mnist_randomk_b32_rep00_seed552.pt
fashion-mnist,mlp,1972,qsgd,0.20495433599331095,3,0,0,0,32,./checkpoints_grid/cfg019_mlp_fashion_mnist_qsgd_b32_rep00_seed612.pt
fashion-mnist,mlp,2284,none,1.2517560684133913e-12,4,4,1,0,32,./checkpoints_grid/cfg011_mlp_fashion_mnist_none_b32_rep00_seed372.pt
fashion-mnist,mlp,2284,topk,0.000960082397635568,4,4,1,0,32,./checkpoints_grid/cfg013_mlp_fashion_mnist_topk_b32_rep00_seed432.pt
fashion-mnist,mlp,2284,dpsgd,2.121476885497036,4,2,0,0,32,./checkpoints_grid/cfg015_mlp_fashion_mnist_dpsgd_b32_rep00_seed492.pt
fashion-mnist,mlp,2284,randomk,0.12097011922264762,4,0,0,0,32,./checkpoints_grid/cfg017_mlp_fashion_mnist_randomk_b32_rep00_seed552.pt
fashion-mnist,mlp,2284,qsgd,2.083473234676687,4,0,0,0,32,./checkpoints_grid/cfg019_mlp_fashion_mnist_qsgd_b32_rep00_seed612.pt
fashion-mnist,mlp,2308,none,3.039158890536248e-11,0,0,1,0,32,./checkpoints_grid/cfg011_mlp_fashion_mnist_none_b32_rep00_seed372.pt
fashion-mnist,mlp,2308,topk,0.001195675650434089,0,0,1,0,32,./checkpoints_grid/cfg013_mlp_fashion_mnist_topk_b32_rep00_seed432.pt
fashion-mnist,mlp,2308,dpsgd,1.1836107614796127,0,8,0,0,32,./checkpoints_grid/cfg015_mlp_fashion_mnist_dpsgd_b32_rep00_seed492.pt
fashion-mnist,mlp,2308,randomk,0.059827798785486115,0,0,1,0,32,./checkpoints_grid/cfg017_mlp_fashion_mnist_randomk_b32_rep00_seed552.pt
fashion-mnist,mlp,2308,qsgd,0.015276994481213519,0,0,1,0,32,./checkpoints_grid/cfg019_mlp_fashion_mnist_qsgd_b32_rep00_seed612.pt
fashion-mnist,mlp,2312,none,3.0234925546404557e-07,3,3,1,0,32,./checkpoints_grid/cfg011_mlp_fashion_mnist_none_b32_rep00_seed372.pt
fashion-mnist,mlp,2312,topk,0.0014048059881898536,3,3,1,0,32,./checkpoints_grid/cfg013_mlp_fashion_mnist_topk_b32_rep00_seed432.pt
fashion-mnist,mlp,2312,dpsgd,1.1766129023368666,3,2,0,0,32,./checkpoints_grid/cfg015_mlp_fashion_mnist_dpsgd_b32_rep00_seed492.pt
fashion-mnist,mlp,2312,randomk,0.07060197725354589,3,0,0,0,32,./checkpoints_grid/cfg017_mlp_fashion_mnist_randomk_b32_rep00_seed552.pt
fashion-mnist,mlp,2312,qsgd,0.01679850414132614,3,3,1,0,32,./checkpoints_grid/cfg019_mlp_fashion_mnist_qsgd_b32_rep00_seed612.pt
fashion-mnist,mlp,3214,none,3.5301126251188697e-11,7,7,1,0,32,./checkpoints_grid/cfg011_mlp_fashion_mnist_none_b32_rep00_seed372.pt
fashion-mnist,mlp,3214,topk,0.10178578535403114,7,7,1,0,32,./checkpoints_grid/cfg013_mlp_fashion_mnist_topk_b32_rep00_seed432.pt
fashion-mnist,mlp,3214,dpsgd,1.2692262494330182,7,5,0,0,32,./checkpoints_grid/cfg015_mlp_fashion_mnist_dpsgd_b32_rep00_seed492.pt
fashion-mnist,mlp,3214,randomk,0.10944878287739444,7,0,0,0,32,./checkpoints_grid/cfg017_mlp_fashion_mnist_randomk_b32_rep00_seed552.pt
fashion-mnist,mlp,3214,qsgd,0.10719630556387667,7,0,0,0,32,./checkpoints_grid/cfg019_mlp_fashion_mnist_qsgd_b32_rep00_seed612.pt
fashion-mnist,mlp,3240,none,3.037049070281237e-13,2,2,1,0,32,./checkpoints_grid/cfg011_mlp_fashion_mnist_none_b32_rep00_seed372.pt
fashion-mnist,mlp,3240,topk,0.0010791437621221842,2,2,1,0,32,./checkpoints_grid/cfg013_mlp_fashion_mnist_topk_b32_rep00_seed432.pt
fashion-mnist,mlp,3240,dpsgd,2.115162300391574,2,2,1,0,32,./checkpoints_grid/cfg015_mlp_fashion_mnist_dpsgd_b32_rep00_seed492.pt
fashion-mnist,mlp,3240,randomk,0.10151469941850061,2,0,0,0,32,./checkpoints_grid/cfg017_mlp_fashion_mnist_randomk_b32_rep00_seed552.pt
fashion-mnist,mlp,3240,qsgd,0.04082977808153736,2,2,1,0,32,./checkpoints_grid/cfg019_mlp_fashion_mnist_qsgd_b32_rep00_seed612.pt
fashion-mnist,mlp,3666,none,5.822024472501122e-10,9,9,1,0,32,./checkpoints_grid/cfg011_mlp_fashion_mnist_none_b32_rep00_seed372.pt
fashion-mnist,mlp,3666,topk,0.11460600133882383,9,9,1,0,32,./checkpoints_grid/cfg013_mlp_fashion_mnist_topk_b32_rep00_seed432.pt
fashion-mnist,mlp,3666,dpsgd,1.3964792775151902,9,0,0,0,32,./checkpoints_grid/cfg015_mlp_fashion_mnist_dpsgd_b32_rep00_seed492.pt
fashion-mnist,mlp,3666,randomk,0.13189759638497275,9,0,0,0,32,./checkpoints_grid/cfg017_mlp_fashion_mnist_randomk_b32_rep00_seed552.pt
fashion-mnist,mlp,3666,qsgd,0.03575903050682915,9,9,1,0,32,./checkpoints_grid/cfg019_mlp_fashion_mnist_qsgd_b32_rep00_seed612.pt
fashion-mnist,mlp,3792,none,0.16543985690730892,8,8,1,0,32,./checkpoints_grid/cfg011_mlp_fashion_mnist_none_b32_rep00_seed372.pt
fashion-mnist,mlp,3792,topk,0.16734320359948418,8,8,1,0,32,./checkpoints_grid/cfg013_mlp_fashion_mnist_topk_b32_rep00_seed432.pt
fashion-mnist,mlp,3792,dpsgd,1.3668631074323114,8,8,1,0,32,./checkpoints_grid/cfg015_mlp_fashion_mnist_dpsgd_b32_rep00_seed492.pt
fashion-mnist,mlp,3792,randomk,0.16935701094895647,8,0,0,0,32,./checkpoints_grid/cfg017_mlp_fashion_mnist_randomk_b32_rep00_seed552.pt
fashion-mnist,mlp,3792,qsgd,0.1685865419957646,8,0,0,0,32,./checkpoints_grid/cfg019_mlp_fashion_mnist_qsgd_b32_rep00_seed612.pt
fashion-mnist,mlp,4892,none,0.13200634949118994,9,9,1,0,32,./checkpoints_grid/cfg011_mlp_fashion_mnist_none_b32_rep00_seed372.pt
fashion-mnist,mlp,4892,topk,0.1356476974803055,9,9,1,0,32,./checkpoints_grid/cfg013_mlp_fashion_mnist_topk_b32_rep00_seed432.pt
fashion-mnist,mlp,4892,dpsgd,1.4818860472420086,9,0,0,0,32,./checkpoints_grid/cfg015_mlp_fashion_mnist_dpsgd_b32_rep00_seed492.pt
fashion-mnist,mlp,4892,randomk,0.1381383834121614,9,0,0,0,32,./checkpoints_grid/cfg017_mlp_fashion_mnist_randomk_b32_rep00_seed552.pt
fashion-mnist,mlp,4892,qsgd,0.12664438112463686,9,9,1,0,32,./checkpoints_grid/cfg019_mlp_fashion_mnist_qsgd_b32_rep00_seed612.pt
fashion-mnist,mlp,4893,none,2.358693739190167e-12,6,6,1,0,32,./checkpoints_grid/cfg011_mlp_fashion_mnist_none_b32_rep00_seed372.pt
fashion-mnist,mlp,4893,topk,0.0013113795163364158,6,6,1,0,32,./checkpoints_grid/cfg013_mlp_fashion_mnist_topk_b32_rep00_seed432.pt
fashion-mnist,mlp,4893,dpsgd,2.121862618358911,6,0,0,0,32,./checkpoints_grid/cfg015_mlp_fashion_mnist_dpsgd_b32_rep00_seed492.pt
fashion-mnist,mlp,4893,randomk,0.21479050728834465,6,0,0,0,32,./checkpoints_grid/cfg017_mlp_fashion_mnist_randomk_b32_rep00_seed552.pt
fashion-mnist,mlp,4893,qsgd,0.2849431484050453,6,0,0,0,32,./checkpoints_grid/cfg019_mlp_fashion_mnist_qsgd_b32_rep00_seed612.pt
fashion-mnist,mlp,4957,none,3.733867100712189e-09,9,9,1,0,32,./checkpoints_grid/cfg011_mlp_fashion_mnist_none_b32_rep00_seed372.pt
fashion-mnist,mlp,4957,topk,0.10481959445745673,9,9,1,0,32,./checkpoints_grid/cfg013_mlp_fashion_mnist_topk_b32_rep00_seed432.pt
fashion-mnist,mlp,4957,dpsgd,1.2635135684515688,9,0,0,0,32,./checkpoints_grid/cfg015_mlp_fashion_mnist_dpsgd_b32_rep00_seed492.pt
fashion-mnist,mlp,4957,randomk,0.10834863649766142,9,1,0,0,32,./checkpoints_grid/cfg017_mlp_fashion_mnist_randomk_b32_rep00_seed552.pt
fashion-mnist,mlp,4957,qsgd,0.10840417828287134,9,0,0,0,32,./checkpoints_grid/cfg019_mlp_fashion_mnist_qsgd_b32_rep00_seed612.pt
fashion-mnist,mlp,5535,none,0.00018673904150784488,2,2,1,0,32,./checkpoints_grid/cfg011_mlp_fashion_mnist_none_b32_rep00_seed372.pt
fashion-mnist,mlp,5535,topk,0.0012961762501703174,2,2,1,0,32,./checkpoints_grid/cfg013_mlp_fashion_mnist_topk_b32_rep00_seed432.pt
fashion-mnist,mlp,5535,dpsgd,1.3938187012108993,2,3,0,0,32,./checkpoints_grid/cfg015_mlp_fashion_mnist_dpsgd_b32_rep00_seed492.pt
fashion-mnist,mlp,5535,randomk,0.22422380048613932,2,0,0,0,32,./checkpoints_grid/cfg017_mlp_fashion_mnist_randomk_b32_rep00_seed552.pt
fashion-mnist,mlp,5535,qsgd,0.23900282815400087,2,0,0,0,32,./checkpoints_grid/cfg019_mlp_fashion_mnist_qsgd_b32_rep00_seed612.pt
fashion-mnist,mlp,6560,none,0.1166493677132771,1,1,1,0,32,./checkpoints_grid/cfg011_mlp_fashion_mnist_none_b32_rep00_seed372.pt
fashion-mnist,mlp,6560,topk,0.12756129341280198,1,1,1,0,32,./checkpoints_grid/cfg013_mlp_fashion_mnist_topk_b32_rep00_seed432.pt
fashion-mnist,mlp,6560,dpsgd,1.2277820561797468,1,7,0,0,32,./checkpoints_grid/cfg015_mlp_fashion_mnist_dpsgd_b32_rep00_seed492.pt
fashion-mnist,mlp,6560,randomk,0.13089996653293928,1,1,1,0,32,./checkpoints_grid/cfg017_mlp_fashion_mnist_randomk_b32_rep00_seed552.pt
fashion-mnist,mlp,6560,qsgd,0.13351691658276854,1,0,0,0,32,./checkpoints_grid/cfg019_mlp_fashion_mnist_qsgd_b32_rep00_seed612.pt
fashion-mnist,mlp,6651,none,0.1045008036876347,3,3,1,0,32,./checkpoints_grid/cfg011_mlp_fashion_mnist_none_b32_rep00_seed372.pt
fashion-mnist,mlp,6651,topk,0.1359466873373864,3,3,1,0,32,./checkpoints_grid/cfg013_mlp_fashion_mnist_topk_b32_rep00_seed432.pt
fashion-mnist,mlp,6651,dpsgd,1.3865247209579024,3,8,0,0,32,./checkpoints_grid/cfg015_mlp_fashion_mnist_dpsgd_b32_rep00_seed492.pt
fashion-mnist,mlp,6651,randomk,0.14850384934337688,3,0,0,0,32,./checkpoints_grid/cfg017_mlp_fashion_mnist_randomk_b32_rep00_seed552.pt
fashion-mnist,mlp,6651,qsgd,0.1467578914264372,3,0,0,0,32,./checkpoints_grid/cfg019_mlp_fashion_mnist_qsgd_b32_rep00_seed612.pt
fashion-mnist,mlp,6683,none,0.08188266564308433,5,5,1,0,32,./checkpoints_grid/cfg011_mlp_fashion_mnist_none_b32_rep00_seed372.pt
fashion-mnist,mlp,6683,topk,0.2722041463066565,5,5,1,0,32,./checkpoints_grid/cfg013_mlp_fashion_mnist_topk_b32_rep00_seed432.pt
fashion-mnist,mlp,6683,dpsgd,1.2890986543789817,5,5,1,0,32,./checkpoints_grid/cfg015_mlp_fashion_mnist_dpsgd_b32_rep00_seed492.pt
fashion-mnist,mlp,6683,randomk,0.08461921343466415,5,0,0,0,32,./checkpoints_grid/cfg017_mlp_fashion_mnist_randomk_b32_rep00_seed552.pt
fashion-mnist,mlp,6683,qsgd,0.0701760071101294,5,5,1,0,32,./checkpoints_grid/cfg019_mlp_fashion_mnist_qsgd_b32_rep00_seed612.pt
fashion-mnist,mlp,6908,none,7.168299400773588e-13,4,4,1,0,32,./checkpoints_grid/cfg011_mlp_fashion_mnist_none_b32_rep00_seed372.pt
fashion-mnist,mlp,6908,topk,0.0009081992888262804,4,4,1,0,32,./checkpoints_grid/cfg013_mlp_fashion_mnist_topk_b32_rep00_seed432.pt
fashion-mnist,mlp,6908,dpsgd,1.2157101755929185,4,1,0,0,32,./checkpoints_grid/cfg015_mlp_fashion_mnist_dpsgd_b32_rep00_seed492.pt
fashion-mnist,mlp,6908,randomk,0.10128241075545652,4,0,0,0,32,./checkpoints_grid/cfg017_mlp_fashion_mnist_randomk_b32_rep00_seed552.pt
fashion-mnist,mlp,6908,qsgd,0.03951638891971206,4,4,1,0,32,./checkpoints_grid/cfg019_mlp_fashion_mnist_qsgd_b32_rep00_seed612.pt
fashion-mnist,mlp,6974,none,8.226098361053638e-05,1,1,1,0,32,./checkpoints_grid/cfg011_mlp_fashion_mnist_none_b32_rep00_seed372.pt
fashion-mnist,mlp,6974,topk,0.0008072376166859639,1,1,1,0,32,./checkpoints_grid/cfg013_mlp_fashion_mnist_topk_b32_rep00_seed432.pt
fashion-mnist,mlp,6974,dpsgd,1.257944252932842,1,7,0,0,32,./checkpoints_grid/cfg015_mlp_fashion_mnist_dpsgd_b32_rep00_seed492.pt
fashion-mnist,mlp,6974,randomk,0.13114248889848112,1,0,0,0,32,./checkpoints_grid/cfg017_mlp_fashion_mnist_randomk_b32_rep00_seed552.pt
fashion-mnist,mlp,6974,qsgd,0.03221509783107736,1,1,1,0,32,./checkpoints_grid/cfg019_mlp_fashion_mnist_qsgd_b32_rep00_seed612.pt
fashion-mnist,mlp,7067,none,0.09214738068595892,8,8,1,0,32,./checkpoints_grid/cfg011_mlp_fashion_mnist_none_b32_rep00_seed372.pt
fashion-mnist,mlp,7067,topk,0.08206011291295986,8,8,1,0,32,./checkpoints_grid/cfg013_mlp_fashion_mnist_topk_b32_rep00_seed432.pt
fashion-mnist,mlp,7067,dpsgd,1.1878235262189334,8,8,1,0,32,./checkpoints_grid/cfg015_mlp_fashion_mnist_dpsgd_b32_rep00_seed492.pt
fashion-mnist,mlp,7067,randomk,0.09577135619021858,8,0,0,0,32,./checkpoints_grid/cfg017_mlp_fashion_mnist_randomk_b32_rep00_seed552.pt
fashion-mnist,mlp,7067,qsgd,0.03783598413523579,8,8,1,0,32,./checkpoints_grid/cfg019_mlp_fashion_mnist_qsgd_b32_rep00_seed612.pt
fashion-mnist,mlp,7106,none,2.8090731390644083e-09,0,0,1,0,32,./checkpoints_grid/cfg011_mlp_fashion_mnist_none_b32_rep00_seed372.pt
fashion-mnist,mlp,7106,topk,0.18019404799540942,0,0,1,0,32,./checkpoints_grid/cfg013_mlp_fashion_mnist_topk_b32_rep00_seed432.pt
fashion-mnist,mlp,7106,dpsgd,1.27150901778191,0,7,0,0,32,./checkpoints_grid/cfg015_mlp_fashion_mnist_dpsgd_b32_rep00_seed492.pt
fashion-mnist,mlp,7106,randomk,0.18427857211506615,0,0,1,0,32,./checkpoints_grid/cfg017_mlp_fashion_mnist_randomk_b32_rep00_seed552.pt
fashion-mnist,mlp,7106,qsgd,0.15628905370743404,0,0,1,0,32,./checkpoints_grid/cfg019_mlp_fashion_mnist_qsgd_b32_rep00_seed612.pt
fashion-mnist,mlp,7566,none,0.09347745573087658,7,7,1,0,32,./checkpoints_grid/cfg011_mlp_fashion_mnist_none_b32_rep00_seed372.pt
fashion-mnist,mlp,7566,topk,0.09657632575627129,7,7,1,0,32,./checkpoints_grid/cfg013_mlp_fashion_mnist_topk_b32_rep00_seed432.pt
fashion-mnist,mlp,7566,dpsgd,1.1511189063494576,7,6,0,0,32,./checkpoints_grid/cfg015_mlp_fashion_mnist_dpsgd_b32_rep00_seed492.pt
fashion-mnist,mlp,7566,randomk,0.1003400844683537,7,0,0,0,32,./checkpoints_grid/cfg017_mlp_fashion_mnist_randomk_b32_rep00_seed552.pt
fashion-mnist,mlp,7566,qsgd,0.031701083912756806,7,7,1,0,32,./checkpoints_grid/cfg019_mlp_fashion_mnist_qsgd_b32_rep00_seed612.pt
fashion-mnist,mlp,8025,none,4.919897709187086e-11,0,0,1,0,32,./checkpoints_grid/cfg011_mlp_fashion_mnist_none_b32_rep00_seed372.pt
fashion-mnist,mlp,8025,topk,0.001073103000448822,0,0,1,0,32,./checkpoints_grid/cfg013_mlp_fashion_mnist_topk_b32_rep00_seed432.pt
fashion-mnist,mlp,8025,dpsgd,1.34270711947066,0,6,0,0,32,./checkpoints_grid/cfg015_mlp_fashion_mnist_dpsgd_b32_rep00_seed492.pt
fashion-mnist,mlp,8025,randomk,0.20077414555732484,0,0,1,0,32,./checkpoints_grid/cfg017_mlp_fashion_mnist_randomk_b32_rep00_seed552.pt
fashion-mnist,mlp,8025,qsgd,0.07402003065982966,0,0,1,0,32,./checkpoints_grid/cfg019_mlp_fashion_mnist_qsgd_b32_rep00_seed612.pt
fashion-mnist,mlp,8122,none,3.587857901933074e-12,2,2,1,0,32,./checkpoints_grid/cfg011_mlp_fashion_mnist_none_b32_rep00_seed372.pt
fashion-mnist,mlp,8122,topk,0.0011002976209291257,2,2,1,0,32,./checkpoints_grid/cfg013_mlp_fashion_mnist_topk_b32_rep00_seed432.pt
fashion-mnist,mlp,8122,dpsgd,1.2015791928142752,2,3,0,0,32,./checkpoints_grid/cfg015_mlp_fashion_mnist_dpsgd_b32_rep00_seed492.pt
fashion-mnist,mlp,8122,randomk,0.04903654183696104,2,0,0,0,32,./checkpoints_grid/cfg017_mlp_fashion_mnist_randomk_b32_rep00_seed552.pt
fashion-mnist,mlp,8122,qsgd,0.015194340514810032,2,2,1,0,32,./checkpoints_grid/cfg019_mlp_fashion_mnist_qsgd_b32_rep00_seed612.pt
fashion-mnist,mlp,8218,none,1.0081785179936595e-12,1,1,1,0,32,./checkpoints_grid/cfg011_mlp_fashion_mnist_none_b32_rep00_seed372.pt
fashion-mnist,mlp,8218,topk,0.0022695217245039525,1,1,1,0,32,./checkpoints_grid/cfg013_mlp_fashion_mnist_topk_b32_rep00_seed432.pt
fashion-mnist,mlp,8218,dpsgd,1.2344816349243992,1,8,0,0,32,./checkpoints_grid/cfg015_mlp_fashion_mnist_dpsgd_b32_rep00_seed492.pt
fashion-mnist,mlp,8218,randomk,0.07818934529912239,1,0,0,0,32,./checkpoints_grid/cfg017_mlp_fashion_mnist_randomk_b32_rep00_seed552.pt
fashion-mnist,mlp,8218,qsgd,2.0845269999294294,1,1,1,0,32,./checkpoints_grid/cfg019_mlp_fashion_mnist_qsgd_b32_rep00_seed612.pt
fashion-mnist,mlp,8974,none,6.912690941205119e-12,6,6,1,0,32,./checkpoints_grid/cfg011_mlp_fashion_mnist_none_b32_rep00_seed372.pt
fashion-mnist,mlp,8974,topk,0.001134831644887787,6,6,1,0,32,./checkpoints_grid/cfg013_mlp_fashion_mnist_topk_b32_rep00_seed432.pt
fashion-mnist,mlp,8974,dpsgd,1.9124326725583254,6,5,0,0,32,./checkpoints_grid/cfg015_mlp_fashion_mnist_dpsgd_b32_rep00_seed492.pt
fashion-mnist,mlp,8974,randomk,0.053197884945462605,6,0,0,0,32,./checkpoints_grid/cfg017_mlp_fashion_mnist_randomk_b32_rep00_seed552.pt
fashion-mnist,mlp,8974,qsgd,0.020298185452235353,6,6,1,0,32,./checkpoints_grid/cfg019_mlp_fashion_mnist_qsgd_b32_rep00_seed612.pt
fashion-mnist,mlp,9023,none,7.04299808861053e-06,4,4,1,0,32,./checkpoints_grid/cfg011_mlp_fashion_mnist_none_b32_rep00_seed372.pt
fashion-mnist,mlp,9023,topk,0.0008807357786194881,4,4,1,0,32,./checkpoints_grid/cfg013_mlp_fashion_mnist_topk_b32_rep00_seed432.pt
fashion-mnist,mlp,9023,dpsgd,1.249738815965116,4,6,0,0,32,./checkpoints_grid/cfg015_mlp_fashion_mnist_dpsgd_b32_rep00_seed492.pt
fashion-mnist,mlp,9023,randomk,0.18496906777984312,4,0,0,0,32,./checkpoints_grid/cfg017_mlp_fashion_mnist_randomk_b32_rep00_seed552.pt
fashion-mnist,mlp,9023,qsgd,0.21351292485522788,4,0,0,0,32,./checkpoints_grid/cfg019_mlp_fashion_mnist_qsgd_b32_rep00_seed612.pt
fashion-mnist,cnn,725,none,0.0337593644532436,6,6,1,0,32,./checkpoints_grid/cfg041_cnn_fashion_mnist_none_b32_rep00_seed1272.pt
fashion-mnist,cnn,725,topk,0.051615307500268,6,6,1,0,32,./checkpoints_grid/cfg043_cnn_fashion_mnist_topk_b32_rep00_seed1332.pt
fashion-mnist,cnn,725,dpsgd,0.35391687536205774,6,5,0,0,32,./checkpoints_grid/cfg045_cnn_fashion_mnist_dpsgd_b32_rep00_seed1392.pt
fashion-mnist,cnn,725,randomk,0.803039285775345,6,0,0,0,32,./checkpoints_grid/cfg047_cnn_fashion_mnist_randomk_b32_rep00_seed1452.pt
fashion-mnist,cnn,725,qsgd,2.1851644134658734,6,6,1,0,32,./checkpoints_grid/cfg049_cnn_fashion_mnist_qsgd_b32_rep00_seed1512.pt
fashion-mnist,cnn,818,none,0.03166227846804138,8,8,1,0,32,./checkpoints_grid/cfg041_cnn_fashion_mnist_none_b32_rep00_seed1272.pt
fashion-mnist,cnn,818,topk,0.01699712008173838,8,8,1,0,32,./checkpoints_grid/cfg043_cnn_fashion_mnist_topk_b32_rep00_seed1332.pt
fashion-mnist,cnn,818,dpsgd,0.37660682501163345,8,8,1,0,32,./checkpoints_grid/cfg045_cnn_fashion_mnist_dpsgd_b32_rep00_seed1392.pt
fashion-mnist,cnn,818,randomk,,8,0,0,0,32,./checkpoints_grid/cfg047_cnn_fashion_mnist_randomk_b32_rep00_seed1452.pt
fashion-mnist,cnn,818,qsgd,,8,0,0,0,32,./checkpoints_grid/cfg049_cnn_fashion_mnist_qsgd_b32_rep00_seed1512.pt
fashion-mnist,cnn,1051,none,0.0008439316017664436,5,5,1,0,32,./checkpoints_grid/cfg041_cnn_fashion_mnist_none_b32_rep00_seed1272.pt
fashion-mnist,cnn,1051,topk,0.001543893616524176,5,5,1,0,32,./checkpoints_grid/cfg043_cnn_fashion_mnist_topk_b32_rep00_seed1332.pt
fashion-mnist,cnn,1051,dpsgd,0.34014508761928297,5,6,0,0,32,./checkpoints_grid/cfg045_cnn_fashion_mnist_dpsgd_b32_rep00_seed1392.pt
fashion-mnist,cnn,1051,randomk,2.2506861279468025,5,1,0,0,32,./checkpoints_grid/cfg047_cnn_fashion_mnist_randomk_b32_rep00_seed1452.pt
fashion-mnist,cnn,1051,qsgd,0.05887397609508459,5,5,1,0,32,./checkpoints_grid/cfg049_cnn_fashion_mnist_qsgd_b32_rep00_seed1512.pt
fashion-mnist,cnn,1195,none,0.001139660664685439,7,7,1,0,32,./checkpoints_grid/cfg041_cnn_fashion_mnist_none_b32_rep00_seed1272.pt
fashion-mnist,cnn,1195,topk,0.0006580385236975739,7,7,1,0,32,./checkpoints_grid/cfg043_cnn_fashion_mnist_topk_b32_rep00_seed1332.pt
fashion-mnist,cnn,1195,dpsgd,0.2645770480851421,7,8,0,0,32,./checkpoints_grid/cfg045_cnn_fashion_mnist_dpsgd_b32_rep00_seed1392.pt
fashion-mnist,cnn,1195,randomk,0.369883927108691,7,0,0,0,32,./checkpoints_grid/cfg047_cnn_fashion_mnist_randomk_b32_rep00_seed1452.pt
fashion-mnist,cnn,1195,qsgd,,7,0,0,0,32,./checkpoints_grid/cfg049_cnn_fashion_mnist_qsgd_b32_rep00_seed1512.pt
fashion-mnist,cnn,1384,none,0.006625338952037242,5,5,1,0,32,./checkpoints_grid/cfg041_cnn_fashion_mnist_none_b32_rep00_seed1272.pt
fashion-mnist,cnn,1384,topk,0.00489822249791146,5,5,1,0,32,./checkpoints_grid/cfg043_cnn_fashion_mnist_topk_b32_rep00_seed1332.pt
fashion-mnist,cnn,1384,dpsgd,0.29690271884276126,5,5,1,0,32,./checkpoints_grid/cfg045_cnn_fashion_mnist_dpsgd_b32_rep00_seed1392.pt
fashion-mnist,cnn,1384,randomk,,5,1,0,0,32,./checkpoints_grid/cfg047_cnn_fashion_mnist_randomk_b32_rep00_seed1452.pt
fashion-mnist,cnn,1384,qsgd,,5,0,0,0,32,./checkpoints_grid/cfg049_cnn_fashion_mnist_qsgd_b32_rep00_seed1512.pt
fashion-mnist,cnn,1972,none,,3,3,1,0,32,./checkpoints_grid/cfg041_cnn_fashion_mnist_none_b32_rep00_seed1272.pt
fashion-mnist,cnn,1972,topk,0.05715270224562744,3,3,1,0,32,./checkpoints_grid/cfg043_cnn_fashion_mnist_topk_b32_rep00_seed1332.pt
fashion-mnist,cnn,1972,dpsgd,0.38972723843187046,3,5,0,0,32,./checkpoints_grid/cfg045_cnn_fashion_mnist_dpsgd_b32_rep00_seed1392.pt
fashion-mnist,cnn,1972,randomk,2.0440532383438454,3,0,0,0,32,./checkpoints_grid/cfg047_cnn_fashion_mnist_randomk_b32_rep00_seed1452.pt
fashion-mnist,cnn,1972,qsgd,1.864167892603917,3,0,0,0,32,./checkpoints_grid/cfg049_cnn_fashion_mnist_qsgd_b32_rep00_seed1512.pt
fashion-mnist,cnn,2284,none,0.007321539708437523,4,4,1,0,32,./checkpoints_grid/cfg041_cnn_fashion_mnist_none_b32_rep00_seed1272.pt
fashion-mnist,cnn,2284,topk,0.002218770312514534,4,4,1,0,32,./checkpoints_grid/cfg043_cnn_fashion_mnist_topk_b32_rep00_seed1332.pt
fashion-mnist,cnn,2284,dpsgd,0.30962894535238916,4,4,1,0,32,./checkpoints_grid/cfg045_cnn_fashion_mnist_dpsgd_b32_rep00_seed1392.pt
fashion-mnist,cnn,2284,randomk,2.0379408860468264,4,0,0,0,32,./checkpoints_grid/cfg047_cnn_fashion_mnist_randomk_b32_rep00_seed1452.pt
fashion-mnist,cnn,2284,qsgd,1.2988488384132155,4,0,0,0,32,./checkpoints_grid/cfg049_cnn_fashion_mnist_qsgd_b32_rep00_seed1512.pt
fashion-mnist,cnn,2308,none,0.0017820245663900953,0,0,1,0,32,./checkpoints_grid/cfg041_cnn_fashion_mnist_none_b32_rep00_seed1272.pt
fashion-mnist,cnn,2308,topk,0.0007952563448861346,0,0,1,0,32,./checkpoints_grid/cfg043_cnn_fashion_mnist_topk_b32_rep00_seed1332.pt
fashion-mnist,cnn,2308,dpsgd,0.3837400947163903,0,4,0,0,32,./checkpoints_grid/cfg045_cnn_fashion_mnist_dpsgd_b32_rep00_seed1392.pt
fashion-mnist,cnn,2308,randomk,2.0850315160876596,0,0,1,0,32,./checkpoints_grid/cfg047_cnn_fashion_mnist_randomk_b32_rep00_seed1452.pt
fashion-mnist,cnn,2308,qsgd,0.032684236441356034,0,0,1,0,32,./checkpoints_grid/cfg049_cnn_fashion_mnist_qsgd_b32_rep00_seed1512.pt
fashion-mnist,cnn,2312,none,0.0031981968067664552,3,3,1,0,32,./checkpoints_grid/cfg041_cnn_fashion_mnist_none_b32_rep00_seed1272.pt
fashion-mnist,cnn,2312,topk,0.006360692353337015,3,3,1,0,32,./checkpoints_grid/cfg043_cnn_fashion_mnist_topk_b32_rep00_seed1332.pt
fashion-mnist,cnn,2312,dpsgd,0.36284798554062697,3,8,0,0,32,./checkpoints_grid/cfg045_cnn_fashion_mnist_dpsgd_b32_rep00_seed1392.pt
fashion-mnist,cnn,2312,randomk,0.7179028583368742,3,0,0,0,32,./checkpoints_grid/cfg047_cnn_fashion_mnist_randomk_b32_rep00_seed1452.pt
fashion-mnist,cnn,2312,qsgd,1.8327091974504572,3,0,0,0,32,./checkpoints_grid/cfg049_cnn_fashion_mnist_qsgd_b32_rep00_seed1512.pt
fashion-mnist,cnn,3214,none,0.27047012499234674,7,7,1,0,32,./checkpoints_grid/cfg041_cnn_fashion_mnist_none_b32_rep00_seed1272.pt
fashion-mnist,cnn,3214,topk,0.00024202179727862195,7,7,1,0,32,./checkpoints_grid/cfg043_cnn_fashion_mnist_topk_b32_rep00_seed1332.pt
fashion-mnist,cnn,3214,dpsgd,0.4028504476302626,7,8,0,0,32,./checkpoints_grid/cfg045_cnn_fashion_mnist_dpsgd_b32_rep00_seed1392.pt
fashion-mnist,cnn,3214,randomk,,7,0,0,0,32,./checkpoints_grid/cfg047_cnn_fashion_mnist_randomk_b32_rep00_seed1452.pt
fashion-mnist,cnn,3214,qsgd,,7,0,0,0,32,./checkpoints_grid/cfg049_cnn_fashion_mnist_qsgd_b32_rep00_seed1512.pt
fashion-mnist,cnn,3240,none,0.00020961309392290568,2,2,1,0,32,./checkpoints_grid/cfg041_cnn_fashion_mnist_none_b32_rep00_seed1272.pt
fashion-mnist,cnn,3240,topk,0.003150008461017761,2,2,1,0,32,./checkpoints_grid/cfg043_cnn_fashion_mnist_topk_b32_rep00_seed1332.pt
fashion-mnist,cnn,3240,dpsgd,0.374803908489495,2,2,1,0,32,./checkpoints_grid/cfg045_cnn_fashion_mnist_dpsgd_b32_rep00_seed1392.pt
fashion-mnist,cnn,3240,randomk,0.6308082582966775,2,0,0,0,32,./checkpoints_grid/cfg047_cnn_fashion_mnist_randomk_b32_rep00_seed1452.pt
fashion-mnist,cnn,3240,qsgd,1.0540428302345353,2,0,0,0,32,./checkpoints_grid/cfg049_cnn_fashion_mnist_qsgd_b32_rep00_seed1512.pt
fashion-mnist,cnn,3666,none,2.04760662800807,9,9,1,0,32,./checkpoints_grid/cfg041_cnn_fashion_mnist_none_b32_rep00_seed1272.pt
fashion-mnist,cnn,3666,topk,0.0011411613114213068,9,9,1,0,32,./checkpoints_grid/cfg043_cnn_fashion_mnist_topk_b32_rep00_seed1332.pt
fashion-mnist,cnn,3666,dpsgd,0.41882872265002125,9,8,0,0,32,./checkpoints_grid/cfg045_cnn_fashion_mnist_dpsgd_b32_rep00_seed1392.pt
fashion-mnist,cnn,3666,randomk,2.1364932183617276,9,0,0,0,32,./checkpoints_grid/cfg047_cnn_fashion_mnist_randomk_b32_rep00_seed1452.pt
fashion-mnist,cnn,3666,qsgd,2.202309418725159,9,0,0,0,32,./checkpoints_grid/cfg049_cnn_fashion_mnist_qsgd_b32_rep00_seed1512.pt
fashion-mnist,cnn,3792,none,1.819124672513994,8,8,1,0,32,./checkpoints_grid/cfg041_cnn_fashion_mnist_none_b32_rep00_seed1272.pt
fashion-mnist,cnn,3792,topk,0.005348016925034925,8,8,1,0,32,./checkpoints_grid/cfg043_cnn_fashion_mnist_topk_b32_rep00_seed1332.pt
fashion-mnist,cnn,3792,dpsgd,0.3604516306167253,8,6,0,0,32,./checkpoints_grid/cfg045_cnn_fashion_mnist_dpsgd_b32_rep00_seed1392.pt
fashion-mnist,cnn,3792,randomk,,8,0,0,0,32,./checkpoints_grid/cfg047_cnn_fashion_mnist_randomk_b32_rep00_seed1452.pt
fashion-mnist,cnn,3792,qsgd,2.097245811641105,8,0,0,0,32,./checkpoints_grid/cfg049_cnn_fashion_mnist_qsgd_b32_rep00_seed1512.pt
fashion-mnist,cnn,4892,none,0.12430508546663867,9,9,1,0,32,./checkpoints_grid/cfg041_cnn_fashion_mnist_none_b32_rep00_seed1272.pt
fashion-mnist,cnn,4892,topk,0.004775400411919214,9,9,1,0,32,./checkpoints_grid/cfg043_cnn_fashion_mnist_topk_b32_rep00_seed1332.pt
fashion-mnist,cnn,4892,dpsgd,0.3569947780799585,9,9,1,0,32,./checkpoints_grid/cfg045_cnn_fashion_mnist_dpsgd_b32_rep00_seed1392.pt
fashion-mnist,cnn,4892,randomk,2.0479077720814542,9,0,0,0,32,./checkpoints_grid/cfg047_cnn_fashion_mnist_randomk_b32_rep00_seed1452.pt
fashion-mnist,cnn,4892,qsgd,,9,0,0,0,32,./checkpoints_grid/cfg049_cnn_fashion_mnist_qsgd_b32_rep00_seed1512.pt
fashion-mnist,cnn,4893,none,0.0006379921332470397,6,6,1,0,32,./checkpoints_grid/cfg041_cnn_fashion_mnist_none_b32_rep00_seed1272.pt
fashion-mnist,cnn,4893,topk,0.0017024207721634949,6,6,1,0,32,./checkpoints_grid/cfg043_cnn_fashion_mnist_topk_b32_rep00_seed1332.pt
fashion-mnist,cnn,4893,dpsgd,0.49004437554893515,6,8,0,0,32,./checkpoints_grid/cfg045_cnn_fashion_mnist_dpsgd_b32_rep00_seed1392.pt
fashion-mnist,cnn,4893,randomk,1.1853803384466115,6,0,0,0,32,./checkpoints_grid/cfg047_cnn_fashion_mnist_randomk_b32_rep00_seed1452.pt
fashion-mnist,cnn,4893,qsgd,0.1051911223867359,6,6,1,0,32,./checkpoints_grid/cfg049_cnn_fashion_mnist_qsgd_b32_rep00_seed1512.pt
fashion-mnist,cnn,4957,none,0.00503774697385329,9,9,1,0,32,./checkpoints_grid/cfg041_cnn_fashion_mnist_none_b32_rep00_seed1272.pt
fashion-mnist,cnn,4957,topk,0.0028092448499465778,9,9,1,0,32,./checkpoints_grid/cfg043_cnn_fashion_mnist_topk_b32_rep00_seed1332.pt
fashion-mnist,cnn,4957,dpsgd,0.3635644176456075,9,8,0,0,32,./checkpoints_grid/cfg045_cnn_fashion_mnist_dpsgd_b32_rep00_seed1392.pt
fashion-mnist,cnn,4957,randomk,,9,0,0,0,32,./checkpoints_grid/cfg047_cnn_fashion_mnist_randomk_b32_rep00_seed1452.pt
fashion-mnist,cnn,4957,qsgd,,9,0,0,0,32,./checkpoints_grid/cfg049_cnn_fashion_mnist_qsgd_b32_rep00_seed1512.pt
fashion-mnist,cnn,5535,none,0.0004187461984542979,2,2,1,0,32,./checkpoints_grid/cfg041_cnn_fashion_mnist_none_b32_rep00_seed1272.pt
fashion-mnist,cnn,5535,topk,0.002691670104198253,2,2,1,0,32,./checkpoints_grid/cfg043_cnn_fashion_mnist_topk_b32_rep00_seed1332.pt
fashion-mnist,cnn,5535,dpsgd,0.4712539079792992,2,2,1,0,32,./checkpoints_grid/cfg045_cnn_fashion_mnist_dpsgd_b32_rep00_seed1392.pt
fashion-mnist,cnn,5535,randomk,2.3057815310590914,2,0,0,0,32,./checkpoints_grid/cfg047_cnn_fashion_mnist_randomk_b32_rep00_seed1452.pt
fashion-mnist,cnn,5535,qsgd,1.0873682781247398,2,0,0,0,32,./checkpoints_grid/cfg049_cnn_fashion_mnist_qsgd_b32_rep00_seed1512.pt
fashion-mnist,cnn,6560,none,0.10892045812027344,1,1,1,0,32,./checkpoints_grid/cfg041_cnn_fashion_mnist_none_b32_rep00_seed1272.pt
fashion-mnist,cnn,6560,topk,0.0019166461296149324,1,1,1,0,32,./checkpoints_grid/cfg043_cnn_fashion_mnist_topk_b32_rep00_seed1332.pt
fashion-mnist,cnn,6560,dpsgd,0.34106330308700966,1,5,0,0,32,./checkpoints_grid/cfg045_cnn_fashion_mnist_dpsgd_b32_rep00_seed1392.pt
fashion-mnist,cnn,6560,randomk,1.842768610943395,1,0,0,0,32,./checkpoints_grid/cfg047_cnn_fashion_mnist_randomk_b32_rep00_seed1452.pt
fashion-mnist,cnn,6560,qsgd,0.05855307989825099,1,1,1,0,32,./checkpoints_grid/cfg049_cnn_fashion_mnist_qsgd_b32_rep00_seed1512.pt
fashion-mnist,cnn,6651,none,0.13025550537846142,3,3,1,0,32,./checkpoints_grid/cfg041_cnn_fashion_mnist_none_b32_rep00_seed1272.pt
fashion-mnist,cnn,6651,topk,0.13823536826220256,3,3,1,0,32,./checkpoints_grid/cfg043_cnn_fashion_mnist_topk_b32_rep00_seed1332.pt
fashion-mnist,cnn,6651,dpsgd,0.39893969105515736,3,3,1,0,32,./checkpoints_grid/cfg045_cnn_fashion_mnist_dpsgd_b32_rep00_seed1392.pt
fashion-mnist,cnn,6651,randomk,1.9771134541550104,3,0,0,0,32,./checkpoints_grid/cfg047_cnn_fashion_mnist_randomk_b32_rep00_seed1452.pt
fashion-mnist,cnn,6651,qsgd,0.10874214240509157,3,0,0,0,32,./checkpoints_grid/cfg049_cnn_fashion_mnist_qsgd_b32_rep00_seed1512.pt
fashion-mnist,cnn,6683,none,2.3008307919284845,5,5,1,0,32,./checkpoints_grid/cfg041_cnn_fashion_mnist_none_b32_rep00_seed1272.pt
fashion-mnist,cnn,6683,topk,0.00038693459410572075,5,5,1,0,32,./checkpoints_grid/cfg043_cnn_fashion_mnist_topk_b32_rep00_seed1332.pt
fashion-mnist,cnn,6683,dpsgd,0.2574344408854179,5,2,0,0,32,./checkpoints_grid/cfg045_cnn_fashion_mnist_dpsgd_b32_rep00_seed1392.pt
fashion-mnist,cnn,6683,randomk,,5,0,0,0,32,./checkpoints_grid/cfg047_cnn_fashion_mnist_randomk_b32_rep00_seed1452.pt
fashion-mnist,cnn,6683,qsgd,0.09740924612751495,5,5,1,0,32,./checkpoints_grid/cfg049_cnn_fashion_mnist_qsgd_b32_rep00_seed1512.pt
fashion-mnist,cnn,6908,none,0.004471241151074561,4,4,1,0,32,./checkpoints_grid/cfg041_cnn_fashion_mnist_none_b32_rep00_seed1272.pt
fashion-mnist,cnn,6908,topk,0.0035697809872295727,4,4,1,0,32,./checkpoints_grid/cfg043_cnn_fashion_mnist_topk_b32_rep00_seed1332.pt
fashion-mnist,cnn,6908,dpsgd,0.32349927661217853,4,3,0,0,32,./checkpoints_grid/cfg045_cnn_fashion_mnist_dpsgd_b32_rep00_seed1392.pt
fashion-mnist,cnn,6908,randomk,0.3821600301699798,4,4,1,0,32,./checkpoints_grid/cfg047_cnn_fashion_mnist_randomk_b32_rep00_seed1452.pt
fashion-mnist,cnn,6908,qsgd,1.7468573620079042,4,0,0,0,32,./checkpoints_grid/cfg049_cnn_fashion_mnist_qsgd_b32_rep00_seed1512.pt
fashion-mnist,cnn,6974,none,1.9227789372686197,1,1,1,0,32,./checkpoints_grid/cfg041_cnn_fashion_mnist_none_b32_rep00_seed1272.pt
fashion-mnist,cnn,6974,topk,0.48133826429110943,1,1,1,0,32,./checkpoints_grid/cfg043_cnn_fashion_mnist_topk_b32_rep00_seed1332.pt
fashion-mnist,cnn,6974,dpsgd,0.31582260887223923,1,9,0,0,32,./checkpoints_grid/cfg045_cnn_fashion_mnist_dpsgd_b32_rep00_seed1392.pt
fashion-mnist,cnn,6974,randomk,1.9527484062149616,1,0,0,0,32,./checkpoints_grid/cfg047_cnn_fashion_mnist_randomk_b32_rep00_seed1452.pt
fashion-mnist,cnn,6974,qsgd,2.1214819392267823,1,0,0,0,32,./checkpoints_grid/cfg049_cnn_fashion_mnist_qsgd_b32_rep00_seed1512.pt
fashion-mnist,cnn,7067,none,0.00836959700124757,8,8,1,0,32,./checkpoints_grid/cfg041_cnn_fashion_mnist_none_b32_rep00_seed1272.pt
fashion-mnist,cnn,7067,topk,0.0013027316966563202,8,8,1,0,32,./checkpoints_grid/cfg043_cnn_fashion_mnist_topk_b32_rep00_seed1332.pt
fashion-mnist,cnn,7067,dpsgd,0.33851142681923646,8,1,0,0,32,./checkpoints_grid/cfg045_cnn_fashion_mnist_dpsgd_b32_rep00_seed1392.pt
fashion-mnist,cnn,7067,randomk,,8,0,0,0,32,./checkpoints_grid/cfg047_cnn_fashion_mnist_randomk_b32_rep00_seed1452.pt
fashion-mnist,cnn,7067,qsgd,0.05091087097354544,8,8,1,0,32,./checkpoints_grid/cfg049_cnn_fashion_mnist_qsgd_b32_rep00_seed1512.pt
fashion-mnist,cnn,7106,none,0.00555787113918796,0,0,1,0,32,./checkpoints_grid/cfg041_cnn_fashion_mnist_none_b32_rep00_seed1272.pt
fashion-mnist,cnn,7106,topk,0.002602676944730167,0,0,1,0,32,./checkpoints_grid/cfg043_cnn_fashion_mnist_topk_b32_rep00_seed1332.pt
fashion-mnist,cnn,7106,dpsgd,0.3738319399765457,0,5,0,0,32,./checkpoints_grid/cfg045_cnn_fashion_mnist_dpsgd_b32_rep00_seed1392.pt
fashion-mnist,cnn,7106,randomk,2.0096999179173967,0,0,1,0,32,./checkpoints_grid/cfg047_cnn_fashion_mnist_randomk_b32_rep00_seed1452.pt
fashion-mnist,cnn,7106,qsgd,1.650173740190927,0,0,1,0,32,./checkpoints_grid/cfg049_cnn_fashion_mnist_qsgd_b32_rep00_seed1512.pt
fashion-mnist,cnn,7566,none,0.00037953363874656577,7,7,1,0,32,./checkpoints_grid/cfg041_cnn_fashion_mnist_none_b32_rep00_seed1272.pt
fashion-mnist,cnn,7566,topk,0.003489314809064636,7,7,1,0,32,./checkpoints_grid/cfg043_cnn_fashion_mnist_topk_b32_rep00_seed1332.pt
fashion-mnist,cnn,7566,dpsgd,0.36165707609616476,7,5,0,0,32,./checkpoints_grid/cfg045_cnn_fashion_mnist_dpsgd_b32_rep00_seed1392.pt
fashion-mnist,cnn,7566,randomk,,7,0,0,0,32,./checkpoints_grid/cfg047_cnn_fashion_mnist_randomk_b32_rep00_seed1452.pt
fashion-mnist,cnn,7566,qsgd,2.197722972656079,7,0,0,0,32,./checkpoints_grid/cfg049_cnn_fashion_mnist_qsgd_b32_rep00_seed1512.pt
fashion-mnist,cnn,8025,none,4.7715339191764004e-05,0,0,1,0,32,./checkpoints_grid/cfg041_cnn_fashion_mnist_none_b32_rep00_seed1272.pt
fashion-mnist,cnn,8025,topk,0.0004504018682882029,0,0,1,0,32,./checkpoints_grid/cfg043_cnn_fashion_mnist_topk_b32_rep00_seed1332.pt
fashion-mnist,cnn,8025,dpsgd,0.3923890398978029,0,9,0,0,32,./checkpoints_grid/cfg045_cnn_fashion_mnist_dpsgd_b32_rep00_seed1392.pt
fashion-mnist,cnn,8025,randomk,1.8396792369066644,0,0,1,0,32,./checkpoints_grid/cfg047_cnn_fashion_mnist_randomk_b32_rep00_seed1452.pt
fashion-mnist,cnn,8025,qsgd,0.08517849205521463,0,0,1,0,32,./checkpoints_grid/cfg049_cnn_fashion_mnist_qsgd_b32_rep00_seed1512.pt
fashion-mnist,cnn,8122,none,0.004263205366493793,2,2,1,0,32,./checkpoints_grid/cfg041_cnn_fashion_mnist_none_b32_rep00_seed1272.pt
fashion-mnist,cnn,8122,topk,0.004122987876489809,2,2,1,0,32,./checkpoints_grid/cfg043_cnn_fashion_mnist_topk_b32_rep00_seed1332.pt
fashion-mnist,cnn,8122,dpsgd,0.3038597166266157,2,8,0,0,32,./checkpoints_grid/cfg045_cnn_fashion_mnist_dpsgd_b32_rep00_seed1392.pt
fashion-mnist,cnn,8122,randomk,1.7132635642229832,2,0,0,0,32,./checkpoints_grid/cfg047_cnn_fashion_mnist_randomk_b32_rep00_seed1452.pt
fashion-mnist,cnn,8122,qsgd,0.06912223967454233,2,2,1,0,32,./checkpoints_grid/cfg049_cnn_fashion_mnist_qsgd_b32_rep00_seed1512.pt
fashion-mnist,cnn,8218,none,1.5927590185958005,1,1,1,0,32,./checkpoints_grid/cfg041_cnn_fashion_mnist_none_b32_rep00_seed1272.pt
fashion-mnist,cnn,8218,topk,0.0026910666774869287,1,1,1,0,32,./checkpoints_grid/cfg043_cnn_fashion_mnist_topk_b32_rep00_seed1332.pt
fashion-mnist,cnn,8218,dpsgd,0.3115568449402262,1,1,1,0,32,./checkpoints_grid/cfg045_cnn_fashion_mnist_dpsgd_b32_rep00_seed1392.pt
fashion-mnist,cnn,8218,randomk,,1,0,0,0,32,./checkpoints_grid/cfg047_cnn_fashion_mnist_randomk_b32_rep00_seed1452.pt
fashion-mnist,cnn,8218,qsgd,0.051498575617304296,1,1,1,0,32,./checkpoints_grid/cfg049_cnn_fashion_mnist_qsgd_b32_rep00_seed1512.pt
fashion-mnist,cnn,8974,none,0.013869505853235965,6,6,1,0,32,./checkpoints_grid/cfg041_cnn_fashion_mnist_none_b32_rep00_seed1272.pt
fashion-mnist,cnn,8974,topk,0.022173714949174007,6,6,1,0,32,./checkpoints_grid/cfg043_cnn_fashion_mnist_topk_b32_rep00_seed1332.pt
fashion-mnist,cnn,8974,dpsgd,0.25508232035532025,6,9,0,0,32,./checkpoints_grid/cfg045_cnn_fashion_mnist_dpsgd_b32_rep00_seed1392.pt
fashion-mnist,cnn,8974,randomk,1.0056897519618173,6,0,0,0,32,./checkpoints_grid/cfg047_cnn_fashion_mnist_randomk_b32_rep00_seed1452.pt
fashion-mnist,cnn,8974,qsgd,,6,0,0,0,32,./checkpoints_grid/cfg049_cnn_fashion_mnist_qsgd_b32_rep00_seed1512.pt
fashion-mnist,cnn,9023,none,0.0007273691662943786,4,4,1,0,32,./checkpoints_grid/cfg041_cnn_fashion_mnist_none_b32_rep00_seed1272.pt
fashion-mnist,cnn,9023,topk,0.004733813323555107,4,4,1,0,32,./checkpoints_grid/cfg043_cnn_fashion_mnist_topk_b32_rep00_seed1332.pt
fashion-mnist,cnn,9023,dpsgd,0.39080727941791926,4,4,1,0,32,./checkpoints_grid/cfg045_cnn_fashion_mnist_dpsgd_b32_rep00_seed1392.pt
fashion-mnist,cnn,9023,randomk,2.1286888801992663,4,0,0,0,32,./checkpoints_grid/cfg047_cnn_fashion_mnist_randomk_b32_rep00_seed1452.pt
fashion-mnist,cnn,9023,qsgd,1.0640457543917423,4,0,0,0,32,./checkpoints_grid/cfg049_cnn_fashion_mnist_qsgd_b32_rep00_seed1512.pt
fashion-mnist,vit,725,none,0.2918319896258946,6,6,1,0,32,./checkpoints_grid/cfg071_vit_fashion_mnist_none_b32_rep00_seed2172.pt
fashion-mnist,vit,725,topk,0.3247090221424354,6,6,1,0,32,./checkpoints_grid/cfg073_vit_fashion_mnist_topk_b32_rep00_seed2232.pt
fashion-mnist,vit,725,dpsgd,2.0699293411617288,6,7,0,0,32,./checkpoints_grid/cfg075_vit_fashion_mnist_dpsgd_b32_rep00_seed2292.pt
fashion-mnist,vit,725,randomk,2.1584307752176657,6,1,0,0,32,./checkpoints_grid/cfg077_vit_fashion_mnist_randomk_b32_rep00_seed2352.pt
fashion-mnist,vit,725,qsgd,0.3004861122170349,6,6,1,0,32,./checkpoints_grid/cfg079_vit_fashion_mnist_qsgd_b32_rep00_seed2412.pt
fashion-mnist,vit,818,none,0.19867385299887041,8,8,1,0,32,./checkpoints_grid/cfg071_vit_fashion_mnist_none_b32_rep00_seed2172.pt
fashion-mnist,vit,818,topk,2.0334768344062075,8,8,1,0,32,./checkpoints_grid/cfg073_vit_fashion_mnist_topk_b32_rep00_seed2232.pt
fashion-mnist,vit,818,dpsgd,2.086177372517838,8,7,0,0,32,./checkpoints_grid/cfg075_vit_fashion_mnist_dpsgd_b32_rep00_seed2292.pt
fashion-mnist,vit,818,randomk,2.099431189832828,8,0,0,0,32,./checkpoints_grid/cfg077_vit_fashion_mnist_randomk_b32_rep00_seed2352.pt
fashion-mnist,vit,818,qsgd,0.25965464456854925,8,8,1,0,32,./checkpoints_grid/cfg079_vit_fashion_mnist_qsgd_b32_rep00_seed2412.pt
fashion-mnist,vit,1051,none,2.0814009223874996,5,5,1,0,32,./checkpoints_grid/cfg071_vit_fashion_mnist_none_b32_rep00_seed2172.pt
fashion-mnist,vit,1051,topk,0.37176536252670145,5,5,1,0,32,./checkpoints_grid/cfg073_vit_fashion_mnist_topk_b32_rep00_seed2232.pt
fashion-mnist,vit,1051,dpsgd,2.1333539374023585,5,5,1,0,32,./checkpoints_grid/cfg075_vit_fashion_mnist_dpsgd_b32_rep00_seed2292.pt
fashion-mnist,vit,1051,randomk,2.1056481690519457,5,0,0,0,32,./checkpoints_grid/cfg077_vit_fashion_mnist_randomk_b32_rep00_seed2352.pt
fashion-mnist,vit,1051,qsgd,2.1380863051099204,5,5,1,0,32,./checkpoints_grid/cfg079_vit_fashion_mnist_qsgd_b32_rep00_seed2412.pt
fashion-mnist,vit,1195,none,2.0875638524813787,7,7,1,0,32,./checkpoints_grid/cfg071_vit_fashion_mnist_none_b32_rep00_seed2172.pt
fashion-mnist,vit,1195,topk,0.28400940469882274,7,7,1,0,32,./checkpoints_grid/cfg073_vit_fashion_mnist_topk_b32_rep00_seed2232.pt
fashion-mnist,vit,1195,dpsgd,2.1242354597486663,7,9,0,0,32,./checkpoints_grid/cfg075_vit_fashion_mnist_dpsgd_b32_rep00_seed2292.pt
fashion-mnist,vit,1195,randomk,2.1224923498956865,7,0,0,0,32,./checkpoints_grid/cfg077_vit_fashion_mnist_randomk_b32_rep00_seed2352.pt
fashion-mnist,vit,1195,qsgd,2.180880160782814,7,0,0,0,32,./checkpoints_grid/cfg079_vit_fashion_mnist_qsgd_b32_rep00_seed2412.pt
fashion-mnist,vit,1384,none,2.080621603454621,5,5,1,0,32,./checkpoints_grid/cfg071_vit_fashion_mnist_none_b32_rep00_seed2172.pt
fashion-mnist,vit,1384,topk,2.139687446129522,5,5,1,0,32,./checkpoints_grid/cfg073_vit_fashion_mnist_topk_b32_rep00_seed2232.pt
fashion-mnist,vit,1384,dpsgd,2.1078699849792626,5,1,0,0,32,./checkpoints_grid/cfg075_vit_fashion_mnist_dpsgd_b32_rep00_seed2292.pt
fashion-mnist,vit,1384,randomk,,5,0,0,0,32,./checkpoints_grid/cfg077_vit_fashion_mnist_randomk_b32_rep00_seed2352.pt
fashion-mnist,vit,1384,qsgd,2.1738158628266637,5,0,0,0,32,./checkpoints_grid/cfg079_vit_fashion_mnist_qsgd_b32_rep00_seed2412.pt
fashion-mnist,vit,1972,none,2.167085390658575,3,3,1,0,32,./checkpoints_grid/cfg071_vit_fashion_mnist_none_b32_rep00_seed2172.pt
fashion-mnist,vit,1972,topk,2.178923816801765,3,3,1,0,32,./checkpoints_grid/cfg073_vit_fashion_mnist_topk_b32_rep00_seed2232.pt
fashion-mnist,vit,1972,dpsgd,2.1467678231812934,3,1,0,0,32,./checkpoints_grid/cfg075_vit_fashion_mnist_dpsgd_b32_rep00_seed2292.pt
fashion-mnist,vit,1972,randomk,2.1679781267048863,3,0,0,0,32,./checkpoints_grid/cfg077_vit_fashion_mnist_randomk_b32_rep00_seed2352.pt
fashion-mnist,vit,1972,qsgd,2.100312030035695,3,0,0,0,32,./checkpoints_grid/cfg079_vit_fashion_mnist_qsgd_b32_rep00_seed2412.pt
fashion-mnist,vit,2284,none,0.2593628269089772,4,4,1,0,32,./checkpoints_grid/cfg071_vit_fashion_mnist_none_b32_rep00_seed2172.pt
fashion-mnist,vit,2284,topk,0.22260652692400631,4,4,1,0,32,./checkpoints_grid/cfg073_vit_fashion_mnist_topk_b32_rep00_seed2232.pt
fashion-mnist,vit,2284,dpsgd,2.123443176758377,4,9,0,0,32,./checkpoints_grid/cfg075_vit_fashion_mnist_dpsgd_b32_rep00_seed2292.pt
fashion-mnist,vit,2284,randomk,2.0485159279637037,4,4,1,0,32,./checkpoints_grid/cfg077_vit_fashion_mnist_randomk_b32_rep00_seed2352.pt
fashion-mnist,vit,2284,qsgd,0.2777939815623062,4,4,1,0,32,./checkpoints_grid/cfg079_vit_fashion_mnist_qsgd_b32_rep00_seed2412.pt
fashion-mnist,vit,2308,none,0.09300752315245203,0,0,1,0,32,./checkpoints_grid/cfg071_vit_fashion_mnist_none_b32_rep00_seed2172.pt
fashion-mnist,vit,2308,topk,0.1276565128140559,0,0,1,0,32,./checkpoints_grid/cfg073_vit_fashion_mnist_topk_b32_rep00_seed2232.pt
fashion-mnist,vit,2308,dpsgd,2.0561462524103513,0,2,0,0,32,./checkpoints_grid/cfg075_vit_fashion_mnist_dpsgd_b32_rep00_seed2292.pt
fashion-mnist,vit,2308,randomk,2.1242748297311196,0,0,1,0,32,./checkpoints_grid/cfg077_vit_fashion_mnist_randomk_b32_rep00_seed2352.pt
fashion-mnist,vit,2308,qsgd,0.12938361684060445,0,0,1,0,32,./checkpoints_grid/cfg079_vit_fashion_mnist_qsgd_b32_rep00_seed2412.pt
fashion-mnist,vit,2312,none,1.9687880801045525,3,3,1,0,32,./checkpoints_grid/cfg071_vit_fashion_mnist_none_b32_rep00_seed2172.pt
fashion-mnist,vit,2312,topk,0.10815879336148597,3,3,1,0,32,./checkpoints_grid/cfg073_vit_fashion_mnist_topk_b32_rep00_seed2232.pt
fashion-mnist,vit,2312,dpsgd,2.043812518442916,3,8,0,0,32,./checkpoints_grid/cfg075_vit_fashion_mnist_dpsgd_b32_rep00_seed2292.pt
fashion-mnist,vit,2312,randomk,2.080244830760954,3,0,0,0,32,./checkpoints_grid/cfg077_vit_fashion_mnist_randomk_b32_rep00_seed2352.pt
fashion-mnist,vit,2312,qsgd,0.13017186408578246,3,3,1,0,32,./checkpoints_grid/cfg079_vit_fashion_mnist_qsgd_b32_rep00_seed2412.pt
fashion-mnist,vit,3214,none,2.0325170217353867,7,7,1,0,32,./checkpoints_grid/cfg071_vit_fashion_mnist_none_b32_rep00_seed2172.pt
fashion-mnist,vit,3214,topk,2.148230398281871,7,7,1,0,32,./checkpoints_grid/cfg073_vit_fashion_mnist_topk_b32_rep00_seed2232.pt
fashion-mnist,vit,3214,dpsgd,2.1159196672331344,7,8,0,0,32,./checkpoints_grid/cfg075_vit_fashion_mnist_dpsgd_b32_rep00_seed2292.pt
fashion-mnist,vit,3214,randomk,2.1337761861507296,7,0,0,0,32,./checkpoints_grid/cfg077_vit_fashion_mnist_randomk_b32_rep00_seed2352.pt
fashion-mnist,vit,3214,qsgd,2.240990156062476,7,7,1,0,32,./checkpoints_grid/cfg079_vit_fashion_mnist_qsgd_b32_rep00_seed2412.pt
fashion-mnist,vit,3240,none,0.1860703505846288,2,2,1,0,32,./checkpoints_grid/cfg071_vit_fashion_mnist_none_b32_rep00_seed2172.pt
fashion-mnist,vit,3240,topk,0.2031131144583734,2,2,1,0,32,./checkpoints_grid/cfg073_vit_fashion_mnist_topk_b32_rep00_seed2232.pt
fashion-mnist,vit,3240,dpsgd,2.046428863810013,2,7,0,0,32,./checkpoints_grid/cfg075_vit_fashion_mnist_dpsgd_b32_rep00_seed2292.pt
fashion-mnist,vit,3240,randomk,2.0048031177802925,2,0,0,0,32,./checkpoints_grid/cfg077_vit_fashion_mnist_randomk_b32_rep00_seed2352.pt
fashion-mnist,vit,3240,qsgd,2.173767360571531,2,0,0,0,32,./checkpoints_grid/cfg079_vit_fashion_mnist_qsgd_b32_rep00_seed2412.pt
fashion-mnist,vit,3666,none,0.2879831905578127,9,9,1,0,32,./checkpoints_grid/cfg071_vit_fashion_mnist_none_b32_rep00_seed2172.pt
fashion-mnist,vit,3666,topk,2.143107971710868,9,9,1,0,32,./checkpoints_grid/cfg073_vit_fashion_mnist_topk_b32_rep00_seed2232.pt
fashion-mnist,vit,3666,dpsgd,2.157357926805393,9,0,0,0,32,./checkpoints_grid/cfg075_vit_fashion_mnist_dpsgd_b32_rep00_seed2292.pt
fashion-mnist,vit,3666,randomk,2.1143340254804093,9,9,1,0,32,./checkpoints_grid/cfg077_vit_fashion_mnist_randomk_b32_rep00_seed2352.pt
fashion-mnist,vit,3666,qsgd,2.1351179405716576,9,0,0,0,32,./checkpoints_grid/cfg079_vit_fashion_mnist_qsgd_b32_rep00_seed2412.pt
fashion-mnist,vit,3792,none,2.147851804779562,8,8,1,0,32,./checkpoints_grid/cfg071_vit_fashion_mnist_none_b32_rep00_seed2172.pt
fashion-mnist,vit,3792,topk,2.214846363534754,8,8,1,0,32,./checkpoints_grid/cfg073_vit_fashion_mnist_topk_b32_rep00_seed2232.pt
fashion-mnist,vit,3792,dpsgd,2.191439882174176,8,4,0,0,32,./checkpoints_grid/cfg075_vit_fashion_mnist_dpsgd_b32_rep00_seed2292.pt
fashion-mnist,vit,3792,randomk,2.130889159702207,8,8,1,0,32,./checkpoints_grid/cfg077_vit_fashion_mnist_randomk_b32_rep00_seed2352.pt
fashion-mnist,vit,3792,qsgd,2.1071543916759516,8,0,0,0,32,./checkpoints_grid/cfg079_vit_fashion_mnist_qsgd_b32_rep00_seed2412.pt
fashion-mnist,vit,4892,none,2.1720281568201116,9,9,1,0,32,./checkpoints_grid/cfg071_vit_fashion_mnist_none_b32_rep00_seed2172.pt
fashion-mnist,vit,4892,topk,2.1664053092238946,9,9,1,0,32,./checkpoints_grid/cfg073_vit_fashion_mnist_topk_b32_rep00_seed2232.pt
fashion-mnist,vit,4892,dpsgd,2.1114994685182005,9,0,0,0,32,./checkpoints_grid/cfg075_vit_fashion_mnist_dpsgd_b32_rep00_seed2292.pt
fashion-mnist,vit,4892,randomk,2.1624131126973563,9,0,0,0,32,./checkpoints_grid/cfg077_vit_fashion_mnist_randomk_b32_rep00_seed2352.pt
fashion-mnist,vit,4892,qsgd,2.1615672711729474,9,0,0,0,32,./checkpoints_grid/cfg079_vit_fashion_mnist_qsgd_b32_rep00_seed2412.pt
fashion-mnist,vit,4893,none,0.3747854853802468,6,6,1,0,32,./checkpoints_grid/cfg071_vit_fashion_mnist_none_b32_rep00_seed2172.pt
fashion-mnist,vit,4893,topk,0.41617873992173765,6,6,1,0,32,./checkpoints_grid/cfg073_vit_fashion_mnist_topk_b32_rep00_seed2232.pt
fashion-mnist,vit,4893,dpsgd,2.229088165342669,6,4,0,0,32,./checkpoints_grid/cfg075_vit_fashion_mnist_dpsgd_b32_rep00_seed2292.pt
fashion-mnist,vit,4893,randomk,2.2327102652754043,6,0,0,0,32,./checkpoints_grid/cfg077_vit_fashion_mnist_randomk_b32_rep00_seed2352.pt
fashion-mnist,vit,4893,qsgd,2.2531241125331247,6,6,1,0,32,./checkpoints_grid/cfg079_vit_fashion_mnist_qsgd_b32_rep00_seed2412.pt
fashion-mnist,vit,4957,none,2.121495272032346,9,9,1,0,32,./checkpoints_grid/cfg071_vit_fashion_mnist_none_b32_rep00_seed2172.pt
fashion-mnist,vit,4957,topk,2.0825646975658842,9,9,1,0,32,./checkpoints_grid/cfg073_vit_fashion_mnist_topk_b32_rep00_seed2232.pt
fashion-mnist,vit,4957,dpsgd,2.091878871144018,9,9,1,0,32,./checkpoints_grid/cfg075_vit_fashion_mnist_dpsgd_b32_rep00_seed2292.pt
fashion-mnist,vit,4957,randomk,2.0772910266778712,9,0,0,0,32,./checkpoints_grid/cfg077_vit_fashion_mnist_randomk_b32_rep00_seed2352.pt
fashion-mnist,vit,4957,qsgd,2.1360421516230894,9,0,0,0,32,./checkpoints_grid/cfg079_vit_fashion_mnist_qsgd_b32_rep00_seed2412.pt
fashion-mnist,vit,5535,none,1.9579146066478386,2,2,1,0,32,./checkpoints_grid/cfg071_vit_fashion_mnist_none_b32_rep00_seed2172.pt
fashion-mnist,vit,5535,topk,0.31948471766440434,2,2,1,0,32,./checkpoints_grid/cfg073_vit_fashion_mnist_topk_b32_rep00_seed2232.pt
fashion-mnist,vit,5535,dpsgd,2.2453755217765465,2,0,0,0,32,./checkpoints_grid/cfg075_vit_fashion_mnist_dpsgd_b32_rep00_seed2292.pt
fashion-mnist,vit,5535,randomk,2.3570433020218022,2,0,0,0,32,./checkpoints_grid/cfg077_vit_fashion_mnist_randomk_b32_rep00_seed2352.pt
fashion-mnist,vit,5535,qsgd,0.3460987491498759,2,2,1,0,32,./checkpoints_grid/cfg079_vit_fashion_mnist_qsgd_b32_rep00_seed2412.pt
fashion-mnist,vit,6560,none,2.087170883547611,1,1,1,0,32,./checkpoints_grid/cfg071_vit_fashion_mnist_none_b32_rep00_seed2172.pt
fashion-mnist,vit,6560,topk,2.118012827621777,1,1,1,0,32,./checkpoints_grid/cfg073_vit_fashion_mnist_topk_b32_rep00_seed2232.pt
fashion-mnist,vit,6560,dpsgd,2.015461174712033,1,2,0,0,32,./checkpoints_grid/cfg075_vit_fashion_mnist_dpsgd_b32_rep00_seed2292.pt
fashion-mnist,vit,6560,randomk,2.1580757136945485,1,1,1,0,32,./checkpoints_grid/cfg077_vit_fashion_mnist_randomk_b32_rep00_seed2352.pt
fashion-mnist,vit,6560,qsgd,2.144504636943408,1,0,0,0,32,./checkpoints_grid/cfg079_vit_fashion_mnist_qsgd_b32_rep00_seed2412.pt
fashion-mnist,vit,6651,none,2.088077214664891,3,3,1,0,32,./checkpoints_grid/cfg071_vit_fashion_mnist_none_b32_rep00_seed2172.pt
fashion-mnist,vit,6651,topk,2.1831770210149295,3,3,1,0,32,./checkpoints_grid/cfg073_vit_fashion_mnist_topk_b32_rep00_seed2232.pt
fashion-mnist,vit,6651,dpsgd,2.077191987381813,3,9,0,0,32,./checkpoints_grid/cfg075_vit_fashion_mnist_dpsgd_b32_rep00_seed2292.pt
fashion-mnist,vit,6651,randomk,2.128757952898764,3,0,0,0,32,./checkpoints_grid/cfg077_vit_fashion_mnist_randomk_b32_rep00_seed2352.pt
fashion-mnist,vit,6651,qsgd,0.37805038844887706,3,3,1,0,32,./checkpoints_grid/cfg079_vit_fashion_mnist_qsgd_b32_rep00_seed2412.pt
fashion-mnist,vit,6683,none,2.021236993453179,5,5,1,0,32,./checkpoints_grid/cfg071_vit_fashion_mnist_none_b32_rep00_seed2172.pt
fashion-mnist,vit,6683,topk,0.07666312978817279,5,5,1,0,32,./checkpoints_grid/cfg073_vit_fashion_mnist_topk_b32_rep00_seed2232.pt
fashion-mnist,vit,6683,dpsgd,2.097037493452365,5,2,0,0,32,./checkpoints_grid/cfg075_vit_fashion_mnist_dpsgd_b32_rep00_seed2292.pt
fashion-mnist,vit,6683,randomk,2.150968658699515,5,0,0,0,32,./checkpoints_grid/cfg077_vit_fashion_mnist_randomk_b32_rep00_seed2352.pt
fashion-mnist,vit,6683,qsgd,2.068661603445648,5,0,0,0,32,./checkpoints_grid/cfg079_vit_fashion_mnist_qsgd_b32_rep00_seed2412.pt
fashion-mnist,vit,6908,none,0.27329667621506665,4,4,1,0,32,./checkpoints_grid/cfg071_vit_fashion_mnist_none_b32_rep00_seed2172.pt
fashion-mnist,vit,6908,topk,0.22882835209168217,4,4,1,0,32,./checkpoints_grid/cfg073_vit_fashion_mnist_topk_b32_rep00_seed2232.pt
fashion-mnist,vit,6908,dpsgd,2.080436850202379,4,9,0,0,32,./checkpoints_grid/cfg075_vit_fashion_mnist_dpsgd_b32_rep00_seed2292.pt
fashion-mnist,vit,6908,randomk,2.128847434154289,4,4,1,0,32,./checkpoints_grid/cfg077_vit_fashion_mnist_randomk_b32_rep00_seed2352.pt
fashion-mnist,vit,6908,qsgd,0.23894670451217245,4,4,1,0,32,./checkpoints_grid/cfg079_vit_fashion_mnist_qsgd_b32_rep00_seed2412.pt
fashion-mnist,vit,6974,none,0.33561183312500914,1,1,1,0,32,./checkpoints_grid/cfg071_vit_fashion_mnist_none_b32_rep00_seed2172.pt
fashion-mnist,vit,6974,topk,0.28485748287134405,1,1,1,0,32,./checkpoints_grid/cfg073_vit_fashion_mnist_topk_b32_rep00_seed2232.pt
fashion-mnist,vit,6974,dpsgd,2.1549265780300075,1,8,0,0,32,./checkpoints_grid/cfg075_vit_fashion_mnist_dpsgd_b32_rep00_seed2292.pt
fashion-mnist,vit,6974,randomk,2.0039033236813535,1,0,0,0,32,./checkpoints_grid/cfg077_vit_fashion_mnist_randomk_b32_rep00_seed2352.pt
fashion-mnist,vit,6974,qsgd,2.0267874414768086,1,1,1,0,32,./checkpoints_grid/cfg079_vit_fashion_mnist_qsgd_b32_rep00_seed2412.pt
fashion-mnist,vit,7067,none,0.3109827986248816,8,8,1,0,32,./checkpoints_grid/cfg071_vit_fashion_mnist_none_b32_rep00_seed2172.pt
fashion-mnist,vit,7067,topk,0.2354398537178464,8,8,1,0,32,./checkpoints_grid/cfg073_vit_fashion_mnist_topk_b32_rep00_seed2232.pt
fashion-mnist,vit,7067,dpsgd,2.09415676546621,8,7,0,0,32,./checkpoints_grid/cfg075_vit_fashion_mnist_dpsgd_b32_rep00_seed2292.pt
fashion-mnist,vit,7067,randomk,2.0969135291566143,8,0,0,0,32,./checkpoints_grid/cfg077_vit_fashion_mnist_randomk_b32_rep00_seed2352.pt
fashion-mnist,vit,7067,qsgd,2.0706494250450187,8,0,0,0,32,./checkpoints_grid/cfg079_vit_fashion_mnist_qsgd_b32_rep00_seed2412.pt
fashion-mnist,vit,7106,none,0.327263498468654,0,0,1,0,32,./checkpoints_grid/cfg071_vit_fashion_mnist_none_b32_rep00_seed2172.pt
fashion-mnist,vit,7106,topk,0.4557630115315558,0,0,1,0,32,./checkpoints_grid/cfg073_vit_fashion_mnist_topk_b32_rep00_seed2232.pt
fashion-mnist,vit,7106,dpsgd,2.288961737440194,0,2,0,0,32,./checkpoints_grid/cfg075_vit_fashion_mnist_dpsgd_b32_rep00_seed2292.pt
fashion-mnist,vit,7106,randomk,2.124297628409099,0,0,1,0,32,./checkpoints_grid/cfg077_vit_fashion_mnist_randomk_b32_rep00_seed2352.pt
fashion-mnist,vit,7106,qsgd,2.1759678445765664,0,0,1,0,32,./checkpoints_grid/cfg079_vit_fashion_mnist_qsgd_b32_rep00_seed2412.pt
fashion-mnist,vit,7566,none,1.9691854929308261,7,7,1,0,32,./checkpoints_grid/cfg071_vit_fashion_mnist_none_b32_rep00_seed2172.pt
fashion-mnist,vit,7566,topk,2.14212187920761,7,7,1,0,32,./checkpoints_grid/cfg073_vit_fashion_mnist_topk_b32_rep00_seed2232.pt
fashion-mnist,vit,7566,dpsgd,2.0626487076150712,7,6,0,0,32,./checkpoints_grid/cfg075_vit_fashion_mnist_dpsgd_b32_rep00_seed2292.pt
fashion-mnist,vit,7566,randomk,2.077664558832738,7,0,0,0,32,./checkpoints_grid/cfg077_vit_fashion_mnist_randomk_b32_rep00_seed2352.pt
fashion-mnist,vit,7566,qsgd,2.161902309863686,7,7,1,0,32,./checkpoints_grid/cfg079_vit_fashion_mnist_qsgd_b32_rep00_seed2412.pt
fashion-mnist,vit,8025,none,0.37085143812340027,0,0,1,0,32,./checkpoints_grid/cfg071_vit_fashion_mnist_none_b32_rep00_seed2172.pt
fashion-mnist,vit,8025,topk,0.4867085181535627,0,0,1,0,32,./checkpoints_grid/cfg073_vit_fashion_mnist_topk_b32_rep00_seed2232.pt
fashion-mnist,vit,8025,dpsgd,2.204165903660032,0,4,0,0,32,./checkpoints_grid/cfg075_vit_fashion_mnist_dpsgd_b32_rep00_seed2292.pt
fashion-mnist,vit,8025,randomk,2.1292406333106935,0,0,1,0,32,./checkpoints_grid/cfg077_vit_fashion_mnist_randomk_b32_rep00_seed2352.pt
fashion-mnist,vit,8025,qsgd,2.0394144974192714,0,0,1,0,32,./checkpoints_grid/cfg079_vit_fashion_mnist_qsgd_b32_rep00_seed2412.pt
fashion-mnist,vit,8122,none,0.09984135681916408,2,2,1,0,32,./checkpoints_grid/cfg071_vit_fashion_mnist_none_b32_rep00_seed2172.pt
fashion-mnist,vit,8122,topk,0.09685748184603903,2,2,1,0,32,./checkpoints_grid/cfg073_vit_fashion_mnist_topk_b32_rep00_seed2232.pt
fashion-mnist,vit,8122,dpsgd,2.057723938641471,2,5,0,0,32,./checkpoints_grid/cfg075_vit_fashion_mnist_dpsgd_b32_rep00_seed2292.pt
fashion-mnist,vit,8122,randomk,2.015190192585938,2,0,0,0,32,./checkpoints_grid/cfg077_vit_fashion_mnist_randomk_b32_rep00_seed2352.pt
fashion-mnist,vit,8122,qsgd,0.12070286902388361,2,2,1,0,32,./checkpoints_grid/cfg079_vit_fashion_mnist_qsgd_b32_rep00_seed2412.pt
fashion-mnist,vit,8218,none,2.162522490626379,1,1,1,0,32,./checkpoints_grid/cfg071_vit_fashion_mnist_none_b32_rep00_seed2172.pt
fashion-mnist,vit,8218,topk,2.0939709929728028,1,1,1,0,32,./checkpoints_grid/cfg073_vit_fashion_mnist_topk_b32_rep00_seed2232.pt
fashion-mnist,vit,8218,dpsgd,2.058420684467089,1,4,0,0,32,./checkpoints_grid/cfg075_vit_fashion_mnist_dpsgd_b32_rep00_seed2292.pt
fashion-mnist,vit,8218,randomk,1.992808170257349,1,0,0,0,32,./checkpoints_grid/cfg077_vit_fashion_mnist_randomk_b32_rep00_seed2352.pt
fashion-mnist,vit,8218,qsgd,0.14224325219367767,1,1,1,0,32,./checkpoints_grid/cfg079_vit_fashion_mnist_qsgd_b32_rep00_seed2412.pt
fashion-mnist,vit,8974,none,1.9911566156586098,6,6,1,0,32,./checkpoints_grid/cfg071_vit_fashion_mnist_none_b32_rep00_seed2172.pt
fashion-mnist,vit,8974,topk,0.11080964589508574,6,6,1,0,32,./checkpoints_grid/cfg073_vit_fashion_mnist_topk_b32_rep00_seed2232.pt
fashion-mnist,vit,8974,dpsgd,2.070077191688705,6,4,0,0,32,./checkpoints_grid/cfg075_vit_fashion_mnist_dpsgd_b32_rep00_seed2292.pt
fashion-mnist,vit,8974,randomk,2.0278191797238643,6,0,0,0,32,./checkpoints_grid/cfg077_vit_fashion_mnist_randomk_b32_rep00_seed2352.pt
fashion-mnist,vit,8974,qsgd,1.9895835856553146,6,0,0,0,32,./checkpoints_grid/cfg079_vit_fashion_mnist_qsgd_b32_rep00_seed2412.pt
fashion-mnist,vit,9023,none,2.268111298649046,4,4,1,0,32,./checkpoints_grid/cfg071_vit_fashion_mnist_none_b32_rep00_seed2172.pt
fashion-mnist,vit,9023,topk,0.34051866246421586,4,4,1,0,32,./checkpoints_grid/cfg073_vit_fashion_mnist_topk_b32_rep00_seed2232.pt
fashion-mnist,vit,9023,dpsgd,2.047288415369166,4,5,0,0,32,./checkpoints_grid/cfg075_vit_fashion_mnist_dpsgd_b32_rep00_seed2292.pt
fashion-mnist,vit,9023,randomk,2.1485207305744587,4,0,0,0,32,./checkpoints_grid/cfg077_vit_fashion_mnist_randomk_b32_rep00_seed2352.pt
fashion-mnist,vit,9023,qsgd,0.42499890482547714,4,4,1,0,32,./checkpoints_grid/cfg079_vit_fashion_mnist_qsgd_b32_rep00_seed2412.pt
cifar10,mlp,616,none,3.929071116492063e-12,6,6,1,0,32,./checkpoints_grid/cfg021_mlp_cifar10_none_b32_rep00_seed672.pt
cifar10,mlp,616,topk,0.001667234229478552,6,6,1,0,32,./checkpoints_grid/cfg023_mlp_cifar10_topk_b32_rep00_seed732.pt
cifar10,mlp,616,dpsgd,0.3134902870185711,6,2,0,0,32,./checkpoints_grid/cfg025_mlp_cifar10_dpsgd_b32_rep00_seed792.pt
cifar10,mlp,616,randomk,0.06913117378847539,6,0,0,0,32,./checkpoints_grid/cfg027_mlp_cifar10_randomk_b32_rep00_seed852.pt
cifar10,mlp,616,qsgd,0.02362384309426795,6,6,1,0,32,./checkpoints_grid/cfg029_mlp_cifar10_qsgd_b32_rep00_seed912.pt
cifar10,mlp,724,none,8.605270720533446e-13,8,8,1,0,32,./checkpoints_grid/cfg021_mlp_cifar10_none_b32_rep00_seed672.pt
cifar10,mlp,724,topk,0.0026116438532555867,8,8,1,0,32,./checkpoints_grid/cfg023_mlp_cifar10_topk_b32_rep00_seed732.pt
cifar10,mlp,724,dpsgd,0.3309366863287844,8,5,0,0,32,./checkpoints_grid/cfg025_mlp_cifar10_dpsgd_b32_rep00_seed792.pt
cifar10,mlp,724,randomk,0.08469098309770935,8,0,0,0,32,./checkpoints_grid/cfg027_mlp_cifar10_randomk_b32_rep00_seed852.pt
cifar10,mlp,724,qsgd,0.061739813276828044,8,0,0,0,32,./checkpoints_grid/cfg029_mlp_cifar10_qsgd_b32_rep00_seed912.pt
cifar10,mlp,1116,none,0.00016501340382294667,5,5,1,0,32,./checkpoints_grid/cfg021_mlp_cifar10_none_b32_rep00_seed672.pt
cifar10,mlp,1116,topk,0.0034885011461850764,5,5,1,0,32,./checkpoints_grid/cfg023_mlp_cifar10_topk_b32_rep00_seed732.pt
cifar10,mlp,1116,dpsgd,0.3147692599153037,5,5,1,0,32,./checkpoints_grid/cfg025_mlp_cifar10_dpsgd_b32_rep00_seed792.pt
cifar10,mlp,1116,randomk,0.07679149099860323,5,0,0,0,32,./checkpoints_grid/cfg027_mlp_cifar10_randomk_b32_rep00_seed852.pt
cifar10,mlp,1116,qsgd,0.05205588744724424,5,5,1,0,32,./checkpoints_grid/cfg029_mlp_cifar10_qsgd_b32_rep00_seed912.pt
cifar10,mlp,1170,none,1.1460006843951505e-12,7,7,1,0,32,./checkpoints_grid/cfg021_mlp_cifar10_none_b32_rep00_seed672.pt
cifar10,mlp,1170,topk,0.0024216563026972795,7,7,1,0,32,./checkpoints_grid/cfg023_mlp_cifar10_topk_b32_rep00_seed732.pt
cifar10,mlp,1170,dpsgd,0.30908343766395213,7,9,0,0,32,./checkpoints_grid/cfg025_mlp_cifar10_dpsgd_b32_rep00_seed792.pt
cifar10,mlp,1170,randomk,0.059259025232109706,7,7,1,0,32,./checkpoints_grid/cfg027_mlp_cifar10_randomk_b32_rep00_seed852.pt
cifar10,mlp,1170,qsgd,0.08391114851828414,7,0,0,0,32,./checkpoints_grid/cfg029_mlp_cifar10_qsgd_b32_rep00_seed912.pt
cifar10,mlp,1543,none,2.236111614160411e-12,5,5,1,0,32,./checkpoints_grid/cfg021_mlp_cifar10_none_b32_rep00_seed672.pt
cifar10,mlp,1543,topk,0.0007166669193067176,5,5,1,0,32,./checkpoints_grid/cfg023_mlp_cifar10_topk_b32_rep00_seed732.pt
cifar10,mlp,1543,dpsgd,0.2831269321246202,5,8,0,0,32,./checkpoints_grid/cfg025_mlp_cifar10_dpsgd_b32_rep00_seed792.pt
cifar10,mlp,1543,randomk,0.024697897855783257,5,0,0,0,32,./checkpoints_grid/cfg027_mlp_cifar10_randomk_b32_rep00_seed852.pt
cifar10,mlp,1543,qsgd,0.0064766452684845155,5,5,1,0,32,./checkpoints_grid/cfg029_mlp_cifar10_qsgd_b32_rep00_seed912.pt
cifar10,mlp,1887,none,8.680024291921976e-13,3,3,1,0,32,./checkpoints_grid/cfg021_mlp_cifar10_none_b32_rep00_seed672.pt
cifar10,mlp,1887,topk,0.0007203634728396471,3,3,1,0,32,./checkpoints_grid/cfg023_mlp_cifar10_topk_b32_rep00_seed732.pt
cifar10,mlp,1887,dpsgd,0.2735370399947435,3,8,0,0,32,./checkpoints_grid/cfg025_mlp_cifar10_dpsgd_b32_rep00_seed792.pt
cifar10,mlp,1887,randomk,0.017031037676436635,3,0,0,0,32,./checkpoints_grid/cfg027_mlp_cifar10_randomk_b32_rep00_seed852.pt
cifar10,mlp,1887,qsgd,0.006618475266163207,3,3,1,0,32,./checkpoints_grid/cfg029_mlp_cifar10_qsgd_b32_rep00_seed912.pt
cifar10,mlp,2286,none,3.653722795958954e-12,3,3,1,0,32,./checkpoints_grid/cfg021_mlp_cifar10_none_b32_rep00_seed672.pt
cifar10,mlp,2286,topk,0.0028415687055830855,3,3,1,0,32,./checkpoints_grid/cfg023_mlp_cifar10_topk_b32_rep00_seed732.pt
cifar10,mlp,2286,dpsgd,0.34033997520051634,3,3,1,0,32,./checkpoints_grid/cfg025_mlp_cifar10_dpsgd_b32_rep00_seed792.pt
cifar10,mlp,2286,randomk,0.06945016137478344,3,3,1,0,32,./checkpoints_grid/cfg027_mlp_cifar10_randomk_b32_rep00_seed852.pt
cifar10,mlp,2286,qsgd,0.01914876275261397,3,3,1,0,32,./checkpoints_grid/cfg029_mlp_cifar10_qsgd_b32_rep00_seed912.pt
cifar10,mlp,2298,none,4.255630859280786e-12,0,0,1,0,32,./checkpoints_grid/cfg021_mlp_cifar10_none_b32_rep00_seed672.pt
cifar10,mlp,2298,topk,0.002550038932730137,0,0,1,0,32,./checkpoints_grid/cfg023_mlp_cifar10_topk_b32_rep00_seed732.pt
cifar10,mlp,2298,dpsgd,0.32652755770294967,0,9,0,0,32,./checkpoints_grid/cfg025_mlp_cifar10_dpsgd_b32_rep00_seed792.pt
cifar10,mlp,2298,randomk,0.0762785198718497,0,0,1,0,32,./checkpoints_grid/cfg027_mlp_cifar10_randomk_b32_rep00_seed852.pt
cifar10,mlp,2298,qsgd,0.025242623427644703,0,0,1,0,32,./checkpoints_grid/cfg029_mlp_cifar10_qsgd_b32_rep00_seed912.pt
cifar10,mlp,2554,none,1.3482756577865018e-12,4,4,1,0,32,./checkpoints_grid/cfg021_mlp_cifar10_none_b32_rep00_seed672.pt
cifar10,mlp,2554,topk,0.002960096677164906,4,4,1,0,32,./checkpoints_grid/cfg023_mlp_cifar10_topk_b32_rep00_seed732.pt
cifar10,mlp,2554,dpsgd,0.2988068617954654,4,1,0,0,32,./checkpoints_grid/cfg025_mlp_cifar10_dpsgd_b32_rep00_seed792.pt
cifar10,mlp,2554,randomk,0.059643249609026706,4,0,0,0,32,./checkpoints_grid/cfg027_mlp_cifar10_randomk_b32_rep00_seed852.pt
cifar10,mlp,2554,qsgd,0.017945335978105343,4,4,1,0,32,./checkpoints_grid/cfg029_mlp_cifar10_qsgd_b32_rep00_seed912.pt
cifar10,mlp,3174,none,4.852530992767908e-12,2,2,1,0,32,./checkpoints_grid/cfg021_mlp_cifar10_none_b32_rep00_seed672.pt
cifar10,mlp,3174,topk,0.0014057666551583268,2,2,1,0,32,./checkpoints_grid/cfg023_mlp_cifar10_topk_b32_rep00_seed732.pt
cifar10,mlp,3174,dpsgd,0.3043901570262245,2,7,0,0,32,./checkpoints_grid/cfg025_mlp_cifar10_dpsgd_b32_rep00_seed792.pt
cifar10,mlp,3174,randomk,0.06264321143333873,2,0,0,0,32,./checkpoints_grid/cfg027_mlp_cifar10_randomk_b32_rep00_seed852.pt
cifar10,mlp,3174,qsgd,0.020283443313746027,2,2,1,0,32,./checkpoints_grid/cfg029_mlp_cifar10_qsgd_b32_rep00_seed912.pt
cifar10,mlp,3307,none,2.1312739695184917e-11,9,9,1,0,32,./checkpoints_grid/cfg021_mlp_cifar10_none_b32_rep00_seed672.pt
cifar10,mlp,3307,topk,0.0018023179311357695,9,9,1,0,32,./checkpoints_grid/cfg023_mlp_cifar10_topk_b32_rep00_seed732.pt
cifar10,mlp,3307,dpsgd,0.31939132682502586,9,6,0,0,32,./checkpoints_grid/cfg025_mlp_cifar10_dpsgd_b32_rep00_seed792.pt
cifar10,mlp,3307,randomk,0.08129774490118193,9,0,0,0,32,./checkpoints_grid/cfg027_mlp_cifar10_randomk_b32_rep00_seed852.pt
cifar10,mlp,3307,qsgd,0.024151654128229404,9,9,1,0,32,./checkpoints_grid/cfg029_mlp_cifar10_qsgd_b32_rep00_seed912.pt
cifar10,mlp,3316,none,0.0003593707800229701,7,7,1,0,32,./checkpoints_grid/cfg021_mlp_cifar10_none_b32_rep00_seed672.pt
cifar10,mlp,3316,topk,0.002448274446636716,7,7,1,0,32,./checkpoints_grid/cfg023_mlp_cifar10_topk_b32_rep00_seed732.pt
cifar10,mlp,3316,dpsgd,0.2960683150069271,7,1,0,0,32,./checkpoints_grid/cfg025_mlp_cifar10_dpsgd_b32_rep00_seed792.pt
cifar10,mlp,3316,randomk,0.04783549889263153,7,0,0,0,32,./checkpoints_grid/cfg027_mlp_cifar10_randomk_b32_rep00_seed852.pt
cifar10,mlp,3316,qsgd,0.01624956881197119,7,7,1,0,32,./checkpoints_grid/cfg029_mlp_cifar10_qsgd_b32_rep00_seed912.pt
cifar10,mlp,3842,none,5.110513357983737e-12,8,8,1,0,32,./checkpoints_grid/cfg021_mlp_cifar10_none_b32_rep00_seed672.pt
cifar10,mlp,3842,topk,0.0014801730450585131,8,8,1,0,32,./checkpoints_grid/cfg023_mlp_cifar10_topk_b32_rep00_seed732.pt
cifar10,mlp,3842,dpsgd,0.31851578317688994,8,0,0,0,32,./checkpoints_grid/cfg025_mlp_cifar10_dpsgd_b32_rep00_seed792.pt
cifar10,mlp,3842,randomk,0.06483458171416516,8,1,0,0,32,./checkpoints_grid/cfg027_mlp_cifar10_randomk_b32_rep00_seed852.pt
cifar10,mlp,3842,qsgd,0.06030362421475078,8,0,0,0,32,./checkpoints_grid/cfg029_mlp_cifar10_qsgd_b32_rep00_seed912.pt
cifar10,mlp,4570,none,1.3820953929932767e-12,9,9,1,0,32,./checkpoints_grid/cfg021_mlp_cifar10_none_b32_rep00_seed672.pt
cifar10,mlp,4570,topk,0.0012147134520248848,9,9,1,0,32,./checkpoints_grid/cfg023_mlp_cifar10_topk_b32_rep00_seed732.pt
cifar10,mlp,4570,dpsgd,0.29607362043768176,9,7,0,0,32,./checkpoints_grid/cfg025_mlp_cifar10_dpsgd_b32_rep00_seed792.pt
cifar10,mlp,4570,randomk,0.04341647319886394,9,0,0,0,32,./checkpoints_grid/cfg027_mlp_cifar10_randomk_b32_rep00_seed852.pt
cifar10,mlp,4570,qsgd,0.013879630044299087,9,9,1,0,32,./checkpoints_grid/cfg029_mlp_cifar10_qsgd_b32_rep00_seed912.pt
cifar10,mlp,4678,none,3.7393099322953943e-13,9,9,1,0,32,./checkpoints_grid/cfg021_mlp_cifar10_none_b32_rep00_seed672.pt
cifar10,mlp,4678,topk,0.0015218738159226916,9,9,1,0,32,./checkpoints_grid/cfg023_mlp_cifar10_topk_b32_rep00_seed732.pt
cifar10,mlp,4678,dpsgd,0.30181025346813556,9,8,0,0,32,./checkpoints_grid/cfg025_mlp_cifar10_dpsgd_b32_rep00_seed792.pt
cifar10,mlp,4678,randomk,0.060574949025426185,9,0,0,0,32,./checkpoints_grid/cfg027_mlp_cifar10_randomk_b32_rep00_seed852.pt
cifar10,mlp,4678,qsgd,0.017383098241181033,9,9,1,0,32,./checkpoints_grid/cfg029_mlp_cifar10_qsgd_b32_rep00_seed912.pt
cifar10,mlp,4793,none,1.0712111897746384e-12,6,6,1,0,32,./checkpoints_grid/cfg021_mlp_cifar10_none_b32_rep00_seed672.pt
cifar10,mlp,4793,topk,0.0012839919185771863,6,6,1,0,32,./checkpoints_grid/cfg023_mlp_cifar10_topk_b32_rep00_seed732.pt
cifar10,mlp,4793,dpsgd,0.3142859978635138,6,7,0,0,32,./checkpoints_grid/cfg025_mlp_cifar10_dpsgd_b32_rep00_seed792.pt
cifar10,mlp,4793,randomk,0.061903016157141576,6,0,0,0,32,./checkpoints_grid/cfg027_mlp_cifar10_randomk_b32_rep00_seed852.pt
cifar10,mlp,4793,qsgd,0.015484305116730485,6,6,1,0,32,./checkpoints_grid/cfg029_mlp_cifar10_qsgd_b32_rep00_seed912.pt
cifar10,mlp,5687,none,3.5209089694713627e-12,2,2,1,0,32,./checkpoints_grid/cfg021_mlp_cifar10_none_b32_rep00_seed672.pt
cifar10,mlp,5687,topk,0.0017151846392767832,2,2,1,0,32,./checkpoints_grid/cfg023_mlp_cifar10_topk_b32_rep00_seed732.pt
cifar10,mlp,5687,dpsgd,0.28103957917531813,2,5,0,0,32,./checkpoints_grid/cfg025_mlp_cifar10_dpsgd_b32_rep00_seed792.pt
cifar10,mlp,5687,randomk,0.05819176168939764,2,0,0,0,32,./checkpoints_grid/cfg027_mlp_cifar10_randomk_b32_rep00_seed852.pt
cifar10,mlp,5687,qsgd,0.018090861655466,2,2,1,0,32,./checkpoints_grid/cfg029_mlp_cifar10_qsgd_b32_rep00_seed912.pt
cifar10,mlp,6552,none,0.35376526963880633,1,1,1,0,32,./checkpoints_grid/cfg021_mlp_cifar10_none_b32_rep00_seed672.pt
cifar10,mlp,6552,topk,0.001083138676770576,1,1,1,0,32,./checkpoints_grid/cfg023_mlp_cifar10_topk_b32_rep00_seed732.pt
cifar10,mlp,6552,dpsgd,0.3056903109480537,1,4,0,0,32,./checkpoints_grid/cfg025_mlp_cifar10_dpsgd_b32_rep00_seed792.pt
cifar10,mlp,6552,randomk,0.05278707457678713,1,0,0,0,32,./checkpoints_grid/cfg027_mlp_cifar10_randomk_b32_rep00_seed852.pt
cifar10,mlp,6552,qsgd,0.016968342686648506,1,1,1,0,32,./checkpoints_grid/cfg029_mlp_cifar10_qsgd_b32_rep00_seed912.pt
cifar10,mlp,6614,none,1.864881151702099e-12,5,5,1,0,32,./checkpoints_grid/cfg021_mlp_cifar10_none_b32_rep00_seed672.pt
cifar10,mlp,6614,topk,0.001573699764259994,5,5,1,0,32,./checkpoints_grid/cfg023_mlp_cifar10_topk_b32_rep00_seed732.pt
cifar10,mlp,6614,dpsgd,0.28787951117483473,5,9,0,0,32,./checkpoints_grid/cfg025_mlp_cifar10_dpsgd_b32_rep00_seed792.pt
cifar10,mlp,6614,randomk,0.029551467414136764,5,5,1,0,32,./checkpoints_grid/cfg027_mlp_cifar10_randomk_b32_rep00_seed852.pt
cifar10,mlp,6614,qsgd,0.009468393654818838,5,5,1,0,32,./checkpoints_grid/cfg029_mlp_cifar10_qsgd_b32_rep00_seed912.pt
cifar10,mlp,6769,none,6.1066624454937e-05,3,3,1,0,32,./checkpoints_grid/cfg021_mlp_cifar10_none_b32_rep00_seed672.pt
cifar10,mlp,6769,topk,0.0037098105659370017,3,3,1,0,32,./checkpoints_grid/cfg023_mlp_cifar10_topk_b32_rep00_seed732.pt
cifar10,mlp,6769,dpsgd,0.34201697871782777,3,2,0,0,32,./checkpoints_grid/cfg025_mlp_cifar10_dpsgd_b32_rep00_seed792.pt
cifar10,mlp,6769,randomk,0.07281560263745826,3,1,0,0,32,./checkpoints_grid/cfg027_mlp_cifar10_randomk_b32_rep00_seed852.pt
cifar10,mlp,6769,qsgd,0.025732265626377832,3,3,1,0,32,./checkpoints_grid/cfg029_mlp_cifar10_qsgd_b32_rep00_seed912.pt
cifar10,mlp,6836,none,0.00025357064069084977,4,4,1,0,32,./checkpoints_grid/cfg021_mlp_cifar10_none_b32_rep00_seed672.pt
cifar10,mlp,6836,topk,0.0015332376953405263,4,4,1,0,32,./checkpoints_grid/cfg023_mlp_cifar10_topk_b32_rep00_seed732.pt
cifar10,mlp,6836,dpsgd,0.2968429788514975,4,4,1,0,32,./checkpoints_grid/cfg025_mlp_cifar10_dpsgd_b32_rep00_seed792.pt
cifar10,mlp,6836,randomk,0.04895967107518898,4,0,0,0,32,./checkpoints_grid/cfg027_mlp_cifar10_randomk_b32_rep00_seed852.pt
cifar10,mlp,6836,qsgd,0.014125078995921072,4,4,1,0,32,./checkpoints_grid/cfg029_mlp_cifar10_qsgd_b32_rep00_seed912.pt
cifar10,mlp,6841,none,3.979534077847939e-12,1,1,1,0,32,./checkpoints_grid/cfg021_mlp_cifar10_none_b32_rep00_seed672.pt
cifar10,mlp,6841,topk,0.002600751088987208,1,1,1,0,32,./checkpoints_grid/cfg023_mlp_cifar10_topk_b32_rep00_seed732.pt
cifar10,mlp,6841,dpsgd,0.2987528389323947,1,9,0,0,32,./checkpoints_grid/cfg025_mlp_cifar10_dpsgd_b32_rep00_seed792.pt
cifar10,mlp,6841,randomk,0.04266758150326635,1,0,0,0,32,./checkpoints_grid/cfg027_mlp_cifar10_randomk_b32_rep00_seed852.pt
cifar10,mlp,6841,qsgd,0.014198636348553886,1,1,1,0,32,./checkpoints_grid/cfg029_mlp_cifar10_qsgd_b32_rep00_seed912.pt
cifar10,mlp,6949,none,4.227497764468698e-12,0,0,1,0,32,./checkpoints_grid/cfg021_mlp_cifar10_none_b32_rep00_seed672.pt
cifar10,mlp,6949,topk,0.001326808419204237,0,0,1,0,32,./checkpoints_grid/cfg023_mlp_cifar10_topk_b32_rep00_seed732.pt
cifar10,mlp,6949,dpsgd,0.27500333360922835,0,6,0,0,32,./checkpoints_grid/cfg025_mlp_cifar10_dpsgd_b32_rep00_seed792.pt
cifar10,mlp,6949,randomk,0.026686397277194115,0,0,1,0,32,./checkpoints_grid/cfg027_mlp_cifar10_randomk_b32_rep00_seed852.pt
cifar10,mlp,6949,qsgd,0.010179334127903528,0,0,1,0,32,./checkpoints_grid/cfg029_mlp_cifar10_qsgd_b32_rep00_seed912.pt
cifar10,mlp,7271,none,1.5210677769411651e-12,7,7,1,0,32,./checkpoints_grid/cfg021_mlp_cifar10_none_b32_rep00_seed672.pt
cifar10,mlp,7271,topk,0.0010360764502781639,7,7,1,0,32,./checkpoints_grid/cfg023_mlp_cifar10_topk_b32_rep00_seed732.pt
cifar10,mlp,7271,dpsgd,0.27862998513938714,7,0,0,0,32,./checkpoints_grid/cfg025_mlp_cifar10_dpsgd_b32_rep00_seed792.pt
cifar10,mlp,7271,randomk,0.023748000300038274,7,1,0,0,32,./checkpoints_grid/cfg027_mlp_cifar10_randomk_b32_rep00_seed852.pt
cifar10,mlp,7271,qsgd,0.007395670998404973,7,7,1,0,32,./checkpoints_grid/cfg029_mlp_cifar10_qsgd_b32_rep00_seed912.pt
cifar10,mlp,7353,none,0.053559234102511684,8,8,1,0,32,./checkpoints_grid/cfg021_mlp_cifar10_none_b32_rep00_seed672.pt
cifar10,mlp,7353,topk,0.0019913037632884887,8,8,1,0,32,./checkpoints_grid/cfg023_mlp_cifar10_topk_b32_rep00_seed732.pt
cifar10,mlp,7353,dpsgd,0.32261852287935866,8,8,1,0,32,./checkpoints_grid/cfg025_mlp_cifar10_dpsgd_b32_rep00_seed792.pt
cifar10,mlp,7353,randomk,0.08117598690735614,8,0,0,0,32,./checkpoints_grid/cfg027_mlp_cifar10_randomk_b32_rep00_seed852.pt
cifar10,mlp,7353,qsgd,0.29402523042569456,8,8,1,0,32,./checkpoints_grid/cfg029_mlp_cifar10_qsgd_b32_rep00_seed912.pt
cifar10,mlp,7838,none,1.1185867770241442e-12,0,0,1,0,32,./checkpoints_grid/cfg021_mlp_cifar10_none_b32_rep00_seed672.pt
cifar10,mlp,7838,topk,0.001477574913122058,0,0,1,0,32,./checkpoints_grid/cfg023_mlp_cifar10_topk_b32_rep00_seed732.pt
cifar10,mlp,7838,dpsgd,0.3150176551862787,0,2,0,0,32,./checkpoints_grid/cfg025_mlp_cifar10_dpsgd_b32_rep00_seed792.pt
cifar10,mlp,7838,randomk,0.05801883585139842,0,0,1,0,32,./checkpoints_grid/cfg027_mlp_cifar10_randomk_b32_rep00_seed852.pt
cifar10,mlp,7838,qsgd,0.021757773692922266,0,0,1,0,32,./checkpoints_grid/cfg029_mlp_cifar10_qsgd_b32_rep00_seed912.pt
cifar10,mlp,7986,none,5.4550035444474176e-08,1,1,1,0,32,./checkpoints_grid/cfg021_mlp_cifar10_none_b32_rep00_seed672.pt
cifar10,mlp,7986,topk,0.001308362462352132,1,1,1,0,32,./checkpoints_grid/cfg023_mlp_cifar10_topk_b32_rep00_seed732.pt
cifar10,mlp,7986,dpsgd,0.3157881309375105,1,7,0,0,32,./checkpoints_grid/cfg025_mlp_cifar10_dpsgd_b32_rep00_seed792.pt
cifar10,mlp,7986,randomk,0.061993696888317774,1,0,0,0,32,./checkpoints_grid/cfg027_mlp_cifar10_randomk_b32_rep00_seed852.pt
cifar10,mlp,7986,qsgd,0.020876083214216773,1,1,1,0,32,./checkpoints_grid/cfg029_mlp_cifar10_qsgd_b32_rep00_seed912.pt
cifar10,mlp,8371,none,6.182696380086919e-05,2,2,1,0,32,./checkpoints_grid/cfg021_mlp_cifar10_none_b32_rep00_seed672.pt
cifar10,mlp,8371,topk,0.0021449518842497042,2,2,1,0,32,./checkpoints_grid/cfg023_mlp_cifar10_topk_b32_rep00_seed732.pt
cifar10,mlp,8371,dpsgd,0.30090231103648896,2,5,0,0,32,./checkpoints_grid/cfg025_mlp_cifar10_dpsgd_b32_rep00_seed792.pt
cifar10,mlp,8371,randomk,0.0546759728721708,2,0,0,0,32,./checkpoints_grid/cfg027_mlp_cifar10_randomk_b32_rep00_seed852.pt
cifar10,mlp,8371,qsgd,0.053745988934788935,2,0,0,0,32,./checkpoints_grid/cfg029_mlp_cifar10_qsgd_b32_rep00_seed912.pt
cifar10,mlp,8808,none,4.2717533792665146e-12,6,6,1,0,32,./checkpoints_grid/cfg021_mlp_cifar10_none_b32_rep00_seed672.pt
cifar10,mlp,8808,topk,0.0015219542182340056,6,6,1,0,32,./checkpoints_grid/cfg023_mlp_cifar10_topk_b32_rep00_seed732.pt
cifar10,mlp,8808,dpsgd,0.2835851913706305,6,6,1,0,32,./checkpoints_grid/cfg025_mlp_cifar10_dpsgd_b32_rep00_seed792.pt
cifar10,mlp,8808,randomk,0.03315696522268143,6,0,0,0,32,./checkpoints_grid/cfg027_mlp_cifar10_randomk_b32_rep00_seed852.pt
cifar10,mlp,8808,qsgd,0.009347083104458842,6,6,1,0,32,./checkpoints_grid/cfg029_mlp_cifar10_qsgd_b32_rep00_seed912.pt
cifar10,mlp,9073,none,2.544899561816036e-06,4,4,1,0,32,./checkpoints_grid/cfg021_mlp_cifar10_none_b32_rep00_seed672.pt
cifar10,mlp,9073,topk,0.003494055836567702,4,4,1,0,32,./checkpoints_grid/cfg023_mlp_cifar10_topk_b32_rep00_seed732.pt
cifar10,mlp,9073,dpsgd,0.32572517333436884,4,4,1,0,32,./checkpoints_grid/cfg025_mlp_cifar10_dpsgd_b32_rep00_seed792.pt
cifar10,mlp,9073,randomk,0.0631389828404902,4,0,0,0,32,./checkpoints_grid/cfg027_mlp_cifar10_randomk_b32_rep00_seed852.pt
cifar10,mlp,9073,qsgd,0.07152464722829278,4,0,0,0,32,./checkpoints_grid/cfg029_mlp_cifar10_qsgd_b32_rep00_seed912.pt
cifar10,cnn,616,none,0.008663144043231439,6,6,1,0,32,./checkpoints_grid/cfg051_cnn_cifar10_none_b32_rep00_seed1572.pt
cifar10,cnn,616,topk,0.008925331340774332,6,6,1,0,32,./checkpoints_grid/cfg053_cnn_cifar10_topk_b32_rep00_seed1632.pt
cifar10,cnn,616,dpsgd,0.2459782394851179,6,0,0,0,32,./checkpoints_grid/cfg055_cnn_cifar10_dpsgd_b32_rep00_seed1692.pt
cifar10,cnn,616,randomk,0.06456997697139218,6,6,1,0,32,./checkpoints_grid/cfg057_cnn_cifar10_randomk_b32_rep00_seed1752.pt
cifar10,cnn,616,qsgd,0.0734371439759678,6,0,0,0,32,./checkpoints_grid/cfg059_cnn_cifar10_qsgd_b32_rep00_seed1812.pt
cifar10,cnn,724,none,0.0203269551088865,8,8,1,0,32,./checkpoints_grid/cfg051_cnn_cifar10_none_b32_rep00_seed1572.pt
cifar10,cnn,724,topk,0.016896870277424703,8,8,1,0,32,./checkpoints_grid/cfg053_cnn_cifar10_topk_b32_rep00_seed1632.pt
cifar10,cnn,724,dpsgd,0.31932447772781886,8,4,0,0,32,./checkpoints_grid/cfg055_cnn_cifar10_dpsgd_b32_rep00_seed1692.pt
cifar10,cnn,724,randomk,0.08522646165352761,8,0,0,0,32,./checkpoints_grid/cfg057_cnn_cifar10_randomk_b32_rep00_seed1752.pt
cifar10,cnn,724,qsgd,0.2804112403922296,8,8,1,0,32,./checkpoints_grid/cfg059_cnn_cifar10_qsgd_b32_rep00_seed1812.pt
cifar10,cnn,1116,none,0.008422322044750514,5,5,1,0,32,./checkpoints_grid/cfg051_cnn_cifar10_none_b32_rep00_seed1572.pt
cifar10,cnn,1116,topk,0.007569665807963376,5,5,1,0,32,./checkpoints_grid/cfg053_cnn_cifar10_topk_b32_rep00_seed1632.pt
cifar10,cnn,1116,dpsgd,0.26252526126912284,5,7,0,0,32,./checkpoints_grid/cfg055_cnn_cifar10_dpsgd_b32_rep00_seed1692.pt
cifar10,cnn,1116,randomk,0.07769353271450498,5,0,0,0,32,./checkpoints_grid/cfg057_cnn_cifar10_randomk_b32_rep00_seed1752.pt
cifar10,cnn,1116,qsgd,0.04750702441716559,5,5,1,0,32,./checkpoints_grid/cfg059_cnn_cifar10_qsgd_b32_rep00_seed1812.pt
cifar10,cnn,1170,none,0.006757486508938648,7,7,1,0,32,./checkpoints_grid/cfg051_cnn_cifar10_none_b32_rep00_seed1572.pt
cifar10,cnn,1170,topk,0.012210709937085574,7,7,1,0,32,./checkpoints_grid/cfg053_cnn_cifar10_topk_b32_rep00_seed1632.pt
cifar10,cnn,1170,dpsgd,0.30947600800781006,7,3,0,0,32,./checkpoints_grid/cfg055_cnn_cifar10_dpsgd_b32_rep00_seed1692.pt
cifar10,cnn,1170,randomk,0.06802448422594894,7,0,0,0,32,./checkpoints_grid/cfg057_cnn_cifar10_randomk_b32_rep00_seed1752.pt
cifar10,cnn,1170,qsgd,0.05801659079337718,7,7,1,0,32,./checkpoints_grid/cfg059_cnn_cifar10_qsgd_b32_rep00_seed1812.pt
cifar10,cnn,1543,none,0.003371631201897263,5,5,1,0,32,./checkpoints_grid/cfg051_cnn_cifar10_none_b32_rep00_seed1572.pt
cifar10,cnn,1543,topk,0.002710252873786578,5,5,1,0,32,./checkpoints_grid/cfg053_cnn_cifar10_topk_b32_rep00_seed1632.pt
cifar10,cnn,1543,dpsgd,0.20321753918355845,5,9,0,0,32,./checkpoints_grid/cfg055_cnn_cifar10_dpsgd_b32_rep00_seed1692.pt
cifar10,cnn,1543,randomk,0.28649958371737094,5,0,0,0,32,./checkpoints_grid/cfg057_cnn_cifar10_randomk_b32_rep00_seed1752.pt
cifar10,cnn,1543,qsgd,0.01814885535520316,5,5,1,0,32,./checkpoints_grid/cfg059_cnn_cifar10_qsgd_b32_rep00_seed1812.pt
cifar10,cnn,1887,none,0.0015497769660757863,3,3,1,0,32,./checkpoints_grid/cfg051_cnn_cifar10_none_b32_rep00_seed1572.pt
cifar10,cnn,1887,topk,0.002478465619983341,3,3,1,0,32,./checkpoints_grid/cfg053_cnn_cifar10_topk_b32_rep00_seed1632.pt
cifar10,cnn,1887,dpsgd,0.20889774635660996,3,9,0,0,32,./checkpoints_grid/cfg055_cnn_cifar10_dpsgd_b32_rep00_seed1692.pt
cifar10,cnn,1887,randomk,0.01974392853561947,3,0,0,0,32,./checkpoints_grid/cfg057_cnn_cifar10_randomk_b32_rep00_seed1752.pt
cifar10,cnn,1887,qsgd,0.018333504991413757,3,3,1,0,32,./checkpoints_grid/cfg059_cnn_cifar10_qsgd_b32_rep00_seed1812.pt
cifar10,cnn,2286,none,0.0134748605990884,3,3,1,0,32,./checkpoints_grid/cfg051_cnn_cifar10_none_b32_rep00_seed1572.pt
cifar10,cnn,2286,topk,0.012349728132773213,3,3,1,0,32,./checkpoints_grid/cfg053_cnn_cifar10_topk_b32_rep00_seed1632.pt
cifar10,cnn,2286,dpsgd,0.3372399405660536,3,1,0,0,32,./checkpoints_grid/cfg055_cnn_cifar10_dpsgd_b32_rep00_seed1692.pt
cifar10,cnn,2286,randomk,0.08523983855425388,3,0,0,0,32,./checkpoints_grid/cfg057_cnn_cifar10_randomk_b32_rep00_seed1752.pt
cifar10,cnn,2286,qsgd,0.06934928679121209,3,3,1,0,32,./checkpoints_grid/cfg059_cnn_cifar10_qsgd_b32_rep00_seed1812.pt
cifar10,cnn,2298,none,0.003709778513119443,0,0,1,0,32,./checkpoints_grid/cfg051_cnn_cifar10_none_b32_rep00_seed1572.pt
cifar10,cnn,2298,topk,0.009209182216459963,0,0,1,0,32,./checkpoints_grid/cfg053_cnn_cifar10_topk_b32_rep00_seed1632.pt
cifar10,cnn,2298,dpsgd,0.35148415823007356,0,6,0,0,32,./checkpoints_grid/cfg055_cnn_cifar10_dpsgd_b32_rep00_seed1692.pt
cifar10,cnn,2298,randomk,0.23629275792164572,0,0,1,0,32,./checkpoints_grid/cfg057_cnn_cifar10_randomk_b32_rep00_seed1752.pt
cifar10,cnn,2298,qsgd,0.0484512923636819,0,0,1,0,32,./checkpoints_grid/cfg059_cnn_cifar10_qsgd_b32_rep00_seed1812.pt
cifar10,cnn,2554,none,0.015243276352099239,4,4,1,0,32,./checkpoints_grid/cfg051_cnn_cifar10_none_b32_rep00_seed1572.pt
cifar10,cnn,2554,topk,0.015193677727070518,4,4,1,0,32,./checkpoints_grid/cfg053_cnn_cifar10_topk_b32_rep00_seed1632.pt
cifar10,cnn,2554,dpsgd,0.2897543473943123,4,2,0,0,32,./checkpoints_grid/cfg055_cnn_cifar10_dpsgd_b32_rep00_seed1692.pt
cifar10,cnn,2554,randomk,0.06177584991017984,4,0,0,0,32,./checkpoints_grid/cfg057_cnn_cifar10_randomk_b32_rep00_seed1752.pt
cifar10,cnn,2554,qsgd,0.044490736217377425,4,4,1,0,32,./checkpoints_grid/cfg059_cnn_cifar10_qsgd_b32_rep00_seed1812.pt
cifar10,cnn,3174,none,0.004369866080437173,2,2,1,0,32,./checkpoints_grid/cfg051_cnn_cifar10_none_b32_rep00_seed1572.pt
cifar10,cnn,3174,topk,0.010027053318292473,2,2,1,0,32,./checkpoints_grid/cfg053_cnn_cifar10_topk_b32_rep00_seed1632.pt
cifar10,cnn,3174,dpsgd,0.31591555991112813,2,5,0,0,32,./checkpoints_grid/cfg055_cnn_cifar10_dpsgd_b32_rep00_seed1692.pt
cifar10,cnn,3174,randomk,0.063979390287309,2,0,0,0,32,./checkpoints_grid/cfg057_cnn_cifar10_randomk_b32_rep00_seed1752.pt
cifar10,cnn,3174,qsgd,0.03796423017462667,2,2,1,0,32,./checkpoints_grid/cfg059_cnn_cifar10_qsgd_b32_rep00_seed1812.pt
cifar10,cnn,3307,none,0.010432004593016861,9,9,1,0,32,./checkpoints_grid/cfg051_cnn_cifar10_none_b32_rep00_seed1572.pt
cifar10,cnn,3307,topk,0.01419203698752726,9,9,1,0,32,./checkpoints_grid/cfg053_cnn_cifar10_topk_b32_rep00_seed1632.pt
cifar10,cnn,3307,dpsgd,0.3172120030158215,9,7,0,0,32,./checkpoints_grid/cfg055_cnn_cifar10_dpsgd_b32_rep00_seed1692.pt
cifar10,cnn,3307,randomk,0.0768490795486868,9,9,1,0,32,./checkpoints_grid/cfg057_cnn_cifar10_randomk_b32_rep00_seed1752.pt
cifar10,cnn,3307,qsgd,0.06164278992856951,9,9,1,0,32,./checkpoints_grid/cfg059_cnn_cifar10_qsgd_b32_rep00_seed1812.pt
cifar10,cnn,3316,none,0.010536238406511834,7,7,1,0,32,./checkpoints_grid/cfg051_cnn_cifar10_none_b32_rep00_seed1572.pt
cifar10,cnn,3316,topk,0.006015740940948879,7,7,1,0,32,./checkpoints_grid/cfg053_cnn_cifar10_topk_b32_rep00_seed1632.pt
cifar10,cnn,3316,dpsgd,0.30096625989120307,7,2,0,0,32,./checkpoints_grid/cfg055_cnn_cifar10_dpsgd_b32_rep00_seed1692.pt
cifar10,cnn,3316,randomk,0.05282018967971051,7,0,0,0,32,./checkpoints_grid/cfg057_cnn_cifar10_randomk_b32_rep00_seed1752.pt
cifar10,cnn,3316,qsgd,0.04393447618466236,7,7,1,0,32,./checkpoints_grid/cfg059_cnn_cifar10_qsgd_b32_rep00_seed1812.pt
cifar10,cnn,3842,none,0.01097682610668405,8,8,1,0,32,./checkpoints_grid/cfg051_cnn_cifar10_none_b32_rep00_seed1572.pt
cifar10,cnn,3842,topk,0.006111731780508313,8,8,1,0,32,./checkpoints_grid/cfg053_cnn_cifar10_topk_b32_rep00_seed1632.pt
cifar10,cnn,3842,dpsgd,0.23234345186264138,8,0,0,0,32,./checkpoints_grid/cfg055_cnn_cifar10_dpsgd_b32_rep00_seed1692.pt
cifar10,cnn,3842,randomk,0.05727550682464838,8,0,0,0,32,./checkpoints_grid/cfg057_cnn_cifar10_randomk_b32_rep00_seed1752.pt
cifar10,cnn,3842,qsgd,0.06610346720819422,8,8,1,0,32,./checkpoints_grid/cfg059_cnn_cifar10_qsgd_b32_rep00_seed1812.pt
cifar10,cnn,4570,none,0.006876424676623878,9,9,1,0,32,./checkpoints_grid/cfg051_cnn_cifar10_none_b32_rep00_seed1572.pt
cifar10,cnn,4570,topk,0.004967544606704723,9,9,1,0,32,./checkpoints_grid/cfg053_cnn_cifar10_topk_b32_rep00_seed1632.pt
cifar10,cnn,4570,dpsgd,0.2183158900596532,9,9,1,0,32,./checkpoints_grid/cfg055_cnn_cifar10_dpsgd_b32_rep00_seed1692.pt
cifar10,cnn,4570,randomk,0.04721638261095525,9,1,0,0,32,./checkpoints_grid/cfg057_cnn_cifar10_randomk_b32_rep00_seed1752.pt
cifar10,cnn,4570,qsgd,0.03916427088950649,9,0,0,0,32,./checkpoints_grid/cfg059_cnn_cifar10_qsgd_b32_rep00_seed1812.pt
cifar10,cnn,4678,none,0.004915502621240116,9,9,1,0,32,./checkpoints_grid/cfg051_cnn_cifar10_none_b32_rep00_seed1572.pt
cifar10,cnn,4678,topk,0.005701610188366892,9,9,1,0,32,./checkpoints_grid/cfg053_cnn_cifar10_topk_b32_rep00_seed1632.pt
cifar10,cnn,4678,dpsgd,0.3099150842156058,9,5,0,0,32,./checkpoints_grid/cfg055_cnn_cifar10_dpsgd_b32_rep00_seed1692.pt
cifar10,cnn,4678,randomk,0.05666353514910042,9,0,0,0,32,./checkpoints_grid/cfg057_cnn_cifar10_randomk_b32_rep00_seed1752.pt
cifar10,cnn,4678,qsgd,0.039631404203475,9,9,1,0,32,./checkpoints_grid/cfg059_cnn_cifar10_qsgd_b32_rep00_seed1812.pt
cifar10,cnn,4793,none,0.007779828340963235,6,6,1,0,32,./checkpoints_grid/cfg051_cnn_cifar10_none_b32_rep00_seed1572.pt
cifar10,cnn,4793,topk,0.010898653599175323,6,6,1,0,32,./checkpoints_grid/cfg053_cnn_cifar10_topk_b32_rep00_seed1632.pt
cifar10,cnn,4793,dpsgd,0.23381454513359837,6,7,0,0,32,./checkpoints_grid/cfg055_cnn_cifar10_dpsgd_b32_rep00_seed1692.pt
cifar10,cnn,4793,randomk,0.0600459385201215,6,0,0,0,32,./checkpoints_grid/cfg057_cnn_cifar10_randomk_b32_rep00_seed1752.pt
cifar10,cnn,4793,qsgd,0.043565756230636125,6,6,1,0,32,./checkpoints_grid/cfg059_cnn_cifar10_qsgd_b32_rep00_seed1812.pt
cifar10,cnn,5687,none,0.010774811462570907,2,2,1,0,32,./checkpoints_grid/cfg051_cnn_cifar10_none_b32_rep00_seed1572.pt
cifar10,cnn,5687,topk,0.012783257084320635,2,2,1,0,32,./checkpoints_grid/cfg053_cnn_cifar10_topk_b32_rep00_seed1632.pt
cifar10,cnn,5687,dpsgd,0.2443978611453994,2,7,0,0,32,./checkpoints_grid/cfg055_cnn_cifar10_dpsgd_b32_rep00_seed1692.pt
cifar10,cnn,5687,randomk,0.05425407505497054,2,1,0,0,32,./checkpoints_grid/cfg057_cnn_cifar10_randomk_b32_rep00_seed1752.pt
cifar10,cnn,5687,qsgd,0.02444743693627983,2,2,1,0,32,./checkpoints_grid/cfg059_cnn_cifar10_qsgd_b32_rep00_seed1812.pt
cifar10,cnn,6552,none,0.007047470861909685,1,1,1,0,32,./checkpoints_grid/cfg051_cnn_cifar10_none_b32_rep00_seed1572.pt
cifar10,cnn,6552,topk,0.00640939110719894,1,1,1,0,32,./checkpoints_grid/cfg053_cnn_cifar10_topk_b32_rep00_seed1632.pt
cifar10,cnn,6552,dpsgd,0.3088216939497029,1,1,1,0,32,./checkpoints_grid/cfg055_cnn_cifar10_dpsgd_b32_rep00_seed1692.pt
cifar10,cnn,6552,randomk,0.05208293366033855,1,0,0,0,32,./checkpoints_grid/cfg057_cnn_cifar10_randomk_b32_rep00_seed1752.pt
cifar10,cnn,6552,qsgd,0.041344505162182583,1,1,1,0,32,./checkpoints_grid/cfg059_cnn_cifar10_qsgd_b32_rep00_seed1812.pt
cifar10,cnn,6614,none,0.011158786560767344,5,5,1,0,32,./checkpoints_grid/cfg051_cnn_cifar10_none_b32_rep00_seed1572.pt
cifar10,cnn,6614,topk,0.006819359757352146,5,5,1,0,32,./checkpoints_grid/cfg053_cnn_cifar10_topk_b32_rep00_seed1632.pt
cifar10,cnn,6614,dpsgd,0.2813104353406089,5,4,0,0,32,./checkpoints_grid/cfg055_cnn_cifar10_dpsgd_b32_rep00_seed1692.pt
cifar10,cnn,6614,randomk,0.03363341781496322,5,5,1,0,32,./checkpoints_grid/cfg057_cnn_cifar10_randomk_b32_rep00_seed1752.pt
cifar10,cnn,6614,qsgd,0.033872036043118746,5,5,1,0,32,./checkpoints_grid/cfg059_cnn_cifar10_qsgd_b32_rep00_seed1812.pt
cifar10,cnn,6769,none,0.006537683783322969,3,3,1,0,32,./checkpoints_grid/cfg051_cnn_cifar10_none_b32_rep00_seed1572.pt
cifar10,cnn,6769,topk,0.006094507250204548,3,3,1,0,32,./checkpoints_grid/cfg053_cnn_cifar10_topk_b32_rep00_seed1632.pt
cifar10,cnn,6769,dpsgd,0.33046800233651263,3,1,0,0,32,./checkpoints_grid/cfg055_cnn_cifar10_dpsgd_b32_rep00_seed1692.pt
cifar10,cnn,6769,randomk,0.07750310068197724,3,0,0,0,32,./checkpoints_grid/cfg057_cnn_cifar10_randomk_b32_rep00_seed1752.pt
cifar10,cnn,6769,qsgd,0.054130859991659015,3,3,1,0,32,./checkpoints_grid/cfg059_cnn_cifar10_qsgd_b32_rep00_seed1812.pt
cifar10,cnn,6836,none,0.007111948747424788,4,4,1,0,32,./checkpoints_grid/cfg051_cnn_cifar10_none_b32_rep00_seed1572.pt
cifar10,cnn,6836,topk,0.011365727010145849,4,4,1,0,32,./checkpoints_grid/cfg053_cnn_cifar10_topk_b32_rep00_seed1632.pt
cifar10,cnn,6836,dpsgd,0.2996682883687328,4,0,0,0,32,./checkpoints_grid/cfg055_cnn_cifar10_dpsgd_b32_rep00_seed1692.pt
cifar10,cnn,6836,randomk,0.04437677341721195,4,4,1,0,32,./checkpoints_grid/cfg057_cnn_cifar10_randomk_b32_rep00_seed1752.pt
cifar10,cnn,6836,qsgd,0.038580679606320535,4,4,1,0,32,./checkpoints_grid/cfg059_cnn_cifar10_qsgd_b32_rep00_seed1812.pt
cifar10,cnn,6841,none,0.018281916887929645,1,1,1,0,32,./checkpoints_grid/cfg051_cnn_cifar10_none_b32_rep00_seed1572.pt
cifar10,cnn,6841,topk,0.013061726143178598,1,1,1,0,32,./checkpoints_grid/cfg053_cnn_cifar10_topk_b32_rep00_seed1632.pt
cifar10,cnn,6841,dpsgd,0.2965687326291639,1,3,0,0,32,./checkpoints_grid/cfg055_cnn_cifar10_dpsgd_b32_rep00_seed1692.pt
cifar10,cnn,6841,randomk,0.04536723052458083,1,0,0,0,32,./checkpoints_grid/cfg057_cnn_cifar10_randomk_b32_rep00_seed1752.pt
cifar10,cnn,6841,qsgd,0.04618003238804539,1,0,0,0,32,./checkpoints_grid/cfg059_cnn_cifar10_qsgd_b32_rep00_seed1812.pt
cifar10,cnn,6949,none,0.009217623790372251,0,0,1,0,32,./checkpoints_grid/cfg051_cnn_cifar10_none_b32_rep00_seed1572.pt
cifar10,cnn,6949,topk,0.0032430135629993033,0,0,1,0,32,./checkpoints_grid/cfg053_cnn_cifar10_topk_b32_rep00_seed1632.pt
cifar10,cnn,6949,dpsgd,0.2671701216640168,0,3,0,0,32,./checkpoints_grid/cfg055_cnn_cifar10_dpsgd_b32_rep00_seed1692.pt
cifar10,cnn,6949,randomk,0.02513344548572605,0,0,1,0,32,./checkpoints_grid/cfg057_cnn_cifar10_randomk_b32_rep00_seed1752.pt
cifar10,cnn,6949,qsgd,0.01774523269206891,0,0,1,0,32,./checkpoints_grid/cfg059_cnn_cifar10_qsgd_b32_rep00_seed1812.pt
cifar10,cnn,7271,none,0.0032814646552282944,7,7,1,0,32,./checkpoints_grid/cfg051_cnn_cifar10_none_b32_rep00_seed1572.pt
cifar10,cnn,7271,topk,0.005227235943512547,7,7,1,0,32,./checkpoints_grid/cfg053_cnn_cifar10_topk_b32_rep00_seed1632.pt
cifar10,cnn,7271,dpsgd,0.2857610861918703,7,6,0,0,32,./checkpoints_grid/cfg055_cnn_cifar10_dpsgd_b32_rep00_seed1692.pt
cifar10,cnn,7271,randomk,0.02735919560026975,7,0,0,0,32,./checkpoints_grid/cfg057_cnn_cifar10_randomk_b32_rep00_seed1752.pt
cifar10,cnn,7271,qsgd,0.020926741427621687,7,7,1,0,32,./checkpoints_grid/cfg059_cnn_cifar10_qsgd_b32_rep00_seed1812.pt
cifar10,cnn,7353,none,0.013820140806319025,8,8,1,0,32,./checkpoints_grid/cfg051_cnn_cifar10_none_b32_rep00_seed1572.pt
cifar10,cnn,7353,topk,0.2606221204738939,8,8,1,0,32,./checkpoints_grid/cfg053_cnn_cifar10_topk_b32_rep00_seed1632.pt
cifar10,cnn,7353,dpsgd,0.2527287762244938,8,2,0,0,32,./checkpoints_grid/cfg055_cnn_cifar10_dpsgd_b32_rep00_seed1692.pt
cifar10,cnn,7353,randomk,0.07465069932600683,8,0,0,0,32,./checkpoints_grid/cfg057_cnn_cifar10_randomk_b32_rep00_seed1752.pt
cifar10,cnn,7353,qsgd,0.07486691411575831,8,0,0,0,32,./checkpoints_grid/cfg059_cnn_cifar10_qsgd_b32_rep00_seed1812.pt
cifar10,cnn,7838,none,0.011386283210272227,0,0,1,0,32,./checkpoints_grid/cfg051_cnn_cifar10_none_b32_rep00_seed1572.pt
cifar10,cnn,7838,topk,0.014275059154757576,0,0,1,0,32,./checkpoints_grid/cfg053_cnn_cifar10_topk_b32_rep00_seed1632.pt
cifar10,cnn,7838,dpsgd,0.22373478592970683,0,0,1,0,32,./checkpoints_grid/cfg055_cnn_cifar10_dpsgd_b32_rep00_seed1692.pt
cifar10,cnn,7838,randomk,0.29753271680969556,0,0,1,0,32,./checkpoints_grid/cfg057_cnn_cifar10_randomk_b32_rep00_seed1752.pt
cifar10,cnn,7838,qsgd,0.05307211157271793,0,0,1,0,32,./checkpoints_grid/cfg059_cnn_cifar10_qsgd_b32_rep00_seed1812.pt
cifar10,cnn,7986,none,0.007459323176644511,1,1,1,0,32,./checkpoints_grid/cfg051_cnn_cifar10_none_b32_rep00_seed1572.pt
cifar10,cnn,7986,topk,0.015592971583761182,1,1,1,0,32,./checkpoints_grid/cfg053_cnn_cifar10_topk_b32_rep00_seed1632.pt
cifar10,cnn,7986,dpsgd,0.2449689860276815,1,2,0,0,32,./checkpoints_grid/cfg055_cnn_cifar10_dpsgd_b32_rep00_seed1692.pt
cifar10,cnn,7986,randomk,0.29217446630546823,1,1,1,0,32,./checkpoints_grid/cfg057_cnn_cifar10_randomk_b32_rep00_seed1752.pt
cifar10,cnn,7986,qsgd,0.046107756377480706,1,1,1,0,32,./checkpoints_grid/cfg059_cnn_cifar10_qsgd_b32_rep00_seed1812.pt
cifar10,cnn,8371,none,0.016028172784156074,2,2,1,0,32,./checkpoints_grid/cfg051_cnn_cifar10_none_b32_rep00_seed1572.pt
cifar10,cnn,8371,topk,0.00898567234297407,2,2,1,0,32,./checkpoints_grid/cfg053_cnn_cifar10_topk_b32_rep00_seed1632.pt
cifar10,cnn,8371,dpsgd,0.24183012142798818,2,0,0,0,32,./checkpoints_grid/cfg055_cnn_cifar10_dpsgd_b32_rep00_seed1692.pt
cifar10,cnn,8371,randomk,0.05075432636114771,2,2,1,0,32,./checkpoints_grid/cfg057_cnn_cifar10_randomk_b32_rep00_seed1752.pt
cifar10,cnn,8371,qsgd,0.04642849014382483,2,2,1,0,32,./checkpoints_grid/cfg059_cnn_cifar10_qsgd_b32_rep00_seed1812.pt
cifar10,cnn,8808,none,0.01198011099293951,6,6,1,0,32,./checkpoints_grid/cfg051_cnn_cifar10_none_b32_rep00_seed1572.pt
cifar10,cnn,8808,topk,0.010745177088820187,6,6,1,0,32,./checkpoints_grid/cfg053_cnn_cifar10_topk_b32_rep00_seed1632.pt
cifar10,cnn,8808,dpsgd,0.2174825760457475,6,4,0,0,32,./checkpoints_grid/cfg055_cnn_cifar10_dpsgd_b32_rep00_seed1692.pt
cifar10,cnn,8808,randomk,0.035281386098863166,6,0,0,0,32,./checkpoints_grid/cfg057_cnn_cifar10_randomk_b32_rep00_seed1752.pt
cifar10,cnn,8808,qsgd,0.03630514289480663,6,6,1,0,32,./checkpoints_grid/cfg059_cnn_cifar10_qsgd_b32_rep00_seed1812.pt
cifar10,cnn,9073,none,0.0048675996664737315,4,4,1,0,32,./checkpoints_grid/cfg051_cnn_cifar10_none_b32_rep00_seed1572.pt
cifar10,cnn,9073,topk,0.005122797214468978,4,4,1,0,32,./checkpoints_grid/cfg053_cnn_cifar10_topk_b32_rep00_seed1632.pt
cifar10,cnn,9073,dpsgd,0.31788065782314534,4,4,1,0,32,./checkpoints_grid/cfg055_cnn_cifar10_dpsgd_b32_rep00_seed1692.pt
cifar10,cnn,9073,randomk,0.07007598348494182,4,0,0,0,32,./checkpoints_grid/cfg057_cnn_cifar10_randomk_b32_rep00_seed1752.pt
cifar10,cnn,9073,qsgd,0.044632466711377994,4,4,1,0,32,./checkpoints_grid/cfg059_cnn_cifar10_qsgd_b32_rep00_seed1812.pt
cifar10,vit,616,none,0.1491862979250956,6,6,1,0,32,./checkpoints_grid/cfg081_vit_cifar10_none_b32_rep00_seed2472.pt
cifar10,vit,616,topk,0.1938213718590037,6,6,1,0,32,./checkpoints_grid/cfg083_vit_cifar10_topk_b32_rep00_seed2532.pt
cifar10,vit,616,dpsgd,0.31511533808081477,6,0,0,0,32,./checkpoints_grid/cfg085_vit_cifar10_dpsgd_b32_rep00_seed2592.pt
cifar10,vit,616,randomk,0.31214224728175505,6,0,0,0,32,./checkpoints_grid/cfg087_vit_cifar10_randomk_b32_rep00_seed2652.pt
cifar10,vit,616,qsgd,0.1438692640609937,6,6,1,0,32,./checkpoints_grid/cfg089_vit_cifar10_qsgd_b32_rep00_seed2712.pt
cifar10,vit,724,none,0.3094216715242728,8,8,1,0,32,./checkpoints_grid/cfg081_vit_cifar10_none_b32_rep00_seed2472.pt
cifar10,vit,724,topk,0.35560223007040864,8,8,1,0,32,./checkpoints_grid/cfg083_vit_cifar10_topk_b32_rep00_seed2532.pt
cifar10,vit,724,dpsgd,0.33913342851534006,8,4,0,0,32,./checkpoints_grid/cfg085_vit_cifar10_dpsgd_b32_rep00_seed2592.pt
cifar10,vit,724,randomk,0.331394970027902,8,0,0,0,32,./checkpoints_grid/cfg087_vit_cifar10_randomk_b32_rep00_seed2652.pt
cifar10,vit,724,qsgd,0.19316145677873817,8,8,1,0,32,./checkpoints_grid/cfg089_vit_cifar10_qsgd_b32_rep00_seed2712.pt
cifar10,vit,1116,none,0.0964756468012231,5,5,1,0,32,./checkpoints_grid/cfg081_vit_cifar10_none_b32_rep00_seed2472.pt
cifar10,vit,1116,topk,0.10794983603871011,5,5,1,0,32,./checkpoints_grid/cfg083_vit_cifar10_topk_b32_rep00_seed2532.pt
cifar10,vit,1116,dpsgd,0.32089450149915527,5,6,0,0,32,./checkpoints_grid/cfg085_vit_cifar10_dpsgd_b32_rep00_seed2592.pt
cifar10,vit,1116,randomk,0.3175678060673553,5,0,0,0,32,./checkpoints_grid/cfg087_vit_cifar10_randomk_b32_rep00_seed2652.pt
cifar10,vit,1116,qsgd,0.0988781662244468,5,5,1,0,32,./checkpoints_grid/cfg089_vit_cifar10_qsgd_b32_rep00_seed2712.pt
cifar10,vit,1170,none,0.09564680781743018,7,7,1,0,32,./checkpoints_grid/cfg081_vit_cifar10_none_b32_rep00_seed2472.pt
cifar10,vit,1170,topk,0.10832554747674587,7,7,1,0,32,./checkpoints_grid/cfg083_vit_cifar10_topk_b32_rep00_seed2532.pt
cifar10,vit,1170,dpsgd,0.3106446611059199,7,6,0,0,32,./checkpoints_grid/cfg085_vit_cifar10_dpsgd_b32_rep00_seed2592.pt
cifar10,vit,1170,randomk,0.31637382824600885,7,0,0,0,32,./checkpoints_grid/cfg087_vit_cifar10_randomk_b32_rep00_seed2652.pt
cifar10,vit,1170,qsgd,0.1256435289470947,7,7,1,0,32,./checkpoints_grid/cfg089_vit_cifar10_qsgd_b32_rep00_seed2712.pt
cifar10,vit,1543,none,0.03664688996507425,5,5,1,0,32,./checkpoints_grid/cfg081_vit_cifar10_none_b32_rep00_seed2472.pt
cifar10,vit,1543,topk,0.05109920058684527,5,5,1,0,32,./checkpoints_grid/cfg083_vit_cifar10_topk_b32_rep00_seed2532.pt
cifar10,vit,1543,dpsgd,0.280192138512787,5,6,0,0,32,./checkpoints_grid/cfg085_vit_cifar10_dpsgd_b32_rep00_seed2592.pt
cifar10,vit,1543,randomk,0.2751906060362364,5,0,0,0,32,./checkpoints_grid/cfg087_vit_cifar10_randomk_b32_rep00_seed2652.pt
cifar10,vit,1543,qsgd,0.25788311113340834,5,5,1,0,32,./checkpoints_grid/cfg089_vit_cifar10_qsgd_b32_rep00_seed2712.pt
cifar10,vit,1887,none,0.028149487200437622,3,3,1,0,32,./checkpoints_grid/cfg081_vit_cifar10_none_b32_rep00_seed2472.pt
cifar10,vit,1887,topk,0.04142958999168408,3,3,1,0,32,./checkpoints_grid/cfg083_vit_cifar10_topk_b32_rep00_seed2532.pt
cifar10,vit,1887,dpsgd,0.27069415853989015,3,4,0,0,32,./checkpoints_grid/cfg085_vit_cifar10_dpsgd_b32_rep00_seed2592.pt
cifar10,vit,1887,randomk,0.2795815152594356,3,3,1,0,32,./checkpoints_grid/cfg087_vit_cifar10_randomk_b32_rep00_seed2652.pt
cifar10,vit,1887,qsgd,0.051516872713110416,3,3,1,0,32,./checkpoints_grid/cfg089_vit_cifar10_qsgd_b32_rep00_seed2712.pt
cifar10,vit,2286,none,0.09602108720959897,3,3,1,0,32,./checkpoints_grid/cfg081_vit_cifar10_none_b32_rep00_seed2472.pt
cifar10,vit,2286,topk,0.12126368063502414,3,3,1,0,32,./checkpoints_grid/cfg083_vit_cifar10_topk_b32_rep00_seed2532.pt
cifar10,vit,2286,dpsgd,0.35912659385141055,3,0,0,0,32,./checkpoints_grid/cfg085_vit_cifar10_dpsgd_b32_rep00_seed2592.pt
cifar10,vit,2286,randomk,0.3302916660930924,3,0,0,0,32,./checkpoints_grid/cfg087_vit_cifar10_randomk_b32_rep00_seed2652.pt
cifar10,vit,2286,qsgd,0.29200913991146976,3,3,1,0,32,./checkpoints_grid/cfg089_vit_cifar10_qsgd_b32_rep00_seed2712.pt
cifar10,vit,2298,none,0.04330401495583199,0,0,1,0,32,./checkpoints_grid/cfg081_vit_cifar10_none_b32_rep00_seed2472.pt
cifar10,vit,2298,topk,0.20688700123162654,0,0,1,0,32,./checkpoints_grid/cfg083_vit_cifar10_topk_b32_rep00_seed2532.pt
cifar10,vit,2298,dpsgd,0.31640066811665624,0,7,0,0,32,./checkpoints_grid/cfg085_vit_cifar10_dpsgd_b32_rep00_seed2592.pt
cifar10,vit,2298,randomk,0.2730170354464996,0,0,1,0,32,./checkpoints_grid/cfg087_vit_cifar10_randomk_b32_rep00_seed2652.pt
cifar10,vit,2298,qsgd,0.08677281964521182,0,0,1,0,32,./checkpoints_grid/cfg089_vit_cifar10_qsgd_b32_rep00_seed2712.pt
cifar10,vit,2554,none,0.09915503586133116,4,4,1,0,32,./checkpoints_grid/cfg081_vit_cifar10_none_b32_rep00_seed2472.pt
cifar10,vit,2554,topk,0.10595698149155482,4,4,1,0,32,./checkpoints_grid/cfg083_vit_cifar10_topk_b32_rep00_seed2532.pt
cifar10,vit,2554,dpsgd,0.29813922455229697,4,7,0,0,32,./checkpoints_grid/cfg085_vit_cifar10_dpsgd_b32_rep00_seed2592.pt
cifar10,vit,2554,randomk,0.29959960019493376,4,0,0,0,32,./checkpoints_grid/cfg087_vit_cifar10_randomk_b32_rep00_seed2652.pt
cifar10,vit,2554,qsgd,0.2813142634265239,4,4,1,0,32,./checkpoints_grid/cfg089_vit_cifar10_qsgd_b32_rep00_seed2712.pt
cifar10,vit,3174,none,0.10548694237511154,2,2,1,0,32,./checkpoints_grid/cfg081_vit_cifar10_none_b32_rep00_seed2472.pt
cifar10,vit,3174,topk,0.12883189060873193,2,2,1,0,32,./checkpoints_grid/cfg083_vit_cifar10_topk_b32_rep00_seed2532.pt
cifar10,vit,3174,dpsgd,0.3139579161909111,2,2,1,0,32,./checkpoints_grid/cfg085_vit_cifar10_dpsgd_b32_rep00_seed2592.pt
cifar10,vit,3174,randomk,0.3014301943828161,2,2,1,0,32,./checkpoints_grid/cfg087_vit_cifar10_randomk_b32_rep00_seed2652.pt
cifar10,vit,3174,qsgd,0.30896276657243077,2,0,0,0,32,./checkpoints_grid/cfg089_vit_cifar10_qsgd_b32_rep00_seed2712.pt
cifar10,vit,3307,none,0.12490505521440587,9,9,1,0,32,./checkpoints_grid/cfg081_vit_cifar10_none_b32_rep00_seed2472.pt
cifar10,vit,3307,topk,0.3158881065984608,9,9,1,0,32,./checkpoints_grid/cfg083_vit_cifar10_topk_b32_rep00_seed2532.pt
cifar10,vit,3307,dpsgd,0.32539331491821233,9,5,0,0,32,./checkpoints_grid/cfg085_vit_cifar10_dpsgd_b32_rep00_seed2592.pt
cifar10,vit,3307,randomk,0.3349457564555925,9,0,0,0,32,./checkpoints_grid/cfg087_vit_cifar10_randomk_b32_rep00_seed2652.pt
cifar10,vit,3307,qsgd,0.16004871345616076,9,9,1,0,32,./checkpoints_grid/cfg089_vit_cifar10_qsgd_b32_rep00_seed2712.pt
cifar10,vit,3316,none,0.09499246948149592,7,7,1,0,32,./checkpoints_grid/cfg081_vit_cifar10_none_b32_rep00_seed2472.pt
cifar10,vit,3316,topk,0.11245125196323347,7,7,1,0,32,./checkpoints_grid/cfg083_vit_cifar10_topk_b32_rep00_seed2532.pt
cifar10,vit,3316,dpsgd,0.30964061904114465,7,0,0,0,32,./checkpoints_grid/cfg085_vit_cifar10_dpsgd_b32_rep00_seed2592.pt
cifar10,vit,3316,randomk,0.30209491742501143,7,0,0,0,32,./checkpoints_grid/cfg087_vit_cifar10_randomk_b32_rep00_seed2652.pt
cifar10,vit,3316,qsgd,0.11011999971532739,7,7,1,0,32,./checkpoints_grid/cfg089_vit_cifar10_qsgd_b32_rep00_seed2712.pt
cifar10,vit,3842,none,0.10915610785855817,8,8,1,0,32,./checkpoints_grid/cfg081_vit_cifar10_none_b32_rep00_seed2472.pt
cifar10,vit,3842,topk,0.1206699725172285,8,8,1,0,32,./checkpoints_grid/cfg083_vit_cifar10_topk_b32_rep00_seed2532.pt
cifar10,vit,3842,dpsgd,0.30126317831173133,8,0,0,0,32,./checkpoints_grid/cfg085_vit_cifar10_dpsgd_b32_rep00_seed2592.pt
cifar10,vit,3842,randomk,0.30175337428333454,8,0,0,0,32,./checkpoints_grid/cfg087_vit_cifar10_randomk_b32_rep00_seed2652.pt
cifar10,vit,3842,qsgd,0.28735131145716547,8,8,1,0,32,./checkpoints_grid/cfg089_vit_cifar10_qsgd_b32_rep00_seed2712.pt
cifar10,vit,4570,none,0.0579576441469305,9,9,1,0,32,./checkpoints_grid/cfg081_vit_cifar10_none_b32_rep00_seed2472.pt
cifar10,vit,4570,topk,0.08217966455765961,9,9,1,0,32,./checkpoints_grid/cfg083_vit_cifar10_topk_b32_rep00_seed2532.pt
cifar10,vit,4570,dpsgd,0.14166641239826536,9,5,0,0,32,./checkpoints_grid/cfg085_vit_cifar10_dpsgd_b32_rep00_seed2592.pt
cifar10,vit,4570,randomk,0.31497935898093515,9,0,0,0,32,./checkpoints_grid/cfg087_vit_cifar10_randomk_b32_rep00_seed2652.pt
cifar10,vit,4570,qsgd,0.08920456649376447,9,9,1,0,32,./checkpoints_grid/cfg089_vit_cifar10_qsgd_b32_rep00_seed2712.pt
cifar10,vit,4678,none,0.10961469177560856,9,9,1,0,32,./checkpoints_grid/cfg081_vit_cifar10_none_b32_rep00_seed2472.pt
cifar10,vit,4678,topk,0.1304485263189499,9,9,1,0,32,./checkpoints_grid/cfg083_vit_cifar10_topk_b32_rep00_seed2532.pt
cifar10,vit,4678,dpsgd,0.3132124183838673,9,6,0,0,32,./checkpoints_grid/cfg085_vit_cifar10_dpsgd_b32_rep00_seed2592.pt
cifar10,vit,4678,randomk,0.30527354112161464,9,0,0,0,32,./checkpoints_grid/cfg087_vit_cifar10_randomk_b32_rep00_seed2652.pt
cifar10,vit,4678,qsgd,0.30234130001272524,9,0,0,0,32,./checkpoints_grid/cfg089_vit_cifar10_qsgd_b32_rep00_seed2712.pt
cifar10,vit,4793,none,0.09198470303211399,6,6,1,0,32,./checkpoints_grid/cfg081_vit_cifar10_none_b32_rep00_seed2472.pt
cifar10,vit,4793,topk,0.13778084612547084,6,6,1,0,32,./checkpoints_grid/cfg083_vit_cifar10_topk_b32_rep00_seed2532.pt
cifar10,vit,4793,dpsgd,0.3151642661439684,6,9,0,0,32,./checkpoints_grid/cfg085_vit_cifar10_dpsgd_b32_rep00_seed2592.pt
cifar10,vit,4793,randomk,0.3095091396045214,6,6,1,0,32,./checkpoints_grid/cfg087_vit_cifar10_randomk_b32_rep00_seed2652.pt
cifar10,vit,4793,qsgd,0.2989252442197993,6,6,1,0,32,./checkpoints_grid/cfg089_vit_cifar10_qsgd_b32_rep00_seed2712.pt
cifar10,vit,5687,none,0.03089975464415611,2,2,1,0,32,./checkpoints_grid/cfg081_vit_cifar10_none_b32_rep00_seed2472.pt
cifar10,vit,5687,topk,0.22494789508300883,2,2,1,0,32,./checkpoints_grid/cfg083_vit_cifar10_topk_b32_rep00_seed2532.pt
cifar10,vit,5687,dpsgd,0.2951706771701271,2,6,0,0,32,./checkpoints_grid/cfg085_vit_cifar10_dpsgd_b32_rep00_seed2592.pt
cifar10,vit,5687,randomk,0.30315970854963226,2,0,0,0,32,./checkpoints_grid/cfg087_vit_cifar10_randomk_b32_rep00_seed2652.pt
cifar10,vit,5687,qsgd,0.23731258211243636,2,2,1,0,32,./checkpoints_grid/cfg089_vit_cifar10_qsgd_b32_rep00_seed2712.pt
cifar10,vit,6552,none,0.11161789959767322,1,1,1,0,32,./checkpoints_grid/cfg081_vit_cifar10_none_b32_rep00_seed2472.pt
cifar10,vit,6552,topk,0.11952804472363206,1,1,1,0,32,./checkpoints_grid/cfg083_vit_cifar10_topk_b32_rep00_seed2532.pt
cifar10,vit,6552,dpsgd,0.3108029025938893,1,6,0,0,32,./checkpoints_grid/cfg085_vit_cifar10_dpsgd_b32_rep00_seed2592.pt
cifar10,vit,6552,randomk,0.3012645041882747,1,0,0,0,32,./checkpoints_grid/cfg087_vit_cifar10_randomk_b32_rep00_seed2652.pt
cifar10,vit,6552,qsgd,0.30377292932266403,1,1,1,0,32,./checkpoints_grid/cfg089_vit_cifar10_qsgd_b32_rep00_seed2712.pt
cifar10,vit,6614,none,0.05283381381200734,5,5,1,0,32,./checkpoints_grid/cfg081_vit_cifar10_none_b32_rep00_seed2472.pt
cifar10,vit,6614,topk,0.07061917341782072,5,5,1,0,32,./checkpoints_grid/cfg083_vit_cifar10_topk_b32_rep00_seed2532.pt
cifar10,vit,6614,dpsgd,0.2862250254897975,5,6,0,0,32,./checkpoints_grid/cfg085_vit_cifar10_dpsgd_b32_rep00_seed2592.pt
cifar10,vit,6614,randomk,0.2836247627509405,5,0,0,0,32,./checkpoints_grid/cfg087_vit_cifar10_randomk_b32_rep00_seed2652.pt
cifar10,vit,6614,qsgd,0.2983651110497416,5,0,0,0,32,./checkpoints_grid/cfg089_vit_cifar10_qsgd_b32_rep00_seed2712.pt
cifar10,vit,6769,none,0.31088697498465534,3,3,1,0,32,./checkpoints_grid/cfg081_vit_cifar10_none_b32_rep00_seed2472.pt
cifar10,vit,6769,topk,0.10067312407585143,3,3,1,0,32,./checkpoints_grid/cfg083_vit_cifar10_topk_b32_rep00_seed2532.pt
cifar10,vit,6769,dpsgd,0.31017210567831016,3,0,0,0,32,./checkpoints_grid/cfg085_vit_cifar10_dpsgd_b32_rep00_seed2592.pt
cifar10,vit,6769,randomk,0.3153970341321853,3,3,1,0,32,./checkpoints_grid/cfg087_vit_cifar10_randomk_b32_rep00_seed2652.pt
cifar10,vit,6769,qsgd,0.28575038510680467,3,3,1,0,32,./checkpoints_grid/cfg089_vit_cifar10_qsgd_b32_rep00_seed2712.pt
cifar10,vit,6836,none,0.06296667576641331,4,4,1,0,32,./checkpoints_grid/cfg081_vit_cifar10_none_b32_rep00_seed2472.pt
cifar10,vit,6836,topk,0.08940280426474434,4,4,1,0,32,./checkpoints_grid/cfg083_vit_cifar10_topk_b32_rep00_seed2532.pt
cifar10,vit,6836,dpsgd,0.2961099865228715,4,7,0,0,32,./checkpoints_grid/cfg085_vit_cifar10_dpsgd_b32_rep00_seed2592.pt
cifar10,vit,6836,randomk,0.29656316258705545,4,0,0,0,32,./checkpoints_grid/cfg087_vit_cifar10_randomk_b32_rep00_seed2652.pt
cifar10,vit,6836,qsgd,0.29026587413873406,4,0,0,0,32,./checkpoints_grid/cfg089_vit_cifar10_qsgd_b32_rep00_seed2712.pt
cifar10,vit,6841,none,0.08086410308669836,1,1,1,0,32,./checkpoints_grid/cfg081_vit_cifar10_none_b32_rep00_seed2472.pt
cifar10,vit,6841,topk,0.09528972390454982,1,1,1,0,32,./checkpoints_grid/cfg083_vit_cifar10_topk_b32_rep00_seed2532.pt
cifar10,vit,6841,dpsgd,0.30391010973100957,1,9,0,0,32,./checkpoints_grid/cfg085_vit_cifar10_dpsgd_b32_rep00_seed2592.pt
cifar10,vit,6841,randomk,0.2986022065669432,1,0,0,0,32,./checkpoints_grid/cfg087_vit_cifar10_randomk_b32_rep00_seed2652.pt
cifar10,vit,6841,qsgd,0.09023229136083862,1,1,1,0,32,./checkpoints_grid/cfg089_vit_cifar10_qsgd_b32_rep00_seed2712.pt
cifar10,vit,6949,none,0.029504475579115577,0,0,1,0,32,./checkpoints_grid/cfg081_vit_cifar10_none_b32_rep00_seed2472.pt
cifar10,vit,6949,topk,0.06018499314324099,0,0,1,0,32,./checkpoints_grid/cfg083_vit_cifar10_topk_b32_rep00_seed2532.pt
cifar10,vit,6949,dpsgd,0.2804644256774212,0,0,1,0,32,./checkpoints_grid/cfg085_vit_cifar10_dpsgd_b32_rep00_seed2592.pt
cifar10,vit,6949,randomk,0.25534697787392574,0,0,1,0,32,./checkpoints_grid/cfg087_vit_cifar10_randomk_b32_rep00_seed2652.pt
cifar10,vit,6949,qsgd,0.059539138338412255,0,0,1,0,32,./checkpoints_grid/cfg089_vit_cifar10_qsgd_b32_rep00_seed2712.pt
cifar10,vit,7271,none,0.039803259513202634,7,7,1,0,32,./checkpoints_grid/cfg081_vit_cifar10_none_b32_rep00_seed2472.pt
cifar10,vit,7271,topk,0.06578198076870605,7,7,1,0,32,./checkpoints_grid/cfg083_vit_cifar10_topk_b32_rep00_seed2532.pt
cifar10,vit,7271,dpsgd,0.26819672392455407,7,0,0,0,32,./checkpoints_grid/cfg085_vit_cifar10_dpsgd_b32_rep00_seed2592.pt
cifar10,vit,7271,randomk,0.2725204055663898,7,0,0,0,32,./checkpoints_grid/cfg087_vit_cifar10_randomk_b32_rep00_seed2652.pt
cifar10,vit,7271,qsgd,0.2793997460744112,7,0,0,0,32,./checkpoints_grid/cfg089_vit_cifar10_qsgd_b32_rep00_seed2712.pt
cifar10,vit,7353,none,0.12506423444587914,8,8,1,0,32,./checkpoints_grid/cfg081_vit_cifar10_none_b32_rep00_seed2472.pt
cifar10,vit,7353,topk,0.12427653004467104,8,8,1,0,32,./checkpoints_grid/cfg083_vit_cifar10_topk_b32_rep00_seed2532.pt
cifar10,vit,7353,dpsgd,0.32069348215412813,8,0,0,0,32,./checkpoints_grid/cfg085_vit_cifar10_dpsgd_b32_rep00_seed2592.pt
cifar10,vit,7353,randomk,0.33037740809392957,8,0,0,0,32,./checkpoints_grid/cfg087_vit_cifar10_randomk_b32_rep00_seed2652.pt
cifar10,vit,7353,qsgd,0.32224576931346055,8,0,0,0,32,./checkpoints_grid/cfg089_vit_cifar10_qsgd_b32_rep00_seed2712.pt
cifar10,vit,7838,none,0.11755051229027047,0,0,1,0,32,./checkpoints_grid/cfg081_vit_cifar10_none_b32_rep00_seed2472.pt
cifar10,vit,7838,topk,0.15284709949123718,0,0,1,0,32,./checkpoints_grid/cfg083_vit_cifar10_topk_b32_rep00_seed2532.pt
cifar10,vit,7838,dpsgd,0.30928338123586463,0,9,0,0,32,./checkpoints_grid/cfg085_vit_cifar10_dpsgd_b32_rep00_seed2592.pt
cifar10,vit,7838,randomk,0.29893564753490626,0,0,1,0,32,./checkpoints_grid/cfg087_vit_cifar10_randomk_b32_rep00_seed2652.pt
cifar10,vit,7838,qsgd,0.12733960941368774,0,0,1,0,32,./checkpoints_grid/cfg089_vit_cifar10_qsgd_b32_rep00_seed2712.pt
cifar10,vit,7986,none,0.15402675599000795,1,1,1,0,32,./checkpoints_grid/cfg081_vit_cifar10_none_b32_rep00_seed2472.pt
cifar10,vit,7986,topk,0.14384699759494055,1,1,1,0,32,./checkpoints_grid/cfg083_vit_cifar10_topk_b32_rep00_seed2532.pt
cifar10,vit,7986,dpsgd,0.20401999818500252,1,5,0,0,32,./checkpoints_grid/cfg085_vit_cifar10_dpsgd_b32_rep00_seed2592.pt
cifar10,vit,7986,randomk,0.3120210245561879,1,0,0,0,32,./checkpoints_grid/cfg087_vit_cifar10_randomk_b32_rep00_seed2652.pt
cifar10,vit,7986,qsgd,0.3079513759992334,1,0,0,0,32,./checkpoints_grid/cfg089_vit_cifar10_qsgd_b32_rep00_seed2712.pt
cifar10,vit,8371,none,0.08106508410193697,2,2,1,0,32,./checkpoints_grid/cfg081_vit_cifar10_none_b32_rep00_seed2472.pt
cifar10,vit,8371,topk,0.10306723688379371,2,2,1,0,32,./checkpoints_grid/cfg083_vit_cifar10_topk_b32_rep00_seed2532.pt
cifar10,vit,8371,dpsgd,0.30523875918026855,2,8,0,0,32,./checkpoints_grid/cfg085_vit_cifar10_dpsgd_b32_rep00_seed2592.pt
cifar10,vit,8371,randomk,0.30772548157858504,2,0,0,0,32,./checkpoints_grid/cfg087_vit_cifar10_randomk_b32_rep00_seed2652.pt
cifar10,vit,8371,qsgd,0.2790426276296392,2,0,0,0,32,./checkpoints_grid/cfg089_vit_cifar10_qsgd_b32_rep00_seed2712.pt
cifar10,vit,8808,none,0.05704843272164863,6,6,1,0,32,./checkpoints_grid/cfg081_vit_cifar10_none_b32_rep00_seed2472.pt
cifar10,vit,8808,topk,0.0649607067793538,6,6,1,0,32,./checkpoints_grid/cfg083_vit_cifar10_topk_b32_rep00_seed2532.pt
cifar10,vit,8808,dpsgd,0.27642023389454057,6,9,0,0,32,./checkpoints_grid/cfg085_vit_cifar10_dpsgd_b32_rep00_seed2592.pt
cifar10,vit,8808,randomk,0.2913214276749771,6,0,0,0,32,./checkpoints_grid/cfg087_vit_cifar10_randomk_b32_rep00_seed2652.pt
cifar10,vit,8808,qsgd,0.28405401641030853,6,0,0,0,32,./checkpoints_grid/cfg089_vit_cifar10_qsgd_b32_rep00_seed2712.pt
cifar10,vit,9073,none,0.04897207356322838,4,4,1,0,32,./checkpoints_grid/cfg081_vit_cifar10_none_b32_rep00_seed2472.pt
cifar10,vit,9073,topk,0.043506647676777054,4,4,1,0,32,./checkpoints_grid/cfg083_vit_cifar10_topk_b32_rep00_seed2532.pt
cifar10,vit,9073,dpsgd,0.33349927470314067,4,4,1,0,32,./checkpoints_grid/cfg085_vit_cifar10_dpsgd_b32_rep00_seed2592.pt
cifar10,vit,9073,randomk,0.3280854160951084,4,0,0,0,32,./checkpoints_grid/cfg087_vit_cifar10_randomk_b32_rep00_seed2652.pt
cifar10,vit,9073,qsgd,0.0771860430997406,4,4,1,0,32,./checkpoints_grid/cfg089_vit_cifar10_qsgd_b32_rep00_seed2712.pt
