config_idx,repeat_id,seed,arch,dataset,defense,batch_size,lr,epoch,train_loss_epoch,test_acc_epoch
0,0,42,mlp,mnist,none,1,0.001,1,0.6176616973120559,0.866
0,1,43,mlp,mnist,none,1,0.001,1,0.6173909404506912,0.867
0,2,44,mlp,mnist,none,1,0.001,1,0.6125209701313926,0.871
0,3,45,mlp,mnist,none,1,0.001,1,0.6134660523988005,0.878
0,4,46,mlp,mnist,none,1,0.001,1,0.6201740085309146,0.865
0,5,47,mlp,mnist,none,1,0.001,1,0.6190962649397362,0.848
0,6,48,mlp,mnist,none,1,0.001,1,0.5929500573310945,0.807
0,7,49,mlp,mnist,none,1,0.001,1,0.6309714376096508,0.889
0,8,50,mlp,mnist,none,1,0.001,1,0.62063659277136,0.863
0,9,51,mlp,mnist,none,1,0.001,1,0.6081073008870118,0.884
0,10,52,mlp,mnist,none,1,0.001,1,0.6110925517584948,0.861
0,11,53,mlp,mnist,none,1,0.001,1,0.6175648036408152,0.869
0,12,54,mlp,mnist,none,1,0.001,1,0.6293199202956535,0.883
0,13,55,mlp,mnist,none,1,0.001,1,0.6150549949807755,0.848
0,14,56,mlp,mnist,none,1,0.001,1,0.6181608604186168,0.881
0,15,57,mlp,mnist,none,1,0.001,1,0.6134429861703407,0.841
0,16,58,mlp,mnist,none,1,0.001,1,0.6048848257834327,0.856
0,17,59,mlp,mnist,none,1,0.001,1,0.5985627058462799,0.849
0,18,60,mlp,mnist,none,1,0.001,1,0.631612362053228,0.887
0,19,61,mlp,mnist,none,1,0.001,1,0.6117443393422307,0.887
0,20,62,mlp,mnist,none,1,0.001,1,0.6049738443215931,0.839
0,21,63,mlp,mnist,none,1,0.001,1,0.6286075578985076,0.855
0,22,64,mlp,mnist,none,1,0.001,1,0.6088572513924769,0.842
0,23,65,mlp,mnist,none,1,0.001,1,0.6252220481190618,0.734
0,24,66,mlp,mnist,none,1,0.001,1,0.6142273001495621,0.806
0,25,67,mlp,mnist,none,1,0.001,1,0.5981731693560094,0.87
0,26,68,mlp,mnist,none,1,0.001,1,0.6161415296380961,0.884
0,27,69,mlp,mnist,none,1,0.001,1,0.630584874758063,0.868
0,28,70,mlp,mnist,none,1,0.001,1,0.6082882325098438,0.835
0,29,71,mlp,mnist,none,1,0.001,1,0.609231046670048,0.874
1,0,72,mlp,mnist,none,32,0.001,1,0.5655954016745091,0.873
1,1,73,mlp,mnist,none,32,0.001,1,0.5510936231017113,0.878
1,2,74,mlp,mnist,none,32,0.001,1,0.5405886552929878,0.887
1,3,75,mlp,mnist,none,32,0.001,1,0.5654208808541298,0.89
1,4,76,mlp,mnist,none,32,0.001,1,0.5606089877784253,0.868
1,5,77,mlp,mnist,none,32,0.001,1,0.5569729428887368,0.881
1,6,78,mlp,mnist,none,32,0.001,1,0.5818859994411468,0.895
1,7,79,mlp,mnist,none,32,0.001,1,0.5572842561006546,0.872
1,8,80,mlp,mnist,none,32,0.001,1,0.5605406965315342,0.851
1,9,81,mlp,mnist,none,32,0.001,1,0.5731685064435005,0.878
1,10,82,mlp,mnist,none,32,0.001,1,0.5582907598018646,0.888
1,11,83,mlp,mnist,none,32,0.001,1,0.5632508351802826,0.87
1,12,84,mlp,mnist,none,32,0.001,1,0.5560391075611114,0.882
1,13,85,mlp,mnist,none,32,0.001,1,0.5684037162661553,0.891
1,14,86,mlp,mnist,none,32,0.001,1,0.554598718225956,0.887
1,15,87,mlp,mnist,none,32,0.001,1,0.5448075711727143,0.864
1,16,88,mlp,mnist,none,32,0.001,1,0.552817793250084,0.882
1,17,89,mlp,mnist,none,32,0.001,1,0.5655322477519512,0.888
1,18,90,mlp,mnist,none,32,0.001,1,0.5523894466161728,0.88
1,19,91,mlp,mnist,none,32,0.001,1,0.5666954162716865,0.893
1,20,92,mlp,mnist,none,32,0.001,1,0.5709499943256379,0.889
1,21,93,mlp,mnist,none,32,0.001,1,0.5548211070299148,0.891
1,22,94,mlp,mnist,none,32,0.001,1,0.5670814969539643,0.864
1,23,95,mlp,mnist,none,32,0.001,1,0.5681761890053749,0.871
1,24,96,mlp,mnist,none,32,0.001,1,0.5680365014076233,0.888
1,25,97,mlp,mnist,none,32,0.001,1,0.5665070958137512,0.863
1,26,98,mlp,mnist,none,32,0.001,1,0.6087252560257912,0.858
1,27,99,mlp,mnist,none,32,0.001,1,0.5636657871603966,0.887
1,28,100,mlp,mnist,none,32,0.001,1,0.5513975780308247,0.891
1,29,101,mlp,mnist,none,32,0.001,1,0.5675285844802856,0.89
2,0,102,mlp,mnist,topk,1,0.001,1,0.6211319863631017,0.852
2,1,103,mlp,mnist,topk,1,0.001,1,0.6225102287507468,0.865
2,2,104,mlp,mnist,topk,1,0.001,1,0.6214168374962514,0.879
2,3,105,mlp,mnist,topk,1,0.001,1,0.6291078908966353,0.829
2,4,106,mlp,mnist,topk,1,0.001,1,0.6243012735001299,0.887
2,5,107,mlp,mnist,topk,1,0.001,1,0.6289550755207357,0.82
2,6,108,mlp,mnist,topk,1,0.001,1,0.6214625772926667,0.868
2,7,109,mlp,mnist,topk,1,0.001,1,0.6193185286887543,0.879
2,8,110,mlp,mnist,topk,1,0.001,1,0.6322886475151965,0.849
2,9,111,mlp,mnist,topk,1,0.001,1,0.619317908675191,0.82
2,10,112,mlp,mnist,topk,1,0.001,1,0.6343433370554035,0.862
2,11,113,mlp,mnist,topk,1,0.001,1,0.6248121775834612,0.885
2,12,114,mlp,mnist,topk,1,0.001,1,0.6386233793686165,0.882
2,13,115,mlp,mnist,topk,1,0.001,1,0.6140771117789523,0.85
2,14,116,mlp,mnist,topk,1,0.001,1,0.6118279877723803,0.88
2,15,117,mlp,mnist,topk,1,0.001,1,0.6227670063482799,0.863
2,16,118,mlp,mnist,topk,1,0.001,1,0.6234952734470246,0.845
2,17,119,mlp,mnist,topk,1,0.001,1,0.6171405005054925,0.81
2,18,120,mlp,mnist,topk,1,0.001,1,0.6303492089604801,0.841
2,19,121,mlp,mnist,topk,1,0.001,1,0.6438334860808028,0.862
2,20,122,mlp,mnist,topk,1,0.001,1,0.6026049899443411,0.873
2,21,123,mlp,mnist,topk,1,0.001,1,0.6173708704716052,0.825
2,22,124,mlp,mnist,topk,1,0.001,1,0.6300200075084151,0.878
2,23,125,mlp,mnist,topk,1,0.001,1,0.6127773125774052,0.86
2,24,126,mlp,mnist,topk,1,0.001,1,0.6279786143141904,0.859
2,25,127,mlp,mnist,topk,1,0.001,1,0.6277156856378305,0.88
2,26,128,mlp,mnist,topk,1,0.001,1,0.6292163448181629,0.826
2,27,129,mlp,mnist,topk,1,0.001,1,0.6182125037265274,0.867
2,28,130,mlp,mnist,topk,1,0.001,1,0.6194971085701347,0.868
2,29,131,mlp,mnist,topk,1,0.001,1,0.6233592066790696,0.841
3,0,132,mlp,mnist,topk,32,0.001,1,0.6284029098749161,0.88
3,1,133,mlp,mnist,topk,32,0.001,1,0.6530755240917205,0.844
3,2,134,mlp,mnist,topk,32,0.001,1,0.6372771674990654,0.893
3,3,135,mlp,mnist,topk,32,0.001,1,0.6561738398075104,0.881
3,4,136,mlp,mnist,topk,32,0.001,1,0.6306372814178467,0.872
3,5,137,mlp,mnist,topk,32,0.001,1,0.6103257426023483,0.885
3,6,138,mlp,mnist,topk,32,0.001,1,0.6455634292364121,0.879
3,7,139,mlp,mnist,topk,32,0.001,1,0.6252493076324462,0.893
3,8,140,mlp,mnist,topk,32,0.001,1,0.634874592781067,0.873
3,9,141,mlp,mnist,topk,32,0.001,1,0.6374669330716133,0.879
3,10,142,mlp,mnist,topk,32,0.001,1,0.6274717720746994,0.872
3,11,143,mlp,mnist,topk,32,0.001,1,0.641219366312027,0.886
3,12,144,mlp,mnist,topk,32,0.001,1,0.6349150157570839,0.88
3,13,145,mlp,mnist,topk,32,0.001,1,0.6231217686533927,0.885
3,14,146,mlp,mnist,topk,32,0.001,1,0.6386598799824714,0.861
3,15,147,mlp,mnist,topk,32,0.001,1,0.6103844123482705,0.838
3,16,148,mlp,mnist,topk,32,0.001,1,0.6272765344381332,0.877
3,17,149,mlp,mnist,topk,32,0.001,1,0.611534177005291,0.879
3,18,150,mlp,mnist,topk,32,0.001,1,0.6468207600712776,0.868
3,19,151,mlp,mnist,topk,32,0.001,1,0.6406904493570328,0.881
3,20,152,mlp,mnist,topk,32,0.001,1,0.6438044581413269,0.887
3,21,153,mlp,mnist,topk,32,0.001,1,0.6290417556762695,0.885
3,22,154,mlp,mnist,topk,32,0.001,1,0.6191945520639419,0.891
3,23,155,mlp,mnist,topk,32,0.001,1,0.6210017949342728,0.871
3,24,156,mlp,mnist,topk,32,0.001,1,0.649540868461132,0.855
3,25,157,mlp,mnist,topk,32,0.001,1,0.6382181814908982,0.885
3,26,158,mlp,mnist,topk,32,0.001,1,0.6673835144042969,0.875
3,27,159,mlp,mnist,topk,32,0.001,1,0.623405351281166,0.856
3,28,160,mlp,mnist,topk,32,0.001,1,0.630067401766777,0.885
3,29,161,mlp,mnist,topk,32,0.001,1,0.6344903402924538,0.873
4,0,162,mlp,mnist,dpsgd,1,0.001,1,2.2888321554213764,0.269
4,1,163,mlp,mnist,dpsgd,1,0.001,1,2.267996220000088,0.242
4,2,164,mlp,mnist,dpsgd,1,0.001,1,2.2638478879407047,0.217
4,3,165,mlp,mnist,dpsgd,1,0.001,1,2.2965151403322817,0.285
4,4,166,mlp,mnist,dpsgd,1,0.001,1,2.266201695587486,0.218
4,5,167,mlp,mnist,dpsgd,1,0.001,1,2.291685056485236,0.138
4,6,168,mlp,mnist,dpsgd,1,0.001,1,2.2683286581374706,0.258
4,7,169,mlp,mnist,dpsgd,1,0.001,1,2.1599599396288394,0.239
4,8,170,mlp,mnist,dpsgd,1,0.001,1,2.279524670969695,0.234
4,9,171,mlp,mnist,dpsgd,1,0.001,1,2.2981504722349344,0.259
4,10,172,mlp,mnist,dpsgd,1,0.001,1,2.2637744090892373,0.285
4,11,173,mlp,mnist,dpsgd,1,0.001,1,2.3000622784532605,0.288
4,12,174,mlp,mnist,dpsgd,1,0.001,1,2.279035220561549,0.181
4,13,175,mlp,mnist,dpsgd,1,0.001,1,2.291489555601962,0.172
4,14,176,mlp,mnist,dpsgd,1,0.001,1,2.30196750164032,0.246
4,15,177,mlp,mnist,dpsgd,1,0.001,1,2.279141642626375,0.221
4,16,178,mlp,mnist,dpsgd,1,0.001,1,2.293098886041902,0.202
4,17,179,mlp,mnist,dpsgd,1,0.001,1,2.1523798349499703,0.247
4,18,180,mlp,mnist,dpsgd,1,0.001,1,2.275254829350859,0.271
4,19,181,mlp,mnist,dpsgd,1,0.001,1,2.2132128994138913,0.271
4,20,182,mlp,mnist,dpsgd,1,0.001,1,2.2974454408548772,0.153
4,21,183,mlp,mnist,dpsgd,1,0.001,1,2.2554032760709526,0.27
4,22,184,mlp,mnist,dpsgd,1,0.001,1,2.239904095531441,0.278
4,23,185,mlp,mnist,dpsgd,1,0.001,1,2.2643116144016386,0.175
4,24,186,mlp,mnist,dpsgd,1,0.001,1,2.2221634112596513,0.234
4,25,187,mlp,mnist,dpsgd,1,0.001,1,2.1722393604554235,0.307
4,26,188,mlp,mnist,dpsgd,1,0.001,1,2.199304288722575,0.182
4,27,189,mlp,mnist,dpsgd,1,0.001,1,2.262859843391925,0.273
4,28,190,mlp,mnist,dpsgd,1,0.001,1,2.24633289417997,0.272
4,29,191,mlp,mnist,dpsgd,1,0.001,1,2.2675847413390873,0.232
5,0,192,mlp,mnist,dpsgd,32,0.001,1,2.2881657848358152,0.146
5,1,193,mlp,mnist,dpsgd,32,0.001,1,2.2973579692840578,0.117
5,2,194,mlp,mnist,dpsgd,32,0.001,1,2.28224630355835,0.188
5,3,195,mlp,mnist,dpsgd,32,0.001,1,2.289343402862549,0.141
5,4,196,mlp,mnist,dpsgd,32,0.001,1,2.2862210731506347,0.12
5,5,197,mlp,mnist,dpsgd,32,0.001,1,2.288948862075806,0.181
5,6,198,mlp,mnist,dpsgd,32,0.001,1,2.284090139389038,0.16
5,7,199,mlp,mnist,dpsgd,32,0.001,1,2.285113483428955,0.169
5,8,200,mlp,mnist,dpsgd,32,0.001,1,2.2972902717590333,0.172
5,9,201,mlp,mnist,dpsgd,32,0.001,1,2.285727018356323,0.121
5,10,202,mlp,mnist,dpsgd,32,0.001,1,2.2880595951080323,0.151
5,11,203,mlp,mnist,dpsgd,32,0.001,1,2.295190019607544,0.172
5,12,204,mlp,mnist,dpsgd,32,0.001,1,2.2841191864013672,0.17
5,13,205,mlp,mnist,dpsgd,32,0.001,1,2.289976083755493,0.199
5,14,206,mlp,mnist,dpsgd,32,0.001,1,2.2952222843170165,0.141
5,15,207,mlp,mnist,dpsgd,32,0.001,1,2.298372974395752,0.209
5,16,208,mlp,mnist,dpsgd,32,0.001,1,2.2999588184356687,0.108
5,17,209,mlp,mnist,dpsgd,32,0.001,1,2.303257577896118,0.12
5,18,210,mlp,mnist,dpsgd,32,0.001,1,2.3005495738983153,0.118
5,19,211,mlp,mnist,dpsgd,32,0.001,1,2.293828197479248,0.204
5,20,212,mlp,mnist,dpsgd,32,0.001,1,2.3020940189361574,0.137
5,21,213,mlp,mnist,dpsgd,32,0.001,1,2.298187702178955,0.135
5,22,214,mlp,mnist,dpsgd,32,0.001,1,2.2887848262786865,0.183
5,23,215,mlp,mnist,dpsgd,32,0.001,1,2.3053205528259277,0.09
5,24,216,mlp,mnist,dpsgd,32,0.001,1,2.283602067947388,0.156
5,25,217,mlp,mnist,dpsgd,32,0.001,1,2.298325487136841,0.151
5,26,218,mlp,mnist,dpsgd,32,0.001,1,2.2811037616729735,0.183
5,27,219,mlp,mnist,dpsgd,32,0.001,1,2.2958561477661132,0.161
5,28,220,mlp,mnist,dpsgd,32,0.001,1,2.2878876991271975,0.134
5,29,221,mlp,mnist,dpsgd,32,0.001,1,2.2952968769073485,0.151
6,0,222,mlp,mnist,randomk,1,0.001,1,0.5656289589108078,0.868
6,1,223,mlp,mnist,randomk,1,0.001,1,0.5591480688191723,0.891
6,2,224,mlp,mnist,randomk,1,0.001,1,0.5539839000084507,0.852
6,3,225,mlp,mnist,randomk,1,0.001,1,0.5638642414261926,0.839
6,4,226,mlp,mnist,randomk,1,0.001,1,0.5507969116123871,0.881
6,5,227,mlp,mnist,randomk,1,0.001,1,0.5685643588916649,0.858
6,6,228,mlp,mnist,randomk,1,0.001,1,0.5628764702261005,0.885
6,7,229,mlp,mnist,randomk,1,0.001,1,0.5418544620431408,0.829
6,8,230,mlp,mnist,randomk,1,0.001,1,0.553147533611075,0.871
6,9,231,mlp,mnist,randomk,1,0.001,1,0.5679000606276859,0.884
6,10,232,mlp,mnist,randomk,1,0.001,1,0.5532068091944141,0.866
6,11,233,mlp,mnist,randomk,1,0.001,1,0.5557204591276826,0.842
6,12,234,mlp,mnist,randomk,1,0.001,1,0.5657991342296117,0.876
6,13,235,mlp,mnist,randomk,1,0.001,1,0.5595582306501866,0.877
6,14,236,mlp,mnist,randomk,1,0.001,1,0.5427943548232045,0.881
6,15,237,mlp,mnist,randomk,1,0.001,1,0.5642849586132869,0.829
6,16,238,mlp,mnist,randomk,1,0.001,1,0.5581016668311101,0.876
6,17,239,mlp,mnist,randomk,1,0.001,1,0.545883600682915,0.864
6,18,240,mlp,mnist,randomk,1,0.001,1,0.558916985818227,0.867
6,19,241,mlp,mnist,randomk,1,0.001,1,0.5529644633408726,0.866
6,20,242,mlp,mnist,randomk,1,0.001,1,0.5694036344182487,0.81
6,21,243,mlp,mnist,randomk,1,0.001,1,0.5570580503056246,0.861
6,22,244,mlp,mnist,randomk,1,0.001,1,0.5421029444654899,0.881
6,23,245,mlp,mnist,randomk,1,0.001,1,0.5611349960375573,0.87
6,24,246,mlp,mnist,randomk,1,0.001,1,0.5313973966947145,0.839
6,25,247,mlp,mnist,randomk,1,0.001,1,0.5550010992062124,0.874
6,26,248,mlp,mnist,randomk,1,0.001,1,0.5664103538010526,0.887
6,27,249,mlp,mnist,randomk,1,0.001,1,0.5667915896840582,0.864
6,28,250,mlp,mnist,randomk,1,0.001,1,0.5640147427332661,0.863
6,29,251,mlp,mnist,randomk,1,0.001,1,0.5540377765937313,0.855
7,0,252,mlp,mnist,randomk,32,0.001,1,0.8412447043061256,0.868
7,1,253,mlp,mnist,randomk,32,0.001,1,0.8528097943067551,0.838
7,2,254,mlp,mnist,randomk,32,0.001,1,0.8416714612245559,0.873
7,3,255,mlp,mnist,randomk,32,0.001,1,0.8602727892398834,0.848
7,4,256,mlp,mnist,randomk,32,0.001,1,0.8521535964608192,0.851
7,5,257,mlp,mnist,randomk,32,0.001,1,0.8733608728647232,0.868
7,6,258,mlp,mnist,randomk,32,0.001,1,0.8408829791545868,0.864
7,7,259,mlp,mnist,randomk,32,0.001,1,0.8504521139860153,0.857
7,8,260,mlp,mnist,randomk,32,0.001,1,0.8662938009500504,0.855
7,9,261,mlp,mnist,randomk,32,0.001,1,0.8716695513725281,0.857
7,10,262,mlp,mnist,randomk,32,0.001,1,0.8590922303199768,0.847
7,11,263,mlp,mnist,randomk,32,0.001,1,0.857116969704628,0.875
7,12,264,mlp,mnist,randomk,32,0.001,1,0.8229556037187576,0.865
7,13,265,mlp,mnist,randomk,32,0.001,1,0.8442063138484955,0.828
7,14,266,mlp,mnist,randomk,32,0.001,1,0.8366599807739258,0.86
7,15,267,mlp,mnist,randomk,32,0.001,1,0.8388803342580795,0.867
7,16,268,mlp,mnist,randomk,32,0.001,1,0.8387768195867539,0.866
7,17,269,mlp,mnist,randomk,32,0.001,1,0.8662844483852387,0.872
7,18,270,mlp,mnist,randomk,32,0.001,1,0.8379955742955207,0.864
7,19,271,mlp,mnist,randomk,32,0.001,1,0.8659653151035309,0.862
7,20,272,mlp,mnist,randomk,32,0.001,1,0.8353864755630493,0.865
7,21,273,mlp,mnist,randomk,32,0.001,1,0.8459846557378768,0.859
7,22,274,mlp,mnist,randomk,32,0.001,1,0.8495285489559173,0.861
7,23,275,mlp,mnist,randomk,32,0.001,1,0.8673853586912155,0.857
7,24,276,mlp,mnist,randomk,32,0.001,1,0.8349251534938812,0.86
7,25,277,mlp,mnist,randomk,32,0.001,1,0.8280303200483322,0.834
7,26,278,mlp,mnist,randomk,32,0.001,1,0.8347817046642303,0.86
7,27,279,mlp,mnist,randomk,32,0.001,1,0.8541287416219712,0.836
7,28,280,mlp,mnist,randomk,32,0.001,1,0.8487216117382049,0.854
7,29,281,mlp,mnist,randomk,32,0.001,1,0.8297333928346634,0.867
8,0,282,mlp,mnist,qsgd,1,0.001,1,0.565488254135871,0.855
8,1,283,mlp,mnist,qsgd,1,0.001,1,0.5807501957802508,0.846
8,2,284,mlp,mnist,qsgd,1,0.001,1,0.555216698833252,0.837
8,3,285,mlp,mnist,qsgd,1,0.001,1,0.5597558764622459,0.884
8,4,286,mlp,mnist,qsgd,1,0.001,1,0.5535230115296919,0.886
8,5,287,mlp,mnist,qsgd,1,0.001,1,0.5692898310403244,0.839
8,6,288,mlp,mnist,qsgd,1,0.001,1,0.5551133707196865,0.884
8,7,289,mlp,mnist,qsgd,1,0.001,1,0.5643496806977504,0.871
8,8,290,mlp,mnist,qsgd,1,0.001,1,0.54567195293721,0.85
8,9,291,mlp,mnist,qsgd,1,0.001,1,0.575391896433546,0.852
8,10,292,mlp,mnist,qsgd,1,0.001,1,0.5480956700273718,0.85
8,11,293,mlp,mnist,qsgd,1,0.001,1,0.5637778780563231,0.885
8,12,294,mlp,mnist,qsgd,1,0.001,1,0.5678907183861225,0.862
8,13,295,mlp,mnist,qsgd,1,0.001,1,0.5621063757952772,0.859
8,14,296,mlp,mnist,qsgd,1,0.001,1,0.568049338604922,0.869
8,15,297,mlp,mnist,qsgd,1,0.001,1,0.5514010452885615,0.872
8,16,298,mlp,mnist,qsgd,1,0.001,1,0.5619652977306735,0.881
8,17,299,mlp,mnist,qsgd,1,0.001,1,0.5614947832749365,0.85
8,18,300,mlp,mnist,qsgd,1,0.001,1,0.5673183145891059,0.842
8,19,301,mlp,mnist,qsgd,1,0.001,1,0.5707310595159548,0.869
8,20,302,mlp,mnist,qsgd,1,0.001,1,0.5601666993133513,0.871
8,21,303,mlp,mnist,qsgd,1,0.001,1,0.5745911780101006,0.874
8,22,304,mlp,mnist,qsgd,1,0.001,1,0.5630070397591993,0.854
8,23,305,mlp,mnist,qsgd,1,0.001,1,0.558022884518919,0.87
8,24,306,mlp,mnist,qsgd,1,0.001,1,0.5746460953886069,0.879
8,25,307,mlp,mnist,qsgd,1,0.001,1,0.5565971779244043,0.868
8,26,308,mlp,mnist,qsgd,1,0.001,1,0.5636761104712428,0.882
8,27,309,mlp,mnist,qsgd,1,0.001,1,0.5682420754150206,0.868
8,28,310,mlp,mnist,qsgd,1,0.001,1,0.5637099940789572,0.866
8,29,311,mlp,mnist,qsgd,1,0.001,1,0.5571644095550173,0.85
9,0,312,mlp,mnist,qsgd,32,0.001,1,1.167312881708145,0.831
9,1,313,mlp,mnist,qsgd,32,0.001,1,1.2122166323661805,0.848
9,2,314,mlp,mnist,qsgd,32,0.001,1,1.1745576303005218,0.825
9,3,315,mlp,mnist,qsgd,32,0.001,1,1.1729797763824463,0.857
9,4,316,mlp,mnist,qsgd,32,0.001,1,1.1681149489879608,0.832
9,5,317,mlp,mnist,qsgd,32,0.001,1,1.1616300832033157,0.814
9,6,318,mlp,mnist,qsgd,32,0.001,1,1.140785611629486,0.849
9,7,319,mlp,mnist,qsgd,32,0.001,1,1.1912590606212616,0.845
9,8,320,mlp,mnist,qsgd,32,0.001,1,1.1620127322673797,0.852
9,9,321,mlp,mnist,qsgd,32,0.001,1,1.1920405397415161,0.844
9,10,322,mlp,mnist,qsgd,32,0.001,1,1.1678149436712264,0.828
9,11,323,mlp,mnist,qsgd,32,0.001,1,1.1804269342422484,0.843
9,12,324,mlp,mnist,qsgd,32,0.001,1,1.170707316160202,0.818
9,13,325,mlp,mnist,qsgd,32,0.001,1,1.1679334371089936,0.845
9,14,326,mlp,mnist,qsgd,32,0.001,1,1.164243957400322,0.844
9,15,327,mlp,mnist,qsgd,32,0.001,1,1.1682012685537337,0.853
9,16,328,mlp,mnist,qsgd,32,0.001,1,1.1607137590646743,0.852
9,17,329,mlp,mnist,qsgd,32,0.001,1,1.1596099367141723,0.832
9,18,330,mlp,mnist,qsgd,32,0.001,1,1.2099890158176423,0.831
9,19,331,mlp,mnist,qsgd,32,0.001,1,1.1758590792417527,0.829
9,20,332,mlp,mnist,qsgd,32,0.001,1,1.150370348930359,0.849
9,21,333,mlp,mnist,qsgd,32,0.001,1,1.1659941673278809,0.823
9,22,334,mlp,mnist,qsgd,32,0.001,1,1.143596334695816,0.856
9,23,335,mlp,mnist,qsgd,32,0.001,1,1.1871064356565475,0.829
9,24,336,mlp,mnist,qsgd,32,0.001,1,1.1760930709838868,0.824
9,25,337,mlp,mnist,qsgd,32,0.001,1,1.2061154642105103,0.836
9,26,338,mlp,mnist,qsgd,32,0.001,1,1.1644140508174896,0.856
9,27,339,mlp,mnist,qsgd,32,0.001,1,1.1586577887535094,0.842
9,28,340,mlp,mnist,qsgd,32,0.001,1,1.1783455901145936,0.849
9,29,341,mlp,mnist,qsgd,32,0.001,1,1.162332397699356,0.827
10,0,342,mlp,fashion-mnist,none,1,0.001,1,0.8657599470134014,0.726
10,1,343,mlp,fashion-mnist,none,1,0.001,1,0.8768130263982313,0.783
10,2,344,mlp,fashion-mnist,none,1,0.001,1,0.8768181427879078,0.737
10,3,345,mlp,fashion-mnist,none,1,0.001,1,0.8804607256265242,0.773
10,4,346,mlp,fashion-mnist,none,1,0.001,1,0.8664239856186122,0.749
10,5,347,mlp,fashion-mnist,none,1,0.001,1,0.8741253111648095,0.766
10,6,348,mlp,fashion-mnist,none,1,0.001,1,0.8600024756698814,0.701
10,7,349,mlp,fashion-mnist,none,1,0.001,1,0.8771731395887771,0.751
10,8,350,mlp,fashion-mnist,none,1,0.001,1,0.8736961653579915,0.773
10,9,351,mlp,fashion-mnist,none,1,0.001,1,0.8831858384352618,0.763
10,10,352,mlp,fashion-mnist,none,1,0.001,1,0.8659464077192736,0.769
10,11,353,mlp,fashion-mnist,none,1,0.001,1,0.8637839476098255,0.739
10,12,354,mlp,fashion-mnist,none,1,0.001,1,0.8622765845515407,0.769
10,13,355,mlp,fashion-mnist,none,1,0.001,1,0.8666181424390288,0.725
10,14,356,mlp,fashion-mnist,none,1,0.001,1,0.8718197047626975,0.655
10,15,357,mlp,fashion-mnist,none,1,0.001,1,0.8519423497951484,0.642
10,16,358,mlp,fashion-mnist,none,1,0.001,1,0.8602300662149085,0.749
10,17,359,mlp,fashion-mnist,none,1,0.001,1,0.8693383204486065,0.729
10,18,360,mlp,fashion-mnist,none,1,0.001,1,0.8708821081984521,0.763
10,19,361,mlp,fashion-mnist,none,1,0.001,1,0.8485865664224511,0.746
10,20,362,mlp,fashion-mnist,none,1,0.001,1,0.8681149127818326,0.781
10,21,363,mlp,fashion-mnist,none,1,0.001,1,0.8738461576358596,0.768
10,22,364,mlp,fashion-mnist,none,1,0.001,1,0.8709411619857329,0.765
10,23,365,mlp,fashion-mnist,none,1,0.001,1,0.8730738324066892,0.698
10,24,366,mlp,fashion-mnist,none,1,0.001,1,0.8651498352267212,0.76
10,25,367,mlp,fashion-mnist,none,1,0.001,1,0.8904672584614975,0.737
10,26,368,mlp,fashion-mnist,none,1,0.001,1,0.8981795982985395,0.722
10,27,369,mlp,fashion-mnist,none,1,0.001,1,0.8703274221892193,0.767
10,28,370,mlp,fashion-mnist,none,1,0.001,1,0.8723183290597849,0.766
10,29,371,mlp,fashion-mnist,none,1,0.001,1,0.8858849458116999,0.678
11,0,372,mlp,fashion-mnist,none,32,0.001,1,0.7548228249549865,0.787
11,1,373,mlp,fashion-mnist,none,32,0.001,1,0.7550957429409028,0.78
11,2,374,mlp,fashion-mnist,none,32,0.001,1,0.7459269618988037,0.782
11,3,375,mlp,fashion-mnist,none,32,0.001,1,0.7559651548862457,0.775
11,4,376,mlp,fashion-mnist,none,32,0.001,1,0.7640107336044312,0.81
11,5,377,mlp,fashion-mnist,none,32,0.001,1,0.7574443490505218,0.769
11,6,378,mlp,fashion-mnist,none,32,0.001,1,0.750871066570282,0.765
11,7,379,mlp,fashion-mnist,none,32,0.001,1,0.7547120711803437,0.79
11,8,380,mlp,fashion-mnist,none,32,0.001,1,0.7468240067958832,0.812
11,9,381,mlp,fashion-mnist,none,32,0.001,1,0.7593848042488098,0.785
11,10,382,mlp,fashion-mnist,none,32,0.001,1,0.7387420222759247,0.79
11,11,383,mlp,fashion-mnist,none,32,0.001,1,0.7844430723190308,0.767
11,12,384,mlp,fashion-mnist,none,32,0.001,1,0.7516116329431534,0.763
11,13,385,mlp,fashion-mnist,none,32,0.001,1,0.740879855632782,0.784
11,14,386,mlp,fashion-mnist,none,32,0.001,1,0.75566241979599,0.781
11,15,387,mlp,fashion-mnist,none,32,0.001,1,0.7581101876497268,0.781
11,16,388,mlp,fashion-mnist,none,32,0.001,1,0.7707932505607605,0.802
11,17,389,mlp,fashion-mnist,none,32,0.001,1,0.7365212709903717,0.805
11,18,390,mlp,fashion-mnist,none,32,0.001,1,0.7486793603897095,0.807
11,19,391,mlp,fashion-mnist,none,32,0.001,1,0.777622062921524,0.807
11,20,392,mlp,fashion-mnist,none,32,0.001,1,0.764855848312378,0.764
11,21,393,mlp,fashion-mnist,none,32,0.001,1,0.7419656339883804,0.728
11,22,394,mlp,fashion-mnist,none,32,0.001,1,0.7660634665489197,0.74
11,23,395,mlp,fashion-mnist,none,32,0.001,1,0.7636826720237732,0.787
11,24,396,mlp,fashion-mnist,none,32,0.001,1,0.7615149631500244,0.779
11,25,397,mlp,fashion-mnist,none,32,0.001,1,0.7557318315505982,0.815
11,26,398,mlp,fashion-mnist,none,32,0.001,1,0.7685932576656341,0.757
11,27,399,mlp,fashion-mnist,none,32,0.001,1,0.7641852731704712,0.789
11,28,400,mlp,fashion-mnist,none,32,0.001,1,0.7503570237159729,0.774
11,29,401,mlp,fashion-mnist,none,32,0.001,1,0.7801014857292176,0.789
12,0,402,mlp,fashion-mnist,topk,1,0.001,1,0.8504509261447786,0.76
12,1,403,mlp,fashion-mnist,topk,1,0.001,1,0.8758798910475479,0.765
12,2,404,mlp,fashion-mnist,topk,1,0.001,1,0.8729485270647132,0.768
12,3,405,mlp,fashion-mnist,topk,1,0.001,1,0.8620110765977071,0.78
12,4,406,mlp,fashion-mnist,topk,1,0.001,1,0.8679815755113348,0.765
12,5,407,mlp,fashion-mnist,topk,1,0.001,1,0.8797084864639397,0.7
12,6,408,mlp,fashion-mnist,topk,1,0.001,1,0.8781353432387108,0.703
12,7,409,mlp,fashion-mnist,topk,1,0.001,1,0.8577119375203874,0.766
12,8,410,mlp,fashion-mnist,topk,1,0.001,1,0.8802896628412109,0.745
12,9,411,mlp,fashion-mnist,topk,1,0.001,1,0.85934704003724,0.759
12,10,412,mlp,fashion-mnist,topk,1,0.001,1,0.8789439206867371,0.755
12,11,413,mlp,fashion-mnist,topk,1,0.001,1,0.8846001397551928,0.776
12,12,414,mlp,fashion-mnist,topk,1,0.001,1,0.8653558456038559,0.781
12,13,415,mlp,fashion-mnist,topk,1,0.001,1,0.8826166838332785,0.754
12,14,416,mlp,fashion-mnist,topk,1,0.001,1,0.8750209685065038,0.758
12,15,417,mlp,fashion-mnist,topk,1,0.001,1,0.8559712658536079,0.77
12,16,418,mlp,fashion-mnist,topk,1,0.001,1,0.8757528781523821,0.763
12,17,419,mlp,fashion-mnist,topk,1,0.001,1,0.8759321615404556,0.773
12,18,420,mlp,fashion-mnist,topk,1,0.001,1,0.8712204069821912,0.75
12,19,421,mlp,fashion-mnist,topk,1,0.001,1,0.8607653430643767,0.7
12,20,422,mlp,fashion-mnist,topk,1,0.001,1,0.8757977276914883,0.695
12,21,423,mlp,fashion-mnist,topk,1,0.001,1,0.8778471302730154,0.741
12,22,424,mlp,fashion-mnist,topk,1,0.001,1,0.8657707048133537,0.741
12,23,425,mlp,fashion-mnist,topk,1,0.001,1,0.8714523783045443,0.749
12,24,426,mlp,fashion-mnist,topk,1,0.001,1,0.8694410058331684,0.718
12,25,427,mlp,fashion-mnist,topk,1,0.001,1,0.8557528757849259,0.777
12,26,428,mlp,fashion-mnist,topk,1,0.001,1,0.87102937477207,0.683
12,27,429,mlp,fashion-mnist,topk,1,0.001,1,0.8566428472291172,0.784
12,28,430,mlp,fashion-mnist,topk,1,0.001,1,0.881928810018142,0.711
12,29,431,mlp,fashion-mnist,topk,1,0.001,1,0.876189785729543,0.728
13,0,432,mlp,fashion-mnist,topk,32,0.001,1,0.8362061898708344,0.781
13,1,433,mlp,fashion-mnist,topk,32,0.001,1,0.8478310935497284,0.741
13,2,434,mlp,fashion-mnist,topk,32,0.001,1,0.8536299216747284,0.761
13,3,435,mlp,fashion-mnist,topk,32,0.001,1,0.8285021893978118,0.787
13,4,436,mlp,fashion-mnist,topk,32,0.001,1,0.8400036354064941,0.778
13,5,437,mlp,fashion-mnist,topk,32,0.001,1,0.8522397575378418,0.777
13,6,438,mlp,fashion-mnist,topk,32,0.001,1,0.8576834881305695,0.788
13,7,439,mlp,fashion-mnist,topk,32,0.001,1,0.8219705183506012,0.775
13,8,440,mlp,fashion-mnist,topk,32,0.001,1,0.8348158345222473,0.785
13,9,441,mlp,fashion-mnist,topk,32,0.001,1,0.8261114573478698,0.791
13,10,442,mlp,fashion-mnist,topk,32,0.001,1,0.8301719167232513,0.772
13,11,443,mlp,fashion-mnist,topk,32,0.001,1,0.8415263810157776,0.783
13,12,444,mlp,fashion-mnist,topk,32,0.001,1,0.813837378025055,0.769
13,13,445,mlp,fashion-mnist,topk,32,0.001,1,0.8603508784770966,0.748
13,14,446,mlp,fashion-mnist,topk,32,0.001,1,0.8460839757919312,0.793
13,15,447,mlp,fashion-mnist,topk,32,0.001,1,0.8339289393424988,0.765
13,16,448,mlp,fashion-mnist,topk,32,0.001,1,0.8421639425754547,0.787
13,17,449,mlp,fashion-mnist,topk,32,0.001,1,0.8260041716098785,0.783
13,18,450,mlp,fashion-mnist,topk,32,0.001,1,0.8152189748287201,0.802
13,19,451,mlp,fashion-mnist,topk,32,0.001,1,0.8287425527572632,0.767
13,20,452,mlp,fashion-mnist,topk,32,0.001,1,0.8511030995845794,0.762
13,21,453,mlp,fashion-mnist,topk,32,0.001,1,0.8174616358280182,0.786
13,22,454,mlp,fashion-mnist,topk,32,0.001,1,0.8248699469566345,0.764
13,23,455,mlp,fashion-mnist,topk,32,0.001,1,0.8201745533943177,0.786
13,24,456,mlp,fashion-mnist,topk,32,0.001,1,0.8266672458648682,0.801
13,25,457,mlp,fashion-mnist,topk,32,0.001,1,0.8303854444026947,0.793
13,26,458,mlp,fashion-mnist,topk,32,0.001,1,0.8285926904678345,0.778
13,27,459,mlp,fashion-mnist,topk,32,0.001,1,0.8577723917961121,0.78
13,28,460,mlp,fashion-mnist,topk,32,0.001,1,0.8388175144195557,0.78
13,29,461,mlp,fashion-mnist,topk,32,0.001,1,0.8273182833194732,0.792
14,0,462,mlp,fashion-mnist,dpsgd,1,0.001,1,2.0953733261162415,0.317
14,1,463,mlp,fashion-mnist,dpsgd,1,0.001,1,2.046237134903669,0.403
14,2,464,mlp,fashion-mnist,dpsgd,1,0.001,1,2.0281898494362833,0.309
14,3,465,mlp,fashion-mnist,dpsgd,1,0.001,1,2.0719335626773536,0.392
14,4,466,mlp,fashion-mnist,dpsgd,1,0.001,1,2.075346286861226,0.335
14,5,467,mlp,fashion-mnist,dpsgd,1,0.001,1,2.0317274715639653,0.403
14,6,468,mlp,fashion-mnist,dpsgd,1,0.001,1,2.038768650993705,0.349
14,7,469,mlp,fashion-mnist,dpsgd,1,0.001,1,2.031943511193618,0.378
14,8,470,mlp,fashion-mnist,dpsgd,1,0.001,1,2.1585169896632435,0.285
14,9,471,mlp,fashion-mnist,dpsgd,1,0.001,1,2.1212171474434434,0.414
14,10,472,mlp,fashion-mnist,dpsgd,1,0.001,1,2.0528213907182216,0.39
14,11,473,mlp,fashion-mnist,dpsgd,1,0.001,1,2.067368441745639,0.308
14,12,474,mlp,fashion-mnist,dpsgd,1,0.001,1,2.140754638692364,0.283
14,13,475,mlp,fashion-mnist,dpsgd,1,0.001,1,2.1954440156295894,0.316
14,14,476,mlp,fashion-mnist,dpsgd,1,0.001,1,2.1571058644521983,0.336
14,15,477,mlp,fashion-mnist,dpsgd,1,0.001,1,2.0744689689464866,0.34
14,16,478,mlp,fashion-mnist,dpsgd,1,0.001,1,2.0914006739892064,0.345
14,17,479,mlp,fashion-mnist,dpsgd,1,0.001,1,2.044405923092272,0.382
14,18,480,mlp,fashion-mnist,dpsgd,1,0.001,1,2.0876480878982693,0.333
14,19,481,mlp,fashion-mnist,dpsgd,1,0.001,1,1.995721643993631,0.453
14,20,482,mlp,fashion-mnist,dpsgd,1,0.001,1,2.149156704418361,0.306
14,21,483,mlp,fashion-mnist,dpsgd,1,0.001,1,2.1237925248369574,0.29
14,22,484,mlp,fashion-mnist,dpsgd,1,0.001,1,2.078345904376358,0.368
14,23,485,mlp,fashion-mnist,dpsgd,1,0.001,1,2.1522634459175167,0.307
14,24,486,mlp,fashion-mnist,dpsgd,1,0.001,1,2.027002923121676,0.264
14,25,487,mlp,fashion-mnist,dpsgd,1,0.001,1,2.082528664276004,0.317
14,26,488,mlp,fashion-mnist,dpsgd,1,0.001,1,2.126873293289915,0.347
14,27,489,mlp,fashion-mnist,dpsgd,1,0.001,1,2.1291143974289297,0.337
14,28,490,mlp,fashion-mnist,dpsgd,1,0.001,1,2.0475865297336133,0.371
14,29,491,mlp,fashion-mnist,dpsgd,1,0.001,1,2.0812459926642477,0.342
15,0,492,mlp,fashion-mnist,dpsgd,32,0.001,1,2.2956702804565428,0.199
15,1,493,mlp,fashion-mnist,dpsgd,32,0.001,1,2.277168420791626,0.124
15,2,494,mlp,fashion-mnist,dpsgd,32,0.001,1,2.273244071960449,0.182
15,3,495,mlp,fashion-mnist,dpsgd,32,0.001,1,2.269528600692749,0.288
15,4,496,mlp,fashion-mnist,dpsgd,32,0.001,1,2.2869719200134275,0.109
15,5,497,mlp,fashion-mnist,dpsgd,32,0.001,1,2.2850381813049316,0.103
15,6,498,mlp,fashion-mnist,dpsgd,32,0.001,1,2.264582227706909,0.272
15,7,499,mlp,fashion-mnist,dpsgd,32,0.001,1,2.2588856620788573,0.302
15,8,500,mlp,fashion-mnist,dpsgd,32,0.001,1,2.2870888080596923,0.218
15,9,501,mlp,fashion-mnist,dpsgd,32,0.001,1,2.264119550704956,0.259
15,10,502,mlp,fashion-mnist,dpsgd,32,0.001,1,2.2793805179595945,0.236
15,11,503,mlp,fashion-mnist,dpsgd,32,0.001,1,2.298111484527588,0.182
15,12,504,mlp,fashion-mnist,dpsgd,32,0.001,1,2.310903184890747,0.175
15,13,505,mlp,fashion-mnist,dpsgd,32,0.001,1,2.2683663063049315,0.204
15,14,506,mlp,fashion-mnist,dpsgd,32,0.001,1,2.2667965564727783,0.227
15,15,507,mlp,fashion-mnist,dpsgd,32,0.001,1,2.260048931121826,0.299
15,16,508,mlp,fashion-mnist,dpsgd,32,0.001,1,2.2711211128234865,0.216
15,17,509,mlp,fashion-mnist,dpsgd,32,0.001,1,2.276013095855713,0.142
15,18,510,mlp,fashion-mnist,dpsgd,32,0.001,1,2.2838270359039305,0.188
15,19,511,mlp,fashion-mnist,dpsgd,32,0.001,1,2.2670658588409425,0.242
15,20,512,mlp,fashion-mnist,dpsgd,32,0.001,1,2.2704178581237793,0.228
15,21,513,mlp,fashion-mnist,dpsgd,32,0.001,1,2.2805589809417723,0.168
15,22,514,mlp,fashion-mnist,dpsgd,32,0.001,1,2.267006383895874,0.268
15,23,515,mlp,fashion-mnist,dpsgd,32,0.001,1,2.2582345485687254,0.281
15,24,516,mlp,fashion-mnist,dpsgd,32,0.001,1,2.282297523498535,0.229
15,25,517,mlp,fashion-mnist,dpsgd,32,0.001,1,2.2596629123687744,0.267
15,26,518,mlp,fashion-mnist,dpsgd,32,0.001,1,2.287994956970215,0.158
15,27,519,mlp,fashion-mnist,dpsgd,32,0.001,1,2.2677058715820313,0.181
15,28,520,mlp,fashion-mnist,dpsgd,32,0.001,1,2.266606184005737,0.287
15,29,521,mlp,fashion-mnist,dpsgd,32,0.001,1,2.2825531692504883,0.195
16,0,522,mlp,fashion-mnist,randomk,1,0.001,1,0.8057691785623524,0.782
16,1,523,mlp,fashion-mnist,randomk,1,0.001,1,0.8057352171162149,0.767
16,2,524,mlp,fashion-mnist,randomk,1,0.001,1,0.801253500454639,0.783
16,3,525,mlp,fashion-mnist,randomk,1,0.001,1,0.8194360797278,0.76
16,4,526,mlp,fashion-mnist,randomk,1,0.001,1,0.8064430779153591,0.769
16,5,527,mlp,fashion-mnist,randomk,1,0.001,1,0.8130193881096393,0.782
16,6,528,mlp,fashion-mnist,randomk,1,0.001,1,0.8010394959506465,0.713
16,7,529,mlp,fashion-mnist,randomk,1,0.001,1,0.807125778617931,0.773
16,8,530,mlp,fashion-mnist,randomk,1,0.001,1,0.8072511373749365,0.785
16,9,531,mlp,fashion-mnist,randomk,1,0.001,1,0.7992725305220545,0.791
16,10,532,mlp,fashion-mnist,randomk,1,0.001,1,0.7961579540333035,0.812
16,11,533,mlp,fashion-mnist,randomk,1,0.001,1,0.7992845420206244,0.734
16,12,534,mlp,fashion-mnist,randomk,1,0.001,1,0.814550086821247,0.747
16,13,535,mlp,fashion-mnist,randomk,1,0.001,1,0.8184526749078159,0.75
16,14,536,mlp,fashion-mnist,randomk,1,0.001,1,0.7958007916640336,0.785
16,15,537,mlp,fashion-mnist,randomk,1,0.001,1,0.7970951202398368,0.761
16,16,538,mlp,fashion-mnist,randomk,1,0.001,1,0.8091713868443358,0.775
16,17,539,mlp,fashion-mnist,randomk,1,0.001,1,0.8055586417222007,0.767
16,18,540,mlp,fashion-mnist,randomk,1,0.001,1,0.8069687873390058,0.688
16,19,541,mlp,fashion-mnist,randomk,1,0.001,1,0.8076404061767668,0.785
16,20,542,mlp,fashion-mnist,randomk,1,0.001,1,0.8086383397994075,0.774
16,21,543,mlp,fashion-mnist,randomk,1,0.001,1,0.8195448487601545,0.704
16,22,544,mlp,fashion-mnist,randomk,1,0.001,1,0.8142520757483105,0.779
16,23,545,mlp,fashion-mnist,randomk,1,0.001,1,0.8132909084525705,0.794
16,24,546,mlp,fashion-mnist,randomk,1,0.001,1,0.8007121259264304,0.76
16,25,547,mlp,fashion-mnist,randomk,1,0.001,1,0.8164548084858495,0.758
16,26,548,mlp,fashion-mnist,randomk,1,0.001,1,0.8056338608845717,0.788
16,27,549,mlp,fashion-mnist,randomk,1,0.001,1,0.7977254641086645,0.782
16,28,550,mlp,fashion-mnist,randomk,1,0.001,1,0.81074952429426,0.78
16,29,551,mlp,fashion-mnist,randomk,1,0.001,1,0.8132078262112369,0.744
17,0,552,mlp,fashion-mnist,randomk,32,0.001,1,0.922190975189209,0.773
17,1,553,mlp,fashion-mnist,randomk,32,0.001,1,0.9256911125183106,0.765
17,2,554,mlp,fashion-mnist,randomk,32,0.001,1,0.9114303805828095,0.802
17,3,555,mlp,fashion-mnist,randomk,32,0.001,1,0.9220674880743027,0.77
17,4,556,mlp,fashion-mnist,randomk,32,0.001,1,0.9207365403175354,0.767
17,5,557,mlp,fashion-mnist,randomk,32,0.001,1,0.917822395324707,0.787
17,6,558,mlp,fashion-mnist,randomk,32,0.001,1,0.9378707022666931,0.78
17,7,559,mlp,fashion-mnist,randomk,32,0.001,1,0.9310566182136536,0.766
17,8,560,mlp,fashion-mnist,randomk,32,0.001,1,0.9188765174150467,0.769
17,9,561,mlp,fashion-mnist,randomk,32,0.001,1,0.9396044237613678,0.776
17,10,562,mlp,fashion-mnist,randomk,32,0.001,1,0.9234563109874725,0.773
17,11,563,mlp,fashion-mnist,randomk,32,0.001,1,0.9273867981433869,0.767
17,12,564,mlp,fashion-mnist,randomk,32,0.001,1,0.9271747697591781,0.793
17,13,565,mlp,fashion-mnist,randomk,32,0.001,1,0.9280548295974731,0.748
17,14,566,mlp,fashion-mnist,randomk,32,0.001,1,0.9274597930908203,0.756
17,15,567,mlp,fashion-mnist,randomk,32,0.001,1,0.9173559534549713,0.787
17,16,568,mlp,fashion-mnist,randomk,32,0.001,1,0.9144905788898468,0.768
17,17,569,mlp,fashion-mnist,randomk,32,0.001,1,0.923759572505951,0.752
17,18,570,mlp,fashion-mnist,randomk,32,0.001,1,0.9172281301021576,0.753
17,19,571,mlp,fashion-mnist,randomk,32,0.001,1,0.9153395476341247,0.787
17,20,572,mlp,fashion-mnist,randomk,32,0.001,1,0.934996535539627,0.769
17,21,573,mlp,fashion-mnist,randomk,32,0.001,1,0.9426616516113281,0.781
17,22,574,mlp,fashion-mnist,randomk,32,0.001,1,0.9051093690395355,0.777
17,23,575,mlp,fashion-mnist,randomk,32,0.001,1,0.9226263585090637,0.758
17,24,576,mlp,fashion-mnist,randomk,32,0.001,1,0.9258561544418334,0.787
17,25,577,mlp,fashion-mnist,randomk,32,0.001,1,0.9189887325763703,0.775
17,26,578,mlp,fashion-mnist,randomk,32,0.001,1,0.9275483293533325,0.784
17,27,579,mlp,fashion-mnist,randomk,32,0.001,1,0.9255101692676544,0.783
17,28,580,mlp,fashion-mnist,randomk,32,0.001,1,0.929307284116745,0.796
17,29,581,mlp,fashion-mnist,randomk,32,0.001,1,0.9327427942752838,0.789
18,0,582,mlp,fashion-mnist,qsgd,1,0.001,1,0.7783670370927888,0.784
18,1,583,mlp,fashion-mnist,qsgd,1,0.001,1,0.8058252206226846,0.782
18,2,584,mlp,fashion-mnist,qsgd,1,0.001,1,0.7968403504960305,0.765
18,3,585,mlp,fashion-mnist,qsgd,1,0.001,1,0.7847203970980104,0.78
18,4,586,mlp,fashion-mnist,qsgd,1,0.001,1,0.7910731936627894,0.718
18,5,587,mlp,fashion-mnist,qsgd,1,0.001,1,0.786947190069466,0.769
18,6,588,mlp,fashion-mnist,qsgd,1,0.001,1,0.7845843717450189,0.774
18,7,589,mlp,fashion-mnist,qsgd,1,0.001,1,0.7774906626251161,0.793
18,8,590,mlp,fashion-mnist,qsgd,1,0.001,1,0.7900508483292847,0.768
18,9,591,mlp,fashion-mnist,qsgd,1,0.001,1,0.7938261121597152,0.746
18,10,592,mlp,fashion-mnist,qsgd,1,0.001,1,0.7917379582348665,0.785
18,11,593,mlp,fashion-mnist,qsgd,1,0.001,1,0.7874496099251244,0.759
18,12,594,mlp,fashion-mnist,qsgd,1,0.001,1,0.7909715305234631,0.793
18,13,595,mlp,fashion-mnist,qsgd,1,0.001,1,0.7868454078638356,0.774
18,14,596,mlp,fashion-mnist,qsgd,1,0.001,1,0.7889664969359624,0.728
18,15,597,mlp,fashion-mnist,qsgd,1,0.001,1,0.7951389714910195,0.775
18,16,598,mlp,fashion-mnist,qsgd,1,0.001,1,0.7895526988180046,0.79
18,17,599,mlp,fashion-mnist,qsgd,1,0.001,1,0.7809392007269434,0.746
18,18,600,mlp,fashion-mnist,qsgd,1,0.001,1,0.7913750119743268,0.781
18,19,601,mlp,fashion-mnist,qsgd,1,0.001,1,0.7905104773164612,0.69
18,20,602,mlp,fashion-mnist,qsgd,1,0.001,1,0.7898238029058235,0.751
18,21,603,mlp,fashion-mnist,qsgd,1,0.001,1,0.7852303830401053,0.708
18,22,604,mlp,fashion-mnist,qsgd,1,0.001,1,0.7983888531858562,0.76
18,23,605,mlp,fashion-mnist,qsgd,1,0.001,1,0.8023687359389892,0.775
18,24,606,mlp,fashion-mnist,qsgd,1,0.001,1,0.8043762999784563,0.771
18,25,607,mlp,fashion-mnist,qsgd,1,0.001,1,0.8001974133377923,0.724
18,26,608,mlp,fashion-mnist,qsgd,1,0.001,1,0.7920418459922418,0.771
18,27,609,mlp,fashion-mnist,qsgd,1,0.001,1,0.7983047741062458,0.779
18,28,610,mlp,fashion-mnist,qsgd,1,0.001,1,0.7916961834289834,0.76
18,29,611,mlp,fashion-mnist,qsgd,1,0.001,1,0.7930754885848487,0.785
19,0,612,mlp,fashion-mnist,qsgd,32,0.001,1,1.177618414878845,0.754
19,1,613,mlp,fashion-mnist,qsgd,32,0.001,1,1.1826447610855102,0.749
19,2,614,mlp,fashion-mnist,qsgd,32,0.001,1,1.2039798188209534,0.734
19,3,615,mlp,fashion-mnist,qsgd,32,0.001,1,1.1995201528072357,0.713
19,4,616,mlp,fashion-mnist,qsgd,32,0.001,1,1.1928355889320374,0.754
19,5,617,mlp,fashion-mnist,qsgd,32,0.001,1,1.1772801308631897,0.735
19,6,618,mlp,fashion-mnist,qsgd,32,0.001,1,1.1991335616111756,0.746
19,7,619,mlp,fashion-mnist,qsgd,32,0.001,1,1.1918638474941254,0.742
19,8,620,mlp,fashion-mnist,qsgd,32,0.001,1,1.1708891925811769,0.693
19,9,621,mlp,fashion-mnist,qsgd,32,0.001,1,1.209975920677185,0.742
19,10,622,mlp,fashion-mnist,qsgd,32,0.001,1,1.1880203158855438,0.744
19,11,623,mlp,fashion-mnist,qsgd,32,0.001,1,1.1524192881584168,0.745
19,12,624,mlp,fashion-mnist,qsgd,32,0.001,1,1.177766654729843,0.753
19,13,625,mlp,fashion-mnist,qsgd,32,0.001,1,1.189088580608368,0.756
19,14,626,mlp,fashion-mnist,qsgd,32,0.001,1,1.217059889793396,0.748
19,15,627,mlp,fashion-mnist,qsgd,32,0.001,1,1.1999500041007995,0.746
19,16,628,mlp,fashion-mnist,qsgd,32,0.001,1,1.1717082142829895,0.738
19,17,629,mlp,fashion-mnist,qsgd,32,0.001,1,1.1986910133361817,0.733
19,18,630,mlp,fashion-mnist,qsgd,32,0.001,1,1.2223114619255067,0.741
19,19,631,mlp,fashion-mnist,qsgd,32,0.001,1,1.2037794554233552,0.728
19,20,632,mlp,fashion-mnist,qsgd,32,0.001,1,1.1992155003547669,0.743
19,21,633,mlp,fashion-mnist,qsgd,32,0.001,1,1.2059761219024658,0.737
19,22,634,mlp,fashion-mnist,qsgd,32,0.001,1,1.1917197465896607,0.739
19,23,635,mlp,fashion-mnist,qsgd,32,0.001,1,1.2023834135532379,0.732
19,24,636,mlp,fashion-mnist,qsgd,32,0.001,1,1.1787860894203186,0.744
19,25,637,mlp,fashion-mnist,qsgd,32,0.001,1,1.1879094274044038,0.754
19,26,638,mlp,fashion-mnist,qsgd,32,0.001,1,1.1935185599327087,0.742
19,27,639,mlp,fashion-mnist,qsgd,32,0.001,1,1.2046412177085877,0.758
19,28,640,mlp,fashion-mnist,qsgd,32,0.001,1,1.1961569380760193,0.735
19,29,641,mlp,fashion-mnist,qsgd,32,0.001,1,1.1859926340579987,0.74
20,0,642,mlp,cifar10,none,1,0.001,1,2.265083219477121,0.24
20,1,643,mlp,cifar10,none,1,0.001,1,2.236263535878825,0.211
20,2,644,mlp,cifar10,none,1,0.001,1,2.27341959179526,0.196
20,3,645,mlp,cifar10,none,1,0.001,1,2.260870111233555,0.158
20,4,646,mlp,cifar10,none,1,0.001,1,2.273542265850443,0.212
20,5,647,mlp,cifar10,none,1,0.001,1,2.264384348518215,0.208
20,6,648,mlp,cifar10,none,1,0.001,1,2.322231495614644,0.217
20,7,649,mlp,cifar10,none,1,0.001,1,2.289667619647425,0.232
20,8,650,mlp,cifar10,none,1,0.001,1,2.296837545793387,0.193
20,9,651,mlp,cifar10,none,1,0.001,1,2.287171597920824,0.199
20,10,652,mlp,cifar10,none,1,0.001,1,2.312123443228076,0.186
20,11,653,mlp,cifar10,none,1,0.001,1,2.262144812284154,0.219
20,12,654,mlp,cifar10,none,1,0.001,1,2.3030596549268814,0.143
20,13,655,mlp,cifar10,none,1,0.001,1,2.2808429774045944,0.211
20,14,656,mlp,cifar10,none,1,0.001,1,2.2807363048156257,0.186
20,15,657,mlp,cifar10,none,1,0.001,1,2.2271004030942567,0.217
20,16,658,mlp,cifar10,none,1,0.001,1,2.276443758292452,0.157
20,17,659,mlp,cifar10,none,1,0.001,1,2.3110599950500235,0.175
20,18,660,mlp,cifar10,none,1,0.001,1,2.2863218329599184,0.209
20,19,661,mlp,cifar10,none,1,0.001,1,2.2493707121922633,0.214
20,20,662,mlp,cifar10,none,1,0.001,1,2.265945623748412,0.233
20,21,663,mlp,cifar10,none,1,0.001,1,2.263472297292639,0.143
20,22,664,mlp,cifar10,none,1,0.001,1,2.289292246308469,0.166
20,23,665,mlp,cifar10,none,1,0.001,1,2.26497055350538,0.194
20,24,666,mlp,cifar10,none,1,0.001,1,2.295066131201398,0.213
20,25,667,mlp,cifar10,none,1,0.001,1,2.264414833323157,0.206
20,26,668,mlp,cifar10,none,1,0.001,1,2.2537265613295605,0.161
20,27,669,mlp,cifar10,none,1,0.001,1,2.266540654420707,0.191
20,28,670,mlp,cifar10,none,1,0.001,1,2.291957240062409,0.189
20,29,671,mlp,cifar10,none,1,0.001,1,2.2795151287667688,0.185
21,0,672,mlp,cifar10,none,32,0.001,1,1.9419977617263795,0.345
21,1,673,mlp,cifar10,none,32,0.001,1,1.9448102388381958,0.353
21,2,674,mlp,cifar10,none,32,0.001,1,1.9296211776733398,0.358
21,3,675,mlp,cifar10,none,32,0.001,1,1.9430823249816895,0.335
21,4,676,mlp,cifar10,none,32,0.001,1,1.9352984981536865,0.335
21,5,677,mlp,cifar10,none,32,0.001,1,1.9413814878463744,0.363
21,6,678,mlp,cifar10,none,32,0.001,1,1.9304193687438964,0.317
21,7,679,mlp,cifar10,none,32,0.001,1,1.9476428918838502,0.36
21,8,680,mlp,cifar10,none,32,0.001,1,1.9349690761566163,0.352
21,9,681,mlp,cifar10,none,32,0.001,1,1.9420233516693115,0.355
21,10,682,mlp,cifar10,none,32,0.001,1,1.9427684755325318,0.344
21,11,683,mlp,cifar10,none,32,0.001,1,1.9433853549957276,0.354
21,12,684,mlp,cifar10,none,32,0.001,1,1.932278865814209,0.364
21,13,685,mlp,cifar10,none,32,0.001,1,1.9501205730438231,0.33
21,14,686,mlp,cifar10,none,32,0.001,1,1.950984902381897,0.352
21,15,687,mlp,cifar10,none,32,0.001,1,1.9440433340072631,0.35
21,16,688,mlp,cifar10,none,32,0.001,1,1.9368519277572631,0.349
21,17,689,mlp,cifar10,none,32,0.001,1,1.941907898902893,0.372
21,18,690,mlp,cifar10,none,32,0.001,1,1.9329347867965698,0.355
21,19,691,mlp,cifar10,none,32,0.001,1,1.9550835332870484,0.355
21,20,692,mlp,cifar10,none,32,0.001,1,1.9171751079559327,0.347
21,21,693,mlp,cifar10,none,32,0.001,1,1.9412392387390136,0.353
21,22,694,mlp,cifar10,none,32,0.001,1,1.9314454641342162,0.359
21,23,695,mlp,cifar10,none,32,0.001,1,1.9363065977096559,0.348
21,24,696,mlp,cifar10,none,32,0.001,1,1.929303671836853,0.362
21,25,697,mlp,cifar10,none,32,0.001,1,1.9358452844619751,0.343
21,26,698,mlp,cifar10,none,32,0.001,1,1.9503790273666382,0.362
21,27,699,mlp,cifar10,none,32,0.001,1,1.9449672718048097,0.37
21,28,700,mlp,cifar10,none,32,0.001,1,1.9512912015914916,0.381
21,29,701,mlp,cifar10,none,32,0.001,1,1.9405952959060668,0.318
22,0,702,mlp,cifar10,topk,1,0.001,1,2.2919460028164322,0.183
22,1,703,mlp,cifar10,topk,1,0.001,1,2.307859906223559,0.197
22,2,704,mlp,cifar10,topk,1,0.001,1,2.264194891846739,0.201
22,3,705,mlp,cifar10,topk,1,0.001,1,2.268658543712925,0.231
22,4,706,mlp,cifar10,topk,1,0.001,1,2.2584615409513935,0.145
22,5,707,mlp,cifar10,topk,1,0.001,1,2.2653836469842354,0.174
22,6,708,mlp,cifar10,topk,1,0.001,1,2.3057710749206306,0.183
22,7,709,mlp,cifar10,topk,1,0.001,1,2.2407720650862903,0.224
22,8,710,mlp,cifar10,topk,1,0.001,1,2.303121021234547,0.191
22,9,711,mlp,cifar10,topk,1,0.001,1,2.2515005328101108,0.192
22,10,712,mlp,cifar10,topk,1,0.001,1,2.2588205923750064,0.192
22,11,713,mlp,cifar10,topk,1,0.001,1,2.2504431013567956,0.214
22,12,714,mlp,cifar10,topk,1,0.001,1,2.2831385357945693,0.195
22,13,715,mlp,cifar10,topk,1,0.001,1,2.2583798428084703,0.185
22,14,716,mlp,cifar10,topk,1,0.001,1,2.2580623569763394,0.147
22,15,717,mlp,cifar10,topk,1,0.001,1,2.267608553799335,0.152
22,16,718,mlp,cifar10,topk,1,0.001,1,2.2638198916860857,0.193
22,17,719,mlp,cifar10,topk,1,0.001,1,2.2543837338740342,0.165
22,18,720,mlp,cifar10,topk,1,0.001,1,2.2816124046538606,0.22
22,19,721,mlp,cifar10,topk,1,0.001,1,2.274179552360234,0.179
22,20,722,mlp,cifar10,topk,1,0.001,1,2.2597243608301505,0.2
22,21,723,mlp,cifar10,topk,1,0.001,1,2.2331473792333854,0.219
22,22,724,mlp,cifar10,topk,1,0.001,1,2.3223415634178384,0.196
22,23,725,mlp,cifar10,topk,1,0.001,1,2.3009244274454086,0.193
22,24,726,mlp,cifar10,topk,1,0.001,1,2.2671027346479242,0.183
22,25,727,mlp,cifar10,topk,1,0.001,1,2.3008596365230622,0.179
22,26,728,mlp,cifar10,topk,1,0.001,1,2.2834037919910553,0.193
22,27,729,mlp,cifar10,topk,1,0.001,1,2.2939958135685594,0.171
22,28,730,mlp,cifar10,topk,1,0.001,1,2.270829582072081,0.199
22,29,731,mlp,cifar10,topk,1,0.001,1,2.252861324170226,0.224
23,0,732,mlp,cifar10,topk,32,0.001,1,1.955986701965332,0.321
23,1,733,mlp,cifar10,topk,32,0.001,1,1.9603588609695435,0.319
23,2,734,mlp,cifar10,topk,32,0.001,1,1.945512348175049,0.336
23,3,735,mlp,cifar10,topk,32,0.001,1,1.9620031642913818,0.323
23,4,736,mlp,cifar10,topk,32,0.001,1,1.9531190090179444,0.378
23,5,737,mlp,cifar10,topk,32,0.001,1,1.9503240013122558,0.335
23,6,738,mlp,cifar10,topk,32,0.001,1,1.9457712535858154,0.32
23,7,739,mlp,cifar10,topk,32,0.001,1,1.9373243646621705,0.359
23,8,740,mlp,cifar10,topk,32,0.001,1,1.9604490423202514,0.314
23,9,741,mlp,cifar10,topk,32,0.001,1,1.943169460296631,0.342
23,10,742,mlp,cifar10,topk,32,0.001,1,1.9480401496887207,0.355
23,11,743,mlp,cifar10,topk,32,0.001,1,1.9332909297943115,0.348
23,12,744,mlp,cifar10,topk,32,0.001,1,1.9554862298965454,0.342
23,13,745,mlp,cifar10,topk,32,0.001,1,1.9582097272872925,0.337
23,14,746,mlp,cifar10,topk,32,0.001,1,1.9693884725570678,0.335
23,15,747,mlp,cifar10,topk,32,0.001,1,1.953404737472534,0.346
23,16,748,mlp,cifar10,topk,32,0.001,1,1.949429741859436,0.315
23,17,749,mlp,cifar10,topk,32,0.001,1,1.9390761470794677,0.337
23,18,750,mlp,cifar10,topk,32,0.001,1,1.9451348247528075,0.363
23,19,751,mlp,cifar10,topk,32,0.001,1,1.9456654653549195,0.312
23,20,752,mlp,cifar10,topk,32,0.001,1,1.9533866882324218,0.327
23,21,753,mlp,cifar10,topk,32,0.001,1,1.9306692399978638,0.351
23,22,754,mlp,cifar10,topk,32,0.001,1,1.93913533782959,0.315
23,23,755,mlp,cifar10,topk,32,0.001,1,1.9331489944458007,0.344
23,24,756,mlp,cifar10,topk,32,0.001,1,1.9383850936889648,0.35
23,25,757,mlp,cifar10,topk,32,0.001,1,1.9464179592132569,0.349
23,26,758,mlp,cifar10,topk,32,0.001,1,1.947807607650757,0.326
23,27,759,mlp,cifar10,topk,32,0.001,1,1.959069905281067,0.344
23,28,760,mlp,cifar10,topk,32,0.001,1,1.9469340219497682,0.294
23,29,761,mlp,cifar10,topk,32,0.001,1,1.9368206939697266,0.345
24,0,762,mlp,cifar10,dpsgd,1,0.001,1,2.8591810831464826,0.12
24,1,763,mlp,cifar10,dpsgd,1,0.001,1,2.796095019029919,0.132
24,2,764,mlp,cifar10,dpsgd,1,0.001,1,2.7617431441051887,0.109
24,3,765,mlp,cifar10,dpsgd,1,0.001,1,2.8584343108749017,0.088
24,4,766,mlp,cifar10,dpsgd,1,0.001,1,2.858024725685362,0.135
24,5,767,mlp,cifar10,dpsgd,1,0.001,1,2.799443562937202,0.149
24,6,768,mlp,cifar10,dpsgd,1,0.001,1,2.7644600098161027,0.154
24,7,769,mlp,cifar10,dpsgd,1,0.001,1,2.8324527045984285,0.137
24,8,770,mlp,cifar10,dpsgd,1,0.001,1,2.8344882455118934,0.109
24,9,771,mlp,cifar10,dpsgd,1,0.001,1,2.7369550819192083,0.147
24,10,772,mlp,cifar10,dpsgd,1,0.001,1,2.8316843037296637,0.117
24,11,773,mlp,cifar10,dpsgd,1,0.001,1,2.9164837154010312,0.084
24,12,774,mlp,cifar10,dpsgd,1,0.001,1,2.793530092842877,0.135
24,13,775,mlp,cifar10,dpsgd,1,0.001,1,2.7829480471014976,0.116
24,14,776,mlp,cifar10,dpsgd,1,0.001,1,2.8249999765731046,0.149
24,15,777,mlp,cifar10,dpsgd,1,0.001,1,2.782429038096685,0.125
24,16,778,mlp,cifar10,dpsgd,1,0.001,1,2.8229767281513194,0.139
24,17,779,mlp,cifar10,dpsgd,1,0.001,1,2.8815322584435346,0.102
24,18,780,mlp,cifar10,dpsgd,1,0.001,1,2.72632928140345,0.131
24,19,781,mlp,cifar10,dpsgd,1,0.001,1,2.820456452790182,0.127
24,20,782,mlp,cifar10,dpsgd,1,0.001,1,2.7810152951898055,0.18
24,21,783,mlp,cifar10,dpsgd,1,0.001,1,2.7864017316070386,0.124
24,22,784,mlp,cifar10,dpsgd,1,0.001,1,2.7976604998195542,0.129
24,23,785,mlp,cifar10,dpsgd,1,0.001,1,2.8289930400552077,0.118
24,24,786,mlp,cifar10,dpsgd,1,0.001,1,2.7796950711868704,0.137
24,25,787,mlp,cifar10,dpsgd,1,0.001,1,2.7717389751002193,0.116
24,26,788,mlp,cifar10,dpsgd,1,0.001,1,2.8575301278056577,0.115
24,27,789,mlp,cifar10,dpsgd,1,0.001,1,2.8591967622726226,0.119
24,28,790,mlp,cifar10,dpsgd,1,0.001,1,2.7576128847994843,0.137
24,29,791,mlp,cifar10,dpsgd,1,0.001,1,2.7405897114863618,0.136
25,0,792,mlp,cifar10,dpsgd,32,0.001,1,2.2993834686279295,0.124
25,1,793,mlp,cifar10,dpsgd,32,0.001,1,2.2896550636291506,0.139
25,2,794,mlp,cifar10,dpsgd,32,0.001,1,2.298551315307617,0.093
25,3,795,mlp,cifar10,dpsgd,32,0.001,1,2.2994757022857666,0.106
25,4,796,mlp,cifar10,dpsgd,32,0.001,1,2.29413530921936,0.101
25,5,797,mlp,cifar10,dpsgd,32,0.001,1,2.3020565547943117,0.142
25,6,798,mlp,cifar10,dpsgd,32,0.001,1,2.3095041618347167,0.113
25,7,799,mlp,cifar10,dpsgd,32,0.001,1,2.3026603755950927,0.117
25,8,800,mlp,cifar10,dpsgd,32,0.001,1,2.2963487968444825,0.135
25,9,801,mlp,cifar10,dpsgd,32,0.001,1,2.2909252643585205,0.144
25,10,802,mlp,cifar10,dpsgd,32,0.001,1,2.3023948287963867,0.092
25,11,803,mlp,cifar10,dpsgd,32,0.001,1,2.3125654258728026,0.126
25,12,804,mlp,cifar10,dpsgd,32,0.001,1,2.3013020458221436,0.122
25,13,805,mlp,cifar10,dpsgd,32,0.001,1,2.293897891998291,0.129
25,14,806,mlp,cifar10,dpsgd,32,0.001,1,2.303823511123657,0.099
25,15,807,mlp,cifar10,dpsgd,32,0.001,1,2.307050703048706,0.104
25,16,808,mlp,cifar10,dpsgd,32,0.001,1,2.3026224555969237,0.126
25,17,809,mlp,cifar10,dpsgd,32,0.001,1,2.301813055038452,0.102
25,18,810,mlp,cifar10,dpsgd,32,0.001,1,2.299745838165283,0.114
25,19,811,mlp,cifar10,dpsgd,32,0.001,1,2.293786199569702,0.136
25,20,812,mlp,cifar10,dpsgd,32,0.001,1,2.3113942070007325,0.128
25,21,813,mlp,cifar10,dpsgd,32,0.001,1,2.292282232284546,0.139
25,22,814,mlp,cifar10,dpsgd,32,0.001,1,2.305829942703247,0.133
25,23,815,mlp,cifar10,dpsgd,32,0.001,1,2.298678901672363,0.125
25,24,816,mlp,cifar10,dpsgd,32,0.001,1,2.2774551181793212,0.172
25,25,817,mlp,cifar10,dpsgd,32,0.001,1,2.282688217163086,0.156
25,26,818,mlp,cifar10,dpsgd,32,0.001,1,2.2997722911834715,0.118
25,27,819,mlp,cifar10,dpsgd,32,0.001,1,2.3113491535186768,0.108
25,28,820,mlp,cifar10,dpsgd,32,0.001,1,2.299392702102661,0.105
25,29,821,mlp,cifar10,dpsgd,32,0.001,1,2.3031366119384766,0.14
26,0,822,mlp,cifar10,randomk,1,0.001,1,2.351638813959238,0.316
26,1,823,mlp,cifar10,randomk,1,0.001,1,2.352567394779384,0.266
26,2,824,mlp,cifar10,randomk,1,0.001,1,2.3620192385832635,0.247
26,3,825,mlp,cifar10,randomk,1,0.001,1,2.337347564665324,0.266
26,4,826,mlp,cifar10,randomk,1,0.001,1,2.3490094590758783,0.233
26,5,827,mlp,cifar10,randomk,1,0.001,1,2.362158637365792,0.248
26,6,828,mlp,cifar10,randomk,1,0.001,1,2.29068971437389,0.27
26,7,829,mlp,cifar10,randomk,1,0.001,1,2.385820121998164,0.286
26,8,830,mlp,cifar10,randomk,1,0.001,1,2.3661495492337163,0.289
26,9,831,mlp,cifar10,randomk,1,0.001,1,2.3353095502741397,0.266
26,10,832,mlp,cifar10,randomk,1,0.001,1,2.3099750221854483,0.269
26,11,833,mlp,cifar10,randomk,1,0.001,1,2.377630029876319,0.275
26,12,834,mlp,cifar10,randomk,1,0.001,1,2.3471568425936566,0.266
26,13,835,mlp,cifar10,randomk,1,0.001,1,2.354162070962266,0.251
26,14,836,mlp,cifar10,randomk,1,0.001,1,2.4034495503190048,0.275
26,15,837,mlp,cifar10,randomk,1,0.001,1,2.2673166409566767,0.279
26,16,838,mlp,cifar10,randomk,1,0.001,1,2.3601541331447953,0.273
26,17,839,mlp,cifar10,randomk,1,0.001,1,2.33759543565628,0.296
26,18,840,mlp,cifar10,randomk,1,0.001,1,2.3896231579370504,0.281
26,19,841,mlp,cifar10,randomk,1,0.001,1,2.328753325099795,0.288
26,20,842,mlp,cifar10,randomk,1,0.001,1,2.3148605118188716,0.27
26,21,843,mlp,cifar10,randomk,1,0.001,1,2.3077305823748064,0.292
26,22,844,mlp,cifar10,randomk,1,0.001,1,2.333496193122647,0.283
26,23,845,mlp,cifar10,randomk,1,0.001,1,2.389642444476427,0.303
26,24,846,mlp,cifar10,randomk,1,0.001,1,2.368116052988018,0.256
26,25,847,mlp,cifar10,randomk,1,0.001,1,2.3441242431661666,0.258
26,26,848,mlp,cifar10,randomk,1,0.001,1,2.360271128112421,0.262
26,27,849,mlp,cifar10,randomk,1,0.001,1,2.3667033235291712,0.251
26,28,850,mlp,cifar10,randomk,1,0.001,1,2.2975726408883927,0.246
26,29,851,mlp,cifar10,randomk,1,0.001,1,2.314555472031174,0.245
27,0,852,mlp,cifar10,randomk,32,0.001,1,1.9072998294830321,0.365
27,1,853,mlp,cifar10,randomk,32,0.001,1,1.9189879846572877,0.342
27,2,854,mlp,cifar10,randomk,32,0.001,1,1.9104764528274536,0.37
27,3,855,mlp,cifar10,randomk,32,0.001,1,1.9062244262695311,0.372
27,4,856,mlp,cifar10,randomk,32,0.001,1,1.9133123474121094,0.346
27,5,857,mlp,cifar10,randomk,32,0.001,1,1.9100898542404174,0.347
27,6,858,mlp,cifar10,randomk,32,0.001,1,1.9176014165878297,0.369
27,7,859,mlp,cifar10,randomk,32,0.001,1,1.923459966659546,0.344
27,8,860,mlp,cifar10,randomk,32,0.001,1,1.9131106004714966,0.353
27,9,861,mlp,cifar10,randomk,32,0.001,1,1.9041945524215698,0.333
27,10,862,mlp,cifar10,randomk,32,0.001,1,1.920813328742981,0.383
27,11,863,mlp,cifar10,randomk,32,0.001,1,1.907350287437439,0.356
27,12,864,mlp,cifar10,randomk,32,0.001,1,1.9026004447937013,0.386
27,13,865,mlp,cifar10,randomk,32,0.001,1,1.9219323482513428,0.368
27,14,866,mlp,cifar10,randomk,32,0.001,1,1.922554889678955,0.364
27,15,867,mlp,cifar10,randomk,32,0.001,1,1.9110717706680298,0.379
27,16,868,mlp,cifar10,randomk,32,0.001,1,1.9126081867218017,0.372
27,17,869,mlp,cifar10,randomk,32,0.001,1,1.917085319519043,0.346
27,18,870,mlp,cifar10,randomk,32,0.001,1,1.9065894899368285,0.368
27,19,871,mlp,cifar10,randomk,32,0.001,1,1.9178509569168092,0.367
27,20,872,mlp,cifar10,randomk,32,0.001,1,1.9145282440185547,0.372
27,21,873,mlp,cifar10,randomk,32,0.001,1,1.9062122230529785,0.374
27,22,874,mlp,cifar10,randomk,32,0.001,1,1.9220867805480957,0.349
27,23,875,mlp,cifar10,randomk,32,0.001,1,1.9142058353424072,0.36
27,24,876,mlp,cifar10,randomk,32,0.001,1,1.9099383134841919,0.376
27,25,877,mlp,cifar10,randomk,32,0.001,1,1.9123368978500366,0.372
27,26,878,mlp,cifar10,randomk,32,0.001,1,1.8940431871414185,0.361
27,27,879,mlp,cifar10,randomk,32,0.001,1,1.9213982391357423,0.372
27,28,880,mlp,cifar10,randomk,32,0.001,1,1.9147702312469483,0.367
27,29,881,mlp,cifar10,randomk,32,0.001,1,1.914401843070984,0.372
28,0,882,mlp,cifar10,qsgd,1,0.001,1,2.0305749325104987,0.304
28,1,883,mlp,cifar10,qsgd,1,0.001,1,2.0328072893532227,0.302
28,2,884,mlp,cifar10,qsgd,1,0.001,1,2.019227354558214,0.296
28,3,885,mlp,cifar10,qsgd,1,0.001,1,2.0428278728246223,0.356
28,4,886,mlp,cifar10,qsgd,1,0.001,1,2.036852990401472,0.295
28,5,887,mlp,cifar10,qsgd,1,0.001,1,2.025730425608577,0.325
28,6,888,mlp,cifar10,qsgd,1,0.001,1,2.0352139837436845,0.308
28,7,889,mlp,cifar10,qsgd,1,0.001,1,2.0344063446837244,0.244
28,8,890,mlp,cifar10,qsgd,1,0.001,1,2.013718773225468,0.302
28,9,891,mlp,cifar10,qsgd,1,0.001,1,2.0431238238540246,0.321
28,10,892,mlp,cifar10,qsgd,1,0.001,1,2.0390443528477333,0.307
28,11,893,mlp,cifar10,qsgd,1,0.001,1,2.016114263908879,0.322
28,12,894,mlp,cifar10,qsgd,1,0.001,1,2.04009394955638,0.287
28,13,895,mlp,cifar10,qsgd,1,0.001,1,2.0348197124646976,0.285
28,14,896,mlp,cifar10,qsgd,1,0.001,1,2.029245341087575,0.308
28,15,897,mlp,cifar10,qsgd,1,0.001,1,2.0407949576959945,0.34
28,16,898,mlp,cifar10,qsgd,1,0.001,1,2.039860427247826,0.326
28,17,899,mlp,cifar10,qsgd,1,0.001,1,2.0420305329381665,0.319
28,18,900,mlp,cifar10,qsgd,1,0.001,1,2.018089526762604,0.303
28,19,901,mlp,cifar10,qsgd,1,0.001,1,2.050121366443578,0.311
28,20,902,mlp,cifar10,qsgd,1,0.001,1,2.01361332708993,0.364
28,21,903,mlp,cifar10,qsgd,1,0.001,1,2.0368904995888006,0.327
28,22,904,mlp,cifar10,qsgd,1,0.001,1,2.0328680727193134,0.314
28,23,905,mlp,cifar10,qsgd,1,0.001,1,2.021911706940329,0.327
28,24,906,mlp,cifar10,qsgd,1,0.001,1,2.0261193933277974,0.316
28,25,907,mlp,cifar10,qsgd,1,0.001,1,2.022931581280085,0.321
28,26,908,mlp,cifar10,qsgd,1,0.001,1,2.025125496909721,0.35
28,27,909,mlp,cifar10,qsgd,1,0.001,1,2.0452856737654654,0.322
28,28,910,mlp,cifar10,qsgd,1,0.001,1,2.0353280095582886,0.318
28,29,911,mlp,cifar10,qsgd,1,0.001,1,2.041790021243971,0.332
29,0,912,mlp,cifar10,qsgd,32,0.001,1,2.013610591888428,0.35
29,1,913,mlp,cifar10,qsgd,32,0.001,1,2.010414432525635,0.339
29,2,914,mlp,cifar10,qsgd,32,0.001,1,2.0127435445785524,0.353
29,3,915,mlp,cifar10,qsgd,32,0.001,1,2.0284178371429444,0.342
29,4,916,mlp,cifar10,qsgd,32,0.001,1,2.0206452865600584,0.349
29,5,917,mlp,cifar10,qsgd,32,0.001,1,2.0114068946838377,0.347
29,6,918,mlp,cifar10,qsgd,32,0.001,1,2.0263721380233766,0.338
29,7,919,mlp,cifar10,qsgd,32,0.001,1,2.014375955581665,0.346
29,8,920,mlp,cifar10,qsgd,32,0.001,1,2.021882719993591,0.33
29,9,921,mlp,cifar10,qsgd,32,0.001,1,2.0056465549468996,0.342
29,10,922,mlp,cifar10,qsgd,32,0.001,1,2.0306141223907472,0.34
29,11,923,mlp,cifar10,qsgd,32,0.001,1,2.02145419216156,0.348
29,12,924,mlp,cifar10,qsgd,32,0.001,1,2.0224639682769774,0.306
29,13,925,mlp,cifar10,qsgd,32,0.001,1,2.0113369350433348,0.343
29,14,926,mlp,cifar10,qsgd,32,0.001,1,2.0142041511535647,0.329
29,15,927,mlp,cifar10,qsgd,32,0.001,1,2.0290686798095705,0.342
29,16,928,mlp,cifar10,qsgd,32,0.001,1,2.0186666431427,0.349
29,17,929,mlp,cifar10,qsgd,32,0.001,1,2.031182559967041,0.341
29,18,930,mlp,cifar10,qsgd,32,0.001,1,2.029241291999817,0.329
29,19,931,mlp,cifar10,qsgd,32,0.001,1,2.006837703704834,0.345
29,20,932,mlp,cifar10,qsgd,32,0.001,1,2.023754312515259,0.343
29,21,933,mlp,cifar10,qsgd,32,0.001,1,2.009675349235535,0.336
29,22,934,mlp,cifar10,qsgd,32,0.001,1,2.021271556854248,0.336
29,23,935,mlp,cifar10,qsgd,32,0.001,1,2.0145970811843874,0.339
29,24,936,mlp,cifar10,qsgd,32,0.001,1,2.018230757713318,0.344
29,25,937,mlp,cifar10,qsgd,32,0.001,1,2.028614246368408,0.351
29,26,938,mlp,cifar10,qsgd,32,0.001,1,2.022556116104126,0.35
29,27,939,mlp,cifar10,qsgd,32,0.001,1,2.0174889059066774,0.345
29,28,940,mlp,cifar10,qsgd,32,0.001,1,2.0140508375167845,0.323
29,29,941,mlp,cifar10,qsgd,32,0.001,1,2.0153993759155275,0.356
30,0,942,cnn,mnist,none,1,0.001,1,0.34282084276411656,0.945
30,1,943,cnn,mnist,none,1,0.001,1,0.33297819195869494,0.96
30,2,944,cnn,mnist,none,1,0.001,1,0.34339348956744686,0.941
30,3,945,cnn,mnist,none,1,0.001,1,0.32258524524309046,0.942
30,4,946,cnn,mnist,none,1,0.001,1,0.3181509648640531,0.938
30,5,947,cnn,mnist,none,1,0.001,1,0.34389860233272584,0.93
30,6,948,cnn,mnist,none,1,0.001,1,0.3392552168269565,0.92
30,7,949,cnn,mnist,none,1,0.001,1,0.34972275661361185,0.945
30,8,950,cnn,mnist,none,1,0.001,1,0.3444098107980481,0.928
30,9,951,cnn,mnist,none,1,0.001,1,0.33204569915623416,0.945
30,10,952,cnn,mnist,none,1,0.001,1,0.33650215152349666,0.955
30,11,953,cnn,mnist,none,1,0.001,1,0.3512035701529689,0.939
30,12,954,cnn,mnist,none,1,0.001,1,0.33818915732256105,0.946
30,13,955,cnn,mnist,none,1,0.001,1,0.34814677331511357,0.954
30,14,956,cnn,mnist,none,1,0.001,1,0.3887625903053143,0.921
30,15,957,cnn,mnist,none,1,0.001,1,0.3632875361108881,0.952
30,16,958,cnn,mnist,none,1,0.001,1,0.3439870363126585,0.943
30,17,959,cnn,mnist,none,1,0.001,1,0.33830888282133903,0.93
30,18,960,cnn,mnist,none,1,0.001,1,0.34605213130579393,0.945
30,19,961,cnn,mnist,none,1,0.001,1,0.3514027460978992,0.939
30,20,962,cnn,mnist,none,1,0.001,1,0.37335406113716013,0.929
30,21,963,cnn,mnist,none,1,0.001,1,0.34361500080714025,0.906
30,22,964,cnn,mnist,none,1,0.001,1,0.3903888741318003,0.932
30,23,965,cnn,mnist,none,1,0.001,1,0.34742871118700547,0.946
30,24,966,cnn,mnist,none,1,0.001,1,0.34942920549306744,0.961
30,25,967,cnn,mnist,none,1,0.001,1,0.33654658380779223,0.867
30,26,968,cnn,mnist,none,1,0.001,1,0.3129001304307659,0.923
30,27,969,cnn,mnist,none,1,0.001,1,0.3484491064639351,0.938
30,28,970,cnn,mnist,none,1,0.001,1,0.34942585512066254,0.949
30,29,971,cnn,mnist,none,1,0.001,1,0.3228409648172375,0.946
31,0,972,cnn,mnist,none,32,0.001,1,0.4896499204039574,0.93
31,1,973,cnn,mnist,none,32,0.001,1,0.478619315803051,0.936
31,2,974,cnn,mnist,none,32,0.001,1,0.5108475649058819,0.94
31,3,975,cnn,mnist,none,32,0.001,1,0.5163175423443317,0.951
31,4,976,cnn,mnist,none,32,0.001,1,0.49735636043548587,0.932
31,5,977,cnn,mnist,none,32,0.001,1,0.4947864203453064,0.936
31,6,978,cnn,mnist,none,32,0.001,1,0.46725978469848634,0.942
31,7,979,cnn,mnist,none,32,0.001,1,0.4929090391099453,0.942
31,8,980,cnn,mnist,none,32,0.001,1,0.5130557977259159,0.921
31,9,981,cnn,mnist,none,32,0.001,1,0.4841122615337372,0.944
31,10,982,cnn,mnist,none,32,0.001,1,0.5183378595113755,0.919
31,11,983,cnn,mnist,none,32,0.001,1,0.539273698747158,0.936
31,12,984,cnn,mnist,none,32,0.001,1,0.49142696225643157,0.936
31,13,985,cnn,mnist,none,32,0.001,1,0.46934233579039575,0.95
31,14,986,cnn,mnist,none,32,0.001,1,0.492889240950346,0.946
31,15,987,cnn,mnist,none,32,0.001,1,0.44097245144844055,0.935
31,16,988,cnn,mnist,none,32,0.001,1,0.47654468266665934,0.919
31,17,989,cnn,mnist,none,32,0.001,1,0.4838336913436651,0.939
31,18,990,cnn,mnist,none,32,0.001,1,0.5279948696494102,0.939
31,19,991,cnn,mnist,none,32,0.001,1,0.4774029261469841,0.954
31,20,992,cnn,mnist,none,32,0.001,1,0.5382819371670484,0.933
31,21,993,cnn,mnist,none,32,0.001,1,0.47284623643755913,0.941
31,22,994,cnn,mnist,none,32,0.001,1,0.46728972747921943,0.932
31,23,995,cnn,mnist,none,32,0.001,1,0.4782164805531502,0.949
31,24,996,cnn,mnist,none,32,0.001,1,0.498555439889431,0.942
31,25,997,cnn,mnist,none,32,0.001,1,0.5324906946122646,0.935
31,26,998,cnn,mnist,none,32,0.001,1,0.5088791733682155,0.922
31,27,999,cnn,mnist,none,32,0.001,1,0.5073336356729269,0.94
31,28,1000,cnn,mnist,none,32,0.001,1,0.4781701720058918,0.931
31,29,1001,cnn,mnist,none,32,0.001,1,0.5016165541410447,0.926
32,0,1002,cnn,mnist,topk,1,0.001,1,0.32905854206676916,0.91
32,1,1003,cnn,mnist,topk,1,0.001,1,0.37297121857818444,0.948
32,2,1004,cnn,mnist,topk,1,0.001,1,0.3536931261466004,0.927
32,3,1005,cnn,mnist,topk,1,0.001,1,0.3297390297513356,0.948
32,4,1006,cnn,mnist,topk,1,0.001,1,0.3406967606910704,0.934
32,5,1007,cnn,mnist,topk,1,0.001,1,0.35437198713740875,0.918
32,6,1008,cnn,mnist,topk,1,0.001,1,0.35699055674186764,0.933
32,7,1009,cnn,mnist,topk,1,0.001,1,0.3538510064952915,0.946
32,8,1010,cnn,mnist,topk,1,0.001,1,0.34437692217950894,0.933
32,9,1011,cnn,mnist,topk,1,0.001,1,0.33146362886481573,0.941
32,10,1012,cnn,mnist,topk,1,0.001,1,0.3433602551153425,0.919
32,11,1013,cnn,mnist,topk,1,0.001,1,0.3446233460661038,0.917
32,12,1014,cnn,mnist,topk,1,0.001,1,0.3180315755691446,0.94
32,13,1015,cnn,mnist,topk,1,0.001,1,0.32677801680013513,0.95
32,14,1016,cnn,mnist,topk,1,0.001,1,0.3362942839537457,0.922
32,15,1017,cnn,mnist,topk,1,0.001,1,0.3110280603154763,0.911
32,16,1018,cnn,mnist,topk,1,0.001,1,0.3574241924842608,0.914
32,17,1019,cnn,mnist,topk,1,0.001,1,0.3676241915526564,0.949
32,18,1020,cnn,mnist,topk,1,0.001,1,0.3418915216247,0.952
32,19,1021,cnn,mnist,topk,1,0.001,1,0.3507292938170704,0.936
32,20,1022,cnn,mnist,topk,1,0.001,1,0.3462150296352912,0.909
32,21,1023,cnn,mnist,topk,1,0.001,1,0.33937244505034375,0.937
32,22,1024,cnn,mnist,topk,1,0.001,1,0.3406420065427932,0.95
32,23,1025,cnn,mnist,topk,1,0.001,1,0.35122301959724506,0.93
32,24,1026,cnn,mnist,topk,1,0.001,1,0.3354004533984244,0.926
32,25,1027,cnn,mnist,topk,1,0.001,1,0.34899411058372887,0.944
32,26,1028,cnn,mnist,topk,1,0.001,1,0.3293805911298996,0.956
32,27,1029,cnn,mnist,topk,1,0.001,1,0.328313597974382,0.947
32,28,1030,cnn,mnist,topk,1,0.001,1,0.35152418935396507,0.876
32,29,1031,cnn,mnist,topk,1,0.001,1,0.35703485123657175,0.924
33,0,1032,cnn,mnist,topk,32,0.001,1,0.5650292672514915,0.936
33,1,1033,cnn,mnist,topk,32,0.001,1,0.5483402673900127,0.93
33,2,1034,cnn,mnist,topk,32,0.001,1,0.5478804688453675,0.895
33,3,1035,cnn,mnist,topk,32,0.001,1,0.5563115750551224,0.927
33,4,1036,cnn,mnist,topk,32,0.001,1,0.5399154731035233,0.93
33,5,1037,cnn,mnist,topk,32,0.001,1,0.5516123698949814,0.91
33,6,1038,cnn,mnist,topk,32,0.001,1,0.5359299829304218,0.929
33,7,1039,cnn,mnist,topk,32,0.001,1,0.5512490313053131,0.93
33,8,1040,cnn,mnist,topk,32,0.001,1,0.5546002452373504,0.949
33,9,1041,cnn,mnist,topk,32,0.001,1,0.6168692575395107,0.937
33,10,1042,cnn,mnist,topk,32,0.001,1,0.581951555877924,0.941
33,11,1043,cnn,mnist,topk,32,0.001,1,0.5036204377412796,0.939
33,12,1044,cnn,mnist,topk,32,0.001,1,0.5791979117393493,0.933
33,13,1045,cnn,mnist,topk,32,0.001,1,0.5692257570326328,0.927
33,14,1046,cnn,mnist,topk,32,0.001,1,0.6038749274611473,0.938
33,15,1047,cnn,mnist,topk,32,0.001,1,0.5806977225840092,0.937
33,16,1048,cnn,mnist,topk,32,0.001,1,0.5434414087533951,0.927
33,17,1049,cnn,mnist,topk,32,0.001,1,0.5891626867651939,0.934
33,18,1050,cnn,mnist,topk,32,0.001,1,0.5776800872981548,0.928
33,19,1051,cnn,mnist,topk,32,0.001,1,0.5710107973217964,0.912
33,20,1052,cnn,mnist,topk,32,0.001,1,0.5796850268244743,0.924
33,21,1053,cnn,mnist,topk,32,0.001,1,0.5143275478780269,0.906
33,22,1054,cnn,mnist,topk,32,0.001,1,0.5594863230288029,0.919
33,23,1055,cnn,mnist,topk,32,0.001,1,0.5458427212834358,0.937
33,24,1056,cnn,mnist,topk,32,0.001,1,0.5991577460765839,0.911
33,25,1057,cnn,mnist,topk,32,0.001,1,0.5855042798519134,0.934
33,26,1058,cnn,mnist,topk,32,0.001,1,0.5232892336547375,0.923
33,27,1059,cnn,mnist,topk,32,0.001,1,0.5738969410657883,0.924
33,28,1060,cnn,mnist,topk,32,0.001,1,0.5633340593576431,0.914
33,29,1061,cnn,mnist,topk,32,0.001,1,0.5638560121655464,0.931
34,0,1062,cnn,mnist,dpsgd,1,0.001,1,2.3377943763136866,0.203
34,1,1063,cnn,mnist,dpsgd,1,0.001,1,2.143950481429696,0.327
34,2,1064,cnn,mnist,dpsgd,1,0.001,1,2.2640007060319185,0.164
34,3,1065,cnn,mnist,dpsgd,1,0.001,1,2.2638392189890144,0.221
34,4,1066,cnn,mnist,dpsgd,1,0.001,1,2.2863270725309848,0.22
34,5,1067,cnn,mnist,dpsgd,1,0.001,1,2.272016241867095,0.196
34,6,1068,cnn,mnist,dpsgd,1,0.001,1,2.2763969054818154,0.255
34,7,1069,cnn,mnist,dpsgd,1,0.001,1,2.234842413008213,0.264
34,8,1070,cnn,mnist,dpsgd,1,0.001,1,2.289225734464824,0.227
34,9,1071,cnn,mnist,dpsgd,1,0.001,1,2.1312850996777417,0.233
34,10,1072,cnn,mnist,dpsgd,1,0.001,1,2.228408793054521,0.186
34,11,1073,cnn,mnist,dpsgd,1,0.001,1,2.2756511128917336,0.196
34,12,1074,cnn,mnist,dpsgd,1,0.001,1,2.2748042395934465,0.227
34,13,1075,cnn,mnist,dpsgd,1,0.001,1,2.146526991210878,0.348
34,14,1076,cnn,mnist,dpsgd,1,0.001,1,2.265144327826798,0.227
34,15,1077,cnn,mnist,dpsgd,1,0.001,1,2.217759096711874,0.319
34,16,1078,cnn,mnist,dpsgd,1,0.001,1,2.2550495142564175,0.281
34,17,1079,cnn,mnist,dpsgd,1,0.001,1,2.2854464703686537,0.153
34,18,1080,cnn,mnist,dpsgd,1,0.001,1,2.2037122582420707,0.319
34,19,1081,cnn,mnist,dpsgd,1,0.001,1,2.244157131206244,0.248
34,20,1082,cnn,mnist,dpsgd,1,0.001,1,2.238369407363236,0.295
34,21,1083,cnn,mnist,dpsgd,1,0.001,1,2.2157539416104557,0.199
34,22,1084,cnn,mnist,dpsgd,1,0.001,1,2.3224072454944253,0.24
34,23,1085,cnn,mnist,dpsgd,1,0.001,1,2.326727759629488,0.2
34,24,1086,cnn,mnist,dpsgd,1,0.001,1,2.2847446170151233,0.197
34,25,1087,cnn,mnist,dpsgd,1,0.001,1,2.2468728341069073,0.194
34,26,1088,cnn,mnist,dpsgd,1,0.001,1,2.2620148129984736,0.24
34,27,1089,cnn,mnist,dpsgd,1,0.001,1,2.235100613024086,0.228
34,28,1090,cnn,mnist,dpsgd,1,0.001,1,2.2241422888711093,0.21
34,29,1091,cnn,mnist,dpsgd,1,0.001,1,2.2851248293966053,0.207
35,0,1092,cnn,mnist,dpsgd,32,0.001,1,2.297289638519287,0.218
35,1,1093,cnn,mnist,dpsgd,32,0.001,1,2.286789936065674,0.134
35,2,1094,cnn,mnist,dpsgd,32,0.001,1,2.2967268867492674,0.195
35,3,1095,cnn,mnist,dpsgd,32,0.001,1,2.2858012218475343,0.173
35,4,1096,cnn,mnist,dpsgd,32,0.001,1,2.292620943069458,0.133
35,5,1097,cnn,mnist,dpsgd,32,0.001,1,2.2967725715637206,0.132
35,6,1098,cnn,mnist,dpsgd,32,0.001,1,2.2917038135528562,0.123
35,7,1099,cnn,mnist,dpsgd,32,0.001,1,2.29529602432251,0.145
35,8,1100,cnn,mnist,dpsgd,32,0.001,1,2.2840747871398928,0.207
35,9,1101,cnn,mnist,dpsgd,32,0.001,1,2.283442352294922,0.207
35,10,1102,cnn,mnist,dpsgd,32,0.001,1,2.2906920413970946,0.168
35,11,1103,cnn,mnist,dpsgd,32,0.001,1,2.281238061904907,0.272
35,12,1104,cnn,mnist,dpsgd,32,0.001,1,2.2942962741851805,0.203
35,13,1105,cnn,mnist,dpsgd,32,0.001,1,2.2776375179290773,0.179
35,14,1106,cnn,mnist,dpsgd,32,0.001,1,2.281531749725342,0.193
35,15,1107,cnn,mnist,dpsgd,32,0.001,1,2.2940096950531004,0.142
35,16,1108,cnn,mnist,dpsgd,32,0.001,1,2.2856730308532716,0.269
35,17,1109,cnn,mnist,dpsgd,32,0.001,1,2.2843435535430907,0.125
35,18,1110,cnn,mnist,dpsgd,32,0.001,1,2.2905526542663575,0.126
35,19,1111,cnn,mnist,dpsgd,32,0.001,1,2.30266397857666,0.133
35,20,1112,cnn,mnist,dpsgd,32,0.001,1,2.289856897354126,0.191
35,21,1113,cnn,mnist,dpsgd,32,0.001,1,2.2842600326538087,0.144
35,22,1114,cnn,mnist,dpsgd,32,0.001,1,2.2855115127563477,0.153
35,23,1115,cnn,mnist,dpsgd,32,0.001,1,2.283505729675293,0.114
35,24,1116,cnn,mnist,dpsgd,32,0.001,1,2.284408657073975,0.163
35,25,1117,cnn,mnist,dpsgd,32,0.001,1,2.2875915832519533,0.16
35,26,1118,cnn,mnist,dpsgd,32,0.001,1,2.275438976287842,0.222
35,27,1119,cnn,mnist,dpsgd,32,0.001,1,2.2680449962615965,0.192
35,28,1120,cnn,mnist,dpsgd,32,0.001,1,2.3086797275543214,0.133
35,29,1121,cnn,mnist,dpsgd,32,0.001,1,2.289007944107056,0.197
36,0,1122,cnn,mnist,randomk,1,0.001,1,0.4048810994548267,0.907
36,1,1123,cnn,mnist,randomk,1,0.001,1,0.3837454517800552,0.93
36,2,1124,cnn,mnist,randomk,1,0.001,1,0.3853359244486593,0.925
36,3,1125,cnn,mnist,randomk,1,0.001,1,0.38786447848050126,0.928
36,4,1126,cnn,mnist,randomk,1,0.001,1,0.3982799489558694,0.945
36,5,1127,cnn,mnist,randomk,1,0.001,1,0.37933042212844725,0.949
36,6,1128,cnn,mnist,randomk,1,0.001,1,0.39500063449316103,0.959
36,7,1129,cnn,mnist,randomk,1,0.001,1,0.397584382311384,0.82
36,8,1130,cnn,mnist,randomk,1,0.001,1,0.39531938079701545,0.922
36,9,1131,cnn,mnist,randomk,1,0.001,1,0.3979830798715322,0.907
36,10,1132,cnn,mnist,randomk,1,0.001,1,0.3972848637583474,0.912
36,11,1133,cnn,mnist,randomk,1,0.001,1,0.3775956625452713,0.911
36,12,1134,cnn,mnist,randomk,1,0.001,1,0.3895417542322199,0.941
36,13,1135,cnn,mnist,randomk,1,0.001,1,0.377004311813458,0.942
36,14,1136,cnn,mnist,randomk,1,0.001,1,0.39225584738635644,0.948
36,15,1137,cnn,mnist,randomk,1,0.001,1,0.37696869026956176,0.938
36,16,1138,cnn,mnist,randomk,1,0.001,1,0.3992549829451455,0.935
36,17,1139,cnn,mnist,randomk,1,0.001,1,0.3848438456027136,0.952
36,18,1140,cnn,mnist,randomk,1,0.001,1,0.370216749682178,0.936
36,19,1141,cnn,mnist,randomk,1,0.001,1,0.3691874557607493,0.934
36,20,1142,cnn,mnist,randomk,1,0.001,1,0.40604039740956455,0.935
36,21,1143,cnn,mnist,randomk,1,0.001,1,0.3653166873457363,0.945
36,22,1144,cnn,mnist,randomk,1,0.001,1,0.3778812578442159,0.913
36,23,1145,cnn,mnist,randomk,1,0.001,1,0.3986475958212948,0.939
36,24,1146,cnn,mnist,randomk,1,0.001,1,0.3838928511842206,0.944
36,25,1147,cnn,mnist,randomk,1,0.001,1,0.3815601144184777,0.946
36,26,1148,cnn,mnist,randomk,1,0.001,1,0.38056346583223266,0.938
36,27,1149,cnn,mnist,randomk,1,0.001,1,0.3725530373931289,0.918
36,28,1150,cnn,mnist,randomk,1,0.001,1,0.3697377374359031,0.94
36,29,1151,cnn,mnist,randomk,1,0.001,1,0.3729520343127151,0.943
37,0,1152,cnn,mnist,randomk,32,0.001,1,0.8508206694126129,0.888
37,1,1153,cnn,mnist,randomk,32,0.001,1,0.7938779180049896,0.91
37,2,1154,cnn,mnist,randomk,32,0.001,1,0.7804792794585228,0.898
37,3,1155,cnn,mnist,randomk,32,0.001,1,0.8043783776760102,0.893
37,4,1156,cnn,mnist,randomk,32,0.001,1,0.8456891787052154,0.882
37,5,1157,cnn,mnist,randomk,32,0.001,1,0.8340720357894897,0.894
37,6,1158,cnn,mnist,randomk,32,0.001,1,0.8061858654022217,0.903
37,7,1159,cnn,mnist,randomk,32,0.001,1,0.8178882483243942,0.9
37,8,1160,cnn,mnist,randomk,32,0.001,1,0.8781052500605583,0.885
37,9,1161,cnn,mnist,randomk,32,0.001,1,0.8219432439208031,0.895
37,10,1162,cnn,mnist,randomk,32,0.001,1,0.7960958958864212,0.888
37,11,1163,cnn,mnist,randomk,32,0.001,1,0.8193786854147911,0.899
37,12,1164,cnn,mnist,randomk,32,0.001,1,0.846761848449707,0.908
37,13,1165,cnn,mnist,randomk,32,0.001,1,0.7633248090744018,0.893
37,14,1166,cnn,mnist,randomk,32,0.001,1,0.8466003423929215,0.904
37,15,1167,cnn,mnist,randomk,32,0.001,1,0.7338428838253022,0.883
37,16,1168,cnn,mnist,randomk,32,0.001,1,0.7643102533221244,0.898
37,17,1169,cnn,mnist,randomk,32,0.001,1,0.8279897676110267,0.869
37,18,1170,cnn,mnist,randomk,32,0.001,1,0.7822712399363517,0.897
37,19,1171,cnn,mnist,randomk,32,0.001,1,0.7689245724081993,0.894
37,20,1172,cnn,mnist,randomk,32,0.001,1,0.795937108874321,0.874
37,21,1173,cnn,mnist,randomk,32,0.001,1,0.8177723255753517,0.888
37,22,1174,cnn,mnist,randomk,32,0.001,1,0.8273912982940674,0.897
37,23,1175,cnn,mnist,randomk,32,0.001,1,0.8440530025959014,0.894
37,24,1176,cnn,mnist,randomk,32,0.001,1,0.8190033529996872,0.875
37,25,1177,cnn,mnist,randomk,32,0.001,1,0.823941829919815,0.893
37,26,1178,cnn,mnist,randomk,32,0.001,1,0.7920136209726334,0.904
37,27,1179,cnn,mnist,randomk,32,0.001,1,0.7571778771281242,0.895
37,28,1180,cnn,mnist,randomk,32,0.001,1,0.8144787956476212,0.899
37,29,1181,cnn,mnist,randomk,32,0.001,1,0.827364256978035,0.891
38,0,1182,cnn,mnist,qsgd,1,0.001,1,0.44041670526437615,0.948
38,1,1183,cnn,mnist,qsgd,1,0.001,1,0.4210734475194258,0.93
38,2,1184,cnn,mnist,qsgd,1,0.001,1,0.43592115443706836,0.944
38,3,1185,cnn,mnist,qsgd,1,0.001,1,0.429350323814279,0.937
38,4,1186,cnn,mnist,qsgd,1,0.001,1,0.43028301077114717,0.937
38,5,1187,cnn,mnist,qsgd,1,0.001,1,0.44452024882815305,0.902
38,6,1188,cnn,mnist,qsgd,1,0.001,1,0.41897470539570425,0.915
38,7,1189,cnn,mnist,qsgd,1,0.001,1,0.4305603348688175,0.941
38,8,1190,cnn,mnist,qsgd,1,0.001,1,0.3849447871178359,0.917
38,9,1191,cnn,mnist,qsgd,1,0.001,1,0.43592700230343456,0.93
38,10,1192,cnn,mnist,qsgd,1,0.001,1,0.443498941497363,0.802
38,11,1193,cnn,mnist,qsgd,1,0.001,1,0.4120445539040518,0.923
38,12,1194,cnn,mnist,qsgd,1,0.001,1,0.40889238624349766,0.931
38,13,1195,cnn,mnist,qsgd,1,0.001,1,0.40951326891798834,0.923
38,14,1196,cnn,mnist,qsgd,1,0.001,1,0.4177091483262165,0.93
38,15,1197,cnn,mnist,qsgd,1,0.001,1,0.4382860721500561,0.908
38,16,1198,cnn,mnist,qsgd,1,0.001,1,0.43655113784345506,0.924
38,17,1199,cnn,mnist,qsgd,1,0.001,1,0.4330133653546237,0.934
38,18,1200,cnn,mnist,qsgd,1,0.001,1,0.41736168598113577,0.932
38,19,1201,cnn,mnist,qsgd,1,0.001,1,0.4421978762040279,0.944
38,20,1202,cnn,mnist,qsgd,1,0.001,1,0.4128004636307246,0.94
38,21,1203,cnn,mnist,qsgd,1,0.001,1,0.40601979667548654,0.911
38,22,1204,cnn,mnist,qsgd,1,0.001,1,0.44364012024659155,0.929
38,23,1205,cnn,mnist,qsgd,1,0.001,1,0.4249556583292992,0.93
38,24,1206,cnn,mnist,qsgd,1,0.001,1,0.45394640109765716,0.928
38,25,1207,cnn,mnist,qsgd,1,0.001,1,0.41634098342597553,0.922
38,26,1208,cnn,mnist,qsgd,1,0.001,1,0.4293081847781625,0.931
38,27,1209,cnn,mnist,qsgd,1,0.001,1,0.41641397123541524,0.929
38,28,1210,cnn,mnist,qsgd,1,0.001,1,0.4499064644013949,0.915
38,29,1211,cnn,mnist,qsgd,1,0.001,1,0.4446471210831255,0.932
39,0,1212,cnn,mnist,qsgd,32,0.001,1,1.1121141959428786,0.841
39,1,1213,cnn,mnist,qsgd,32,0.001,1,1.0620474004745484,0.847
39,2,1214,cnn,mnist,qsgd,32,0.001,1,1.0749392876625061,0.858
39,3,1215,cnn,mnist,qsgd,32,0.001,1,1.1450149737596511,0.846
39,4,1216,cnn,mnist,qsgd,32,0.001,1,1.1546265544891356,0.841
39,5,1217,cnn,mnist,qsgd,32,0.001,1,1.075849051475525,0.837
39,6,1218,cnn,mnist,qsgd,32,0.001,1,1.1208646463155747,0.826
39,7,1219,cnn,mnist,qsgd,32,0.001,1,1.0656337361335755,0.847
39,8,1220,cnn,mnist,qsgd,32,0.001,1,1.1169680272340774,0.857
39,9,1221,cnn,mnist,qsgd,32,0.001,1,1.1170622320175172,0.841
39,10,1222,cnn,mnist,qsgd,32,0.001,1,1.1227523555755616,0.815
39,11,1223,cnn,mnist,qsgd,32,0.001,1,1.0486431391239166,0.85
39,12,1224,cnn,mnist,qsgd,32,0.001,1,1.0830227997303008,0.814
39,13,1225,cnn,mnist,qsgd,32,0.001,1,1.1400389149188996,0.831
39,14,1226,cnn,mnist,qsgd,32,0.001,1,1.0740302650928497,0.851
39,15,1227,cnn,mnist,qsgd,32,0.001,1,1.1668917561769485,0.854
39,16,1228,cnn,mnist,qsgd,32,0.001,1,1.154775652885437,0.827
39,17,1229,cnn,mnist,qsgd,32,0.001,1,1.163487432718277,0.815
39,18,1230,cnn,mnist,qsgd,32,0.001,1,1.0682313725948334,0.874
39,19,1231,cnn,mnist,qsgd,32,0.001,1,1.1496199824810027,0.81
39,20,1232,cnn,mnist,qsgd,32,0.001,1,1.0992815034389496,0.831
39,21,1233,cnn,mnist,qsgd,32,0.001,1,1.0989747695922851,0.843
39,22,1234,cnn,mnist,qsgd,32,0.001,1,1.0880599290132522,0.85
39,23,1235,cnn,mnist,qsgd,32,0.001,1,1.0961173251867293,0.779
39,24,1236,cnn,mnist,qsgd,32,0.001,1,1.130410910487175,0.835
39,25,1237,cnn,mnist,qsgd,32,0.001,1,1.101752542257309,0.83
39,26,1238,cnn,mnist,qsgd,32,0.001,1,1.1208339791297912,0.805
39,27,1239,cnn,mnist,qsgd,32,0.001,1,1.0810641728639603,0.849
39,28,1240,cnn,mnist,qsgd,32,0.001,1,1.1254985086917877,0.842
39,29,1241,cnn,mnist,qsgd,32,0.001,1,1.0912861955165862,0.824
40,0,1242,cnn,fashion-mnist,none,1,0.001,1,0.7015547597672418,0.79
40,1,1243,cnn,fashion-mnist,none,1,0.001,1,0.6912092941379517,0.808
40,2,1244,cnn,fashion-mnist,none,1,0.001,1,0.7026185361798288,0.796
40,3,1245,cnn,fashion-mnist,none,1,0.001,1,0.6916014715459141,0.822
40,4,1246,cnn,fashion-mnist,none,1,0.001,1,0.6933108000331863,0.785
40,5,1247,cnn,fashion-mnist,none,1,0.001,1,0.708338920486551,0.816
40,6,1248,cnn,fashion-mnist,none,1,0.001,1,0.6874098899920323,0.814
40,7,1249,cnn,fashion-mnist,none,1,0.001,1,0.706116878359805,0.804
40,8,1250,cnn,fashion-mnist,none,1,0.001,1,0.7317944652628661,0.808
40,9,1251,cnn,fashion-mnist,none,1,0.001,1,0.704691859680494,0.804
40,10,1252,cnn,fashion-mnist,none,1,0.001,1,0.6981362731833689,0.794
40,11,1253,cnn,fashion-mnist,none,1,0.001,1,0.6984006653875977,0.818
40,12,1254,cnn,fashion-mnist,none,1,0.001,1,0.7365097759147011,0.792
40,13,1255,cnn,fashion-mnist,none,1,0.001,1,0.692894645072679,0.817
40,14,1256,cnn,fashion-mnist,none,1,0.001,1,0.6984626421917282,0.805
40,15,1257,cnn,fashion-mnist,none,1,0.001,1,0.7114397790366512,0.789
40,16,1258,cnn,fashion-mnist,none,1,0.001,1,0.6871899665293782,0.792
40,17,1259,cnn,fashion-mnist,none,1,0.001,1,0.7266285789942388,0.803
40,18,1260,cnn,fashion-mnist,none,1,0.001,1,0.711772370692527,0.796
40,19,1261,cnn,fashion-mnist,none,1,0.001,1,0.7210743716069631,0.793
40,20,1262,cnn,fashion-mnist,none,1,0.001,1,0.7053462330927148,0.818
40,21,1263,cnn,fashion-mnist,none,1,0.001,1,0.6913863406862424,0.815
40,22,1264,cnn,fashion-mnist,none,1,0.001,1,0.6942715555335089,0.798
40,23,1265,cnn,fashion-mnist,none,1,0.001,1,0.6923667968684054,0.812
40,24,1266,cnn,fashion-mnist,none,1,0.001,1,0.7143297689917704,0.795
40,25,1267,cnn,fashion-mnist,none,1,0.001,1,0.7227892569243304,0.801
40,26,1268,cnn,fashion-mnist,none,1,0.001,1,0.7249809943464588,0.799
40,27,1269,cnn,fashion-mnist,none,1,0.001,1,0.6977349896116742,0.809
40,28,1270,cnn,fashion-mnist,none,1,0.001,1,0.7130423911596281,0.809
40,29,1271,cnn,fashion-mnist,none,1,0.001,1,0.7151720265541778,0.806
41,0,1272,cnn,fashion-mnist,none,32,0.001,1,0.807390332698822,0.77
41,1,1273,cnn,fashion-mnist,none,32,0.001,1,0.7688599416017532,0.806
41,2,1274,cnn,fashion-mnist,none,32,0.001,1,0.7986076421737671,0.793
41,3,1275,cnn,fashion-mnist,none,32,0.001,1,0.7964908952713012,0.796
41,4,1276,cnn,fashion-mnist,none,32,0.001,1,0.7909591314792633,0.789
41,5,1277,cnn,fashion-mnist,none,32,0.001,1,0.7924932391643524,0.797
41,6,1278,cnn,fashion-mnist,none,32,0.001,1,0.7914805362224578,0.799
41,7,1279,cnn,fashion-mnist,none,32,0.001,1,0.7812962131500244,0.791
41,8,1280,cnn,fashion-mnist,none,32,0.001,1,0.7826257908344268,0.791
41,9,1281,cnn,fashion-mnist,none,32,0.001,1,0.7710428845882416,0.793
41,10,1282,cnn,fashion-mnist,none,32,0.001,1,0.7528466010093688,0.815
41,11,1283,cnn,fashion-mnist,none,32,0.001,1,0.793854677438736,0.814
41,12,1284,cnn,fashion-mnist,none,32,0.001,1,0.8109362628459931,0.783
41,13,1285,cnn,fashion-mnist,none,32,0.001,1,0.7958582520484925,0.782
41,14,1286,cnn,fashion-mnist,none,32,0.001,1,0.7895499663352966,0.818
41,15,1287,cnn,fashion-mnist,none,32,0.001,1,0.7882579946517945,0.787
41,16,1288,cnn,fashion-mnist,none,32,0.001,1,0.78133553981781,0.792
41,17,1289,cnn,fashion-mnist,none,32,0.001,1,0.7880657534599305,0.783
41,18,1290,cnn,fashion-mnist,none,32,0.001,1,0.7903859043121337,0.796
41,19,1291,cnn,fashion-mnist,none,32,0.001,1,0.7955018479824066,0.788
41,20,1292,cnn,fashion-mnist,none,32,0.001,1,0.7954086874723434,0.78
41,21,1293,cnn,fashion-mnist,none,32,0.001,1,0.776740895986557,0.808
41,22,1294,cnn,fashion-mnist,none,32,0.001,1,0.7997703816890717,0.776
41,23,1295,cnn,fashion-mnist,none,32,0.001,1,0.8154514305591584,0.8
41,24,1296,cnn,fashion-mnist,none,32,0.001,1,0.7812105040550232,0.779
41,25,1297,cnn,fashion-mnist,none,32,0.001,1,0.787650086402893,0.806
41,26,1298,cnn,fashion-mnist,none,32,0.001,1,0.8199719822406769,0.817
41,27,1299,cnn,fashion-mnist,none,32,0.001,1,0.8118790626525879,0.818
41,28,1300,cnn,fashion-mnist,none,32,0.001,1,0.7935585983991623,0.772
41,29,1301,cnn,fashion-mnist,none,32,0.001,1,0.7751360640525818,0.805
42,0,1302,cnn,fashion-mnist,topk,1,0.001,1,0.7037953314344496,0.817
42,1,1303,cnn,fashion-mnist,topk,1,0.001,1,0.7078539907932011,0.833
42,2,1304,cnn,fashion-mnist,topk,1,0.001,1,0.7171314618105125,0.821
42,3,1305,cnn,fashion-mnist,topk,1,0.001,1,0.6951085282216254,0.832
42,4,1306,cnn,fashion-mnist,topk,1,0.001,1,0.692657573576502,0.822
42,5,1307,cnn,fashion-mnist,topk,1,0.001,1,0.6916630368379925,0.808
42,6,1308,cnn,fashion-mnist,topk,1,0.001,1,0.6739295709501021,0.774
42,7,1309,cnn,fashion-mnist,topk,1,0.001,1,0.7050591834587429,0.79
42,8,1310,cnn,fashion-mnist,topk,1,0.001,1,0.6977170763204854,0.8
42,9,1311,cnn,fashion-mnist,topk,1,0.001,1,0.7024537072929099,0.826
42,10,1312,cnn,fashion-mnist,topk,1,0.001,1,0.6960711463793617,0.834
42,11,1313,cnn,fashion-mnist,topk,1,0.001,1,0.6965111035523947,0.792
42,12,1314,cnn,fashion-mnist,topk,1,0.001,1,0.6948182110219504,0.814
42,13,1315,cnn,fashion-mnist,topk,1,0.001,1,0.7034130151978506,0.818
42,14,1316,cnn,fashion-mnist,topk,1,0.001,1,0.7080738752814835,0.808
42,15,1317,cnn,fashion-mnist,topk,1,0.001,1,0.7080181539722202,0.825
42,16,1318,cnn,fashion-mnist,topk,1,0.001,1,0.6925283017299494,0.8
42,17,1319,cnn,fashion-mnist,topk,1,0.001,1,0.6814630998175035,0.807
42,18,1320,cnn,fashion-mnist,topk,1,0.001,1,0.6841032686556997,0.808
42,19,1321,cnn,fashion-mnist,topk,1,0.001,1,0.6946066831156009,0.8
42,20,1322,cnn,fashion-mnist,topk,1,0.001,1,0.6884494429992383,0.814
42,21,1323,cnn,fashion-mnist,topk,1,0.001,1,0.7024376977136885,0.794
42,22,1324,cnn,fashion-mnist,topk,1,0.001,1,0.6848541782819738,0.822
42,23,1325,cnn,fashion-mnist,topk,1,0.001,1,0.7011958811538269,0.785
42,24,1326,cnn,fashion-mnist,topk,1,0.001,1,0.6914034982554118,0.808
42,25,1327,cnn,fashion-mnist,topk,1,0.001,1,0.7032860857647543,0.797
42,26,1328,cnn,fashion-mnist,topk,1,0.001,1,0.6859087468597104,0.756
42,27,1329,cnn,fashion-mnist,topk,1,0.001,1,0.6880407134794578,0.825
42,28,1330,cnn,fashion-mnist,topk,1,0.001,1,0.7199889843646389,0.777
42,29,1331,cnn,fashion-mnist,topk,1,0.001,1,0.6789996108520913,0.816
43,0,1332,cnn,fashion-mnist,topk,32,0.001,1,0.8631550550460816,0.799
43,1,1333,cnn,fashion-mnist,topk,32,0.001,1,0.8961607942581177,0.753
43,2,1334,cnn,fashion-mnist,topk,32,0.001,1,0.8903824987411499,0.771
43,3,1335,cnn,fashion-mnist,topk,32,0.001,1,0.8764904797077179,0.789
43,4,1336,cnn,fashion-mnist,topk,32,0.001,1,0.8731079661846161,0.785
43,5,1337,cnn,fashion-mnist,topk,32,0.001,1,0.8693178117275238,0.791
43,6,1338,cnn,fashion-mnist,topk,32,0.001,1,0.8658388457298278,0.757
43,7,1339,cnn,fashion-mnist,topk,32,0.001,1,0.8792069301605224,0.754
43,8,1340,cnn,fashion-mnist,topk,32,0.001,1,0.8893427321910858,0.789
43,9,1341,cnn,fashion-mnist,topk,32,0.001,1,0.8817699191570282,0.746
43,10,1342,cnn,fashion-mnist,topk,32,0.001,1,0.8534310789108276,0.793
43,11,1343,cnn,fashion-mnist,topk,32,0.001,1,0.8827052772045135,0.773
43,12,1344,cnn,fashion-mnist,topk,32,0.001,1,0.8677589087486267,0.78
43,13,1345,cnn,fashion-mnist,topk,32,0.001,1,0.8472861683368683,0.772
43,14,1346,cnn,fashion-mnist,topk,32,0.001,1,0.8657365887165069,0.795
43,15,1347,cnn,fashion-mnist,topk,32,0.001,1,0.8854129784107209,0.771
43,16,1348,cnn,fashion-mnist,topk,32,0.001,1,0.8700275473594665,0.777
43,17,1349,cnn,fashion-mnist,topk,32,0.001,1,0.8511406462192536,0.802
43,18,1350,cnn,fashion-mnist,topk,32,0.001,1,0.8424041302204132,0.784
43,19,1351,cnn,fashion-mnist,topk,32,0.001,1,0.8710857830047607,0.724
43,20,1352,cnn,fashion-mnist,topk,32,0.001,1,0.8637578916549683,0.79
43,21,1353,cnn,fashion-mnist,topk,32,0.001,1,0.8768309891223908,0.751
43,22,1354,cnn,fashion-mnist,topk,32,0.001,1,0.9009241514205932,0.782
43,23,1355,cnn,fashion-mnist,topk,32,0.001,1,0.8754995890855789,0.761
43,24,1356,cnn,fashion-mnist,topk,32,0.001,1,0.8479288337230683,0.805
43,25,1357,cnn,fashion-mnist,topk,32,0.001,1,0.8690569858551025,0.748
43,26,1358,cnn,fashion-mnist,topk,32,0.001,1,0.8668247406482696,0.776
43,27,1359,cnn,fashion-mnist,topk,32,0.001,1,0.8687591462135315,0.796
43,28,1360,cnn,fashion-mnist,topk,32,0.001,1,0.8940001356601716,0.762
43,29,1361,cnn,fashion-mnist,topk,32,0.001,1,0.8863856937885285,0.704
44,0,1362,cnn,fashion-mnist,dpsgd,1,0.001,1,2.151738201081753,0.318
44,1,1363,cnn,fashion-mnist,dpsgd,1,0.001,1,2.2000025371313097,0.313
44,2,1364,cnn,fashion-mnist,dpsgd,1,0.001,1,2.208039904795587,0.243
44,3,1365,cnn,fashion-mnist,dpsgd,1,0.001,1,2.1482571837753057,0.29
44,4,1366,cnn,fashion-mnist,dpsgd,1,0.001,1,2.148411532752216,0.3
44,5,1367,cnn,fashion-mnist,dpsgd,1,0.001,1,2.2342644386664032,0.216
44,6,1368,cnn,fashion-mnist,dpsgd,1,0.001,1,2.184636885194108,0.248
44,7,1369,cnn,fashion-mnist,dpsgd,1,0.001,1,2.205975015848875,0.255
44,8,1370,cnn,fashion-mnist,dpsgd,1,0.001,1,2.2217233301326633,0.269
44,9,1371,cnn,fashion-mnist,dpsgd,1,0.001,1,2.18022969276458,0.28
44,10,1372,cnn,fashion-mnist,dpsgd,1,0.001,1,2.157098738089204,0.32
44,11,1373,cnn,fashion-mnist,dpsgd,1,0.001,1,2.0999156739525495,0.371
44,12,1374,cnn,fashion-mnist,dpsgd,1,0.001,1,2.1745939958393574,0.256
44,13,1375,cnn,fashion-mnist,dpsgd,1,0.001,1,2.1824571918100117,0.306
44,14,1376,cnn,fashion-mnist,dpsgd,1,0.001,1,2.1122586104162036,0.314
44,15,1377,cnn,fashion-mnist,dpsgd,1,0.001,1,2.1369234947562217,0.287
44,16,1378,cnn,fashion-mnist,dpsgd,1,0.001,1,2.14582118255645,0.346
44,17,1379,cnn,fashion-mnist,dpsgd,1,0.001,1,2.195087890893221,0.2
44,18,1380,cnn,fashion-mnist,dpsgd,1,0.001,1,2.1342203463986515,0.27
44,19,1381,cnn,fashion-mnist,dpsgd,1,0.001,1,2.140527510330081,0.237
44,20,1382,cnn,fashion-mnist,dpsgd,1,0.001,1,2.1691090430058537,0.344
44,21,1383,cnn,fashion-mnist,dpsgd,1,0.001,1,2.0670934599787,0.357
44,22,1384,cnn,fashion-mnist,dpsgd,1,0.001,1,2.1096776173030958,0.418
44,23,1385,cnn,fashion-mnist,dpsgd,1,0.001,1,2.1989700732827187,0.251
44,24,1386,cnn,fashion-mnist,dpsgd,1,0.001,1,2.140989187084138,0.342
44,25,1387,cnn,fashion-mnist,dpsgd,1,0.001,1,2.0849320125803352,0.358
44,26,1388,cnn,fashion-mnist,dpsgd,1,0.001,1,2.1472221407443284,0.326
44,27,1389,cnn,fashion-mnist,dpsgd,1,0.001,1,2.058689870148897,0.335
44,28,1390,cnn,fashion-mnist,dpsgd,1,0.001,1,2.2127045664973557,0.274
44,29,1391,cnn,fashion-mnist,dpsgd,1,0.001,1,2.1937028879076244,0.27
45,0,1392,cnn,fashion-mnist,dpsgd,32,0.001,1,2.293647005081177,0.202
45,1,1393,cnn,fashion-mnist,dpsgd,32,0.001,1,2.288887310028076,0.229
45,2,1394,cnn,fashion-mnist,dpsgd,32,0.001,1,2.282568130493164,0.163
45,3,1395,cnn,fashion-mnist,dpsgd,32,0.001,1,2.2779101829528807,0.155
45,4,1396,cnn,fashion-mnist,dpsgd,32,0.001,1,2.2904183254241945,0.222
45,5,1397,cnn,fashion-mnist,dpsgd,32,0.001,1,2.3010314960479734,0.157
45,6,1398,cnn,fashion-mnist,dpsgd,32,0.001,1,2.2877709579467775,0.115
45,7,1399,cnn,fashion-mnist,dpsgd,32,0.001,1,2.285577781677246,0.169
45,8,1400,cnn,fashion-mnist,dpsgd,32,0.001,1,2.287415340423584,0.299
45,9,1401,cnn,fashion-mnist,dpsgd,32,0.001,1,2.2721051807403563,0.137
45,10,1402,cnn,fashion-mnist,dpsgd,32,0.001,1,2.2804972133636476,0.095
45,11,1403,cnn,fashion-mnist,dpsgd,32,0.001,1,2.2855368595123293,0.19
45,12,1404,cnn,fashion-mnist,dpsgd,32,0.001,1,2.2840132331848144,0.234
45,13,1405,cnn,fashion-mnist,dpsgd,32,0.001,1,2.276271738052368,0.107
45,14,1406,cnn,fashion-mnist,dpsgd,32,0.001,1,2.2809571952819825,0.145
45,15,1407,cnn,fashion-mnist,dpsgd,32,0.001,1,2.2815534076690676,0.15
45,16,1408,cnn,fashion-mnist,dpsgd,32,0.001,1,2.27583695602417,0.201
45,17,1409,cnn,fashion-mnist,dpsgd,32,0.001,1,2.29034818649292,0.193
45,18,1410,cnn,fashion-mnist,dpsgd,32,0.001,1,2.2837383556365967,0.201
45,19,1411,cnn,fashion-mnist,dpsgd,32,0.001,1,2.2882228183746336,0.194
45,20,1412,cnn,fashion-mnist,dpsgd,32,0.001,1,2.281616329193115,0.197
45,21,1413,cnn,fashion-mnist,dpsgd,32,0.001,1,2.2921010971069338,0.131
45,22,1414,cnn,fashion-mnist,dpsgd,32,0.001,1,2.2821645679473876,0.157
45,23,1415,cnn,fashion-mnist,dpsgd,32,0.001,1,2.285337366104126,0.288
45,24,1416,cnn,fashion-mnist,dpsgd,32,0.001,1,2.293774789810181,0.17
45,25,1417,cnn,fashion-mnist,dpsgd,32,0.001,1,2.280445533752441,0.277
45,26,1418,cnn,fashion-mnist,dpsgd,32,0.001,1,2.283612594604492,0.266
45,27,1419,cnn,fashion-mnist,dpsgd,32,0.001,1,2.286181917190552,0.191
45,28,1420,cnn,fashion-mnist,dpsgd,32,0.001,1,2.2891599254608153,0.15
45,29,1421,cnn,fashion-mnist,dpsgd,32,0.001,1,2.2908357124328615,0.153
46,0,1422,cnn,fashion-mnist,randomk,1,0.001,1,0.7221679639122618,0.801
46,1,1423,cnn,fashion-mnist,randomk,1,0.001,1,0.7444004712371424,0.803
46,2,1424,cnn,fashion-mnist,randomk,1,0.001,1,0.7500800355879348,0.787
46,3,1425,cnn,fashion-mnist,randomk,1,0.001,1,0.7365223743268164,0.806
46,4,1426,cnn,fashion-mnist,randomk,1,0.001,1,0.7233563087739101,0.823
46,5,1427,cnn,fashion-mnist,randomk,1,0.001,1,0.7330941708295102,0.797
46,6,1428,cnn,fashion-mnist,randomk,1,0.001,1,0.7461831634507574,0.782
46,7,1429,cnn,fashion-mnist,randomk,1,0.001,1,0.7351990991029476,0.732
46,8,1430,cnn,fashion-mnist,randomk,1,0.001,1,0.736811340686173,0.827
46,9,1431,cnn,fashion-mnist,randomk,1,0.001,1,0.7512379987941614,0.796
46,10,1432,cnn,fashion-mnist,randomk,1,0.001,1,0.7471634780629381,0.818
46,11,1433,cnn,fashion-mnist,randomk,1,0.001,1,0.7431409779257082,0.776
46,12,1434,cnn,fashion-mnist,randomk,1,0.001,1,0.7272082427021551,0.718
46,13,1435,cnn,fashion-mnist,randomk,1,0.001,1,0.7334063462488123,0.79
46,14,1436,cnn,fashion-mnist,randomk,1,0.001,1,0.7463216021866829,0.785
46,15,1437,cnn,fashion-mnist,randomk,1,0.001,1,0.7315090113500123,0.801
46,16,1438,cnn,fashion-mnist,randomk,1,0.001,1,0.7493438427136054,0.772
46,17,1439,cnn,fashion-mnist,randomk,1,0.001,1,0.7469892488808832,0.808
46,18,1440,cnn,fashion-mnist,randomk,1,0.001,1,0.7374721801062541,0.794
46,19,1441,cnn,fashion-mnist,randomk,1,0.001,1,0.7396412327301328,0.791
46,20,1442,cnn,fashion-mnist,randomk,1,0.001,1,0.7305613722646115,0.766
46,21,1443,cnn,fashion-mnist,randomk,1,0.001,1,0.7262522450428954,0.802
46,22,1444,cnn,fashion-mnist,randomk,1,0.001,1,0.736295742194686,0.764
46,23,1445,cnn,fashion-mnist,randomk,1,0.001,1,0.7250917217610829,0.765
46,24,1446,cnn,fashion-mnist,randomk,1,0.001,1,0.7480774578299795,0.805
46,25,1447,cnn,fashion-mnist,randomk,1,0.001,1,0.759838120291208,0.793
46,26,1448,cnn,fashion-mnist,randomk,1,0.001,1,0.7386577054322325,0.781
46,27,1449,cnn,fashion-mnist,randomk,1,0.001,1,0.7551143084527336,0.798
46,28,1450,cnn,fashion-mnist,randomk,1,0.001,1,0.739392655894777,0.815
46,29,1451,cnn,fashion-mnist,randomk,1,0.001,1,0.7514980371524275,0.789
47,0,1452,cnn,fashion-mnist,randomk,32,0.001,1,1.0003395595550537,0.751
47,1,1453,cnn,fashion-mnist,randomk,32,0.001,1,1.0116761145591735,0.723
47,2,1454,cnn,fashion-mnist,randomk,32,0.001,1,1.018905259370804,0.746
47,3,1455,cnn,fashion-mnist,randomk,32,0.001,1,0.9894602410793304,0.762
47,4,1456,cnn,fashion-mnist,randomk,32,0.001,1,0.9713258626461029,0.775
47,5,1457,cnn,fashion-mnist,randomk,32,0.001,1,0.9769320011138916,0.758
47,6,1458,cnn,fashion-mnist,randomk,32,0.001,1,0.9770969741344452,0.753
47,7,1459,cnn,fashion-mnist,randomk,32,0.001,1,1.0043125567436217,0.75
47,8,1460,cnn,fashion-mnist,randomk,32,0.001,1,0.9907528743743896,0.737
47,9,1461,cnn,fashion-mnist,randomk,32,0.001,1,0.9501744663715362,0.767
47,10,1462,cnn,fashion-mnist,randomk,32,0.001,1,0.9846687612533569,0.753
47,11,1463,cnn,fashion-mnist,randomk,32,0.001,1,0.9759576916694641,0.753
47,12,1464,cnn,fashion-mnist,randomk,32,0.001,1,0.9949140799045563,0.769
47,13,1465,cnn,fashion-mnist,randomk,32,0.001,1,0.9830728623867034,0.783
47,14,1466,cnn,fashion-mnist,randomk,32,0.001,1,0.9913346440792083,0.768
47,15,1467,cnn,fashion-mnist,randomk,32,0.001,1,0.9646188988685608,0.766
47,16,1468,cnn,fashion-mnist,randomk,32,0.001,1,0.9633675770759582,0.774
47,17,1469,cnn,fashion-mnist,randomk,32,0.001,1,0.9950904655456543,0.767
47,18,1470,cnn,fashion-mnist,randomk,32,0.001,1,0.9860350415706635,0.756
47,19,1471,cnn,fashion-mnist,randomk,32,0.001,1,0.9425146312713623,0.726
47,20,1472,cnn,fashion-mnist,randomk,32,0.001,1,0.9924928593635559,0.744
47,21,1473,cnn,fashion-mnist,randomk,32,0.001,1,0.9782565925121307,0.781
47,22,1474,cnn,fashion-mnist,randomk,32,0.001,1,0.9561897232532501,0.786
47,23,1475,cnn,fashion-mnist,randomk,32,0.001,1,1.009354811191559,0.703
47,24,1476,cnn,fashion-mnist,randomk,32,0.001,1,1.0114498963356018,0.711
47,25,1477,cnn,fashion-mnist,randomk,32,0.001,1,1.0128033723831176,0.762
47,26,1478,cnn,fashion-mnist,randomk,32,0.001,1,1.0004156572818756,0.749
47,27,1479,cnn,fashion-mnist,randomk,32,0.001,1,0.9742135488986969,0.785
47,28,1480,cnn,fashion-mnist,randomk,32,0.001,1,0.9938812577724456,0.765
47,29,1481,cnn,fashion-mnist,randomk,32,0.001,1,1.0092635266780854,0.754
48,0,1482,cnn,fashion-mnist,qsgd,1,0.001,1,0.7769098865065156,0.799
48,1,1483,cnn,fashion-mnist,qsgd,1,0.001,1,0.7869117519773728,0.784
48,2,1484,cnn,fashion-mnist,qsgd,1,0.001,1,0.7798202542177662,0.784
48,3,1485,cnn,fashion-mnist,qsgd,1,0.001,1,0.7652201136909693,0.817
48,4,1486,cnn,fashion-mnist,qsgd,1,0.001,1,0.7764793492804037,0.8
48,5,1487,cnn,fashion-mnist,qsgd,1,0.001,1,0.7626405715670972,0.802
48,6,1488,cnn,fashion-mnist,qsgd,1,0.001,1,0.7840859477541126,0.76
48,7,1489,cnn,fashion-mnist,qsgd,1,0.001,1,0.7726124118937889,0.8
48,8,1490,cnn,fashion-mnist,qsgd,1,0.001,1,0.7872972853571141,0.791
48,9,1491,cnn,fashion-mnist,qsgd,1,0.001,1,0.7873410069354628,0.76
48,10,1492,cnn,fashion-mnist,qsgd,1,0.001,1,0.7737052519696075,0.795
48,11,1493,cnn,fashion-mnist,qsgd,1,0.001,1,0.7768262739667726,0.797
48,12,1494,cnn,fashion-mnist,qsgd,1,0.001,1,0.7952721312302422,0.767
48,13,1495,cnn,fashion-mnist,qsgd,1,0.001,1,0.813860469613223,0.776
48,14,1496,cnn,fashion-mnist,qsgd,1,0.001,1,0.7759292829396891,0.794
48,15,1497,cnn,fashion-mnist,qsgd,1,0.001,1,0.7825753875399998,0.793
48,16,1498,cnn,fashion-mnist,qsgd,1,0.001,1,0.7505152767686023,0.807
48,17,1499,cnn,fashion-mnist,qsgd,1,0.001,1,0.7589227450940129,0.788
48,18,1500,cnn,fashion-mnist,qsgd,1,0.001,1,0.771965690165287,0.789
48,19,1501,cnn,fashion-mnist,qsgd,1,0.001,1,0.8066462510873819,0.784
48,20,1502,cnn,fashion-mnist,qsgd,1,0.001,1,0.7771064297239939,0.783
48,21,1503,cnn,fashion-mnist,qsgd,1,0.001,1,0.7736113301189567,0.787
48,22,1504,cnn,fashion-mnist,qsgd,1,0.001,1,0.7686675070449579,0.781
48,23,1505,cnn,fashion-mnist,qsgd,1,0.001,1,0.7675498929830535,0.792
48,24,1506,cnn,fashion-mnist,qsgd,1,0.001,1,0.7887208895528702,0.749
48,25,1507,cnn,fashion-mnist,qsgd,1,0.001,1,0.7781334306621859,0.769
48,26,1508,cnn,fashion-mnist,qsgd,1,0.001,1,0.7774608301747583,0.773
48,27,1509,cnn,fashion-mnist,qsgd,1,0.001,1,0.7829296395148031,0.8
48,28,1510,cnn,fashion-mnist,qsgd,1,0.001,1,0.7757937154527674,0.797
48,29,1511,cnn,fashion-mnist,qsgd,1,0.001,1,0.7887753595892127,0.796
49,0,1512,cnn,fashion-mnist,qsgd,32,0.001,1,1.2284660294055938,0.658
49,1,1513,cnn,fashion-mnist,qsgd,32,0.001,1,1.2736503348350525,0.703
49,2,1514,cnn,fashion-mnist,qsgd,32,0.001,1,1.2656828150749206,0.686
49,3,1515,cnn,fashion-mnist,qsgd,32,0.001,1,1.2348538448810578,0.711
49,4,1516,cnn,fashion-mnist,qsgd,32,0.001,1,1.241921031475067,0.72
49,5,1517,cnn,fashion-mnist,qsgd,32,0.001,1,1.2294968111515046,0.733
49,6,1518,cnn,fashion-mnist,qsgd,32,0.001,1,1.2538335971832275,0.702
49,7,1519,cnn,fashion-mnist,qsgd,32,0.001,1,1.2897887439727784,0.738
49,8,1520,cnn,fashion-mnist,qsgd,32,0.001,1,1.2682849235534668,0.703
49,9,1521,cnn,fashion-mnist,qsgd,32,0.001,1,1.2673453307151794,0.662
49,10,1522,cnn,fashion-mnist,qsgd,32,0.001,1,1.256869336605072,0.726
49,11,1523,cnn,fashion-mnist,qsgd,32,0.001,1,1.2090596795082091,0.698
49,12,1524,cnn,fashion-mnist,qsgd,32,0.001,1,1.2316374526023866,0.715
49,13,1525,cnn,fashion-mnist,qsgd,32,0.001,1,1.2499064710140229,0.73
49,14,1526,cnn,fashion-mnist,qsgd,32,0.001,1,1.267981789112091,0.732
49,15,1527,cnn,fashion-mnist,qsgd,32,0.001,1,1.257199285030365,0.716
49,16,1528,cnn,fashion-mnist,qsgd,32,0.001,1,1.2472758972644806,0.73
49,17,1529,cnn,fashion-mnist,qsgd,32,0.001,1,1.25582208943367,0.72
49,18,1530,cnn,fashion-mnist,qsgd,32,0.001,1,1.203755119085312,0.723
49,19,1531,cnn,fashion-mnist,qsgd,32,0.001,1,1.2381381525993347,0.706
49,20,1532,cnn,fashion-mnist,qsgd,32,0.001,1,1.2218093194961548,0.735
49,21,1533,cnn,fashion-mnist,qsgd,32,0.001,1,1.277881801843643,0.726
49,22,1534,cnn,fashion-mnist,qsgd,32,0.001,1,1.2979911093711853,0.727
49,23,1535,cnn,fashion-mnist,qsgd,32,0.001,1,1.2417247824668884,0.726
49,24,1536,cnn,fashion-mnist,qsgd,32,0.001,1,1.2599301915168761,0.662
49,25,1537,cnn,fashion-mnist,qsgd,32,0.001,1,1.2674725580215453,0.678
49,26,1538,cnn,fashion-mnist,qsgd,32,0.001,1,1.260590317964554,0.732
49,27,1539,cnn,fashion-mnist,qsgd,32,0.001,1,1.2162493920326234,0.733
49,28,1540,cnn,fashion-mnist,qsgd,32,0.001,1,1.2714149270057677,0.697
49,29,1541,cnn,fashion-mnist,qsgd,32,0.001,1,1.2602814071178436,0.662
50,0,1542,cnn,cifar10,none,1,0.001,1,1.8883023272768478,0.394
50,1,1543,cnn,cifar10,none,1,0.001,1,1.9300304025099613,0.388
50,2,1544,cnn,cifar10,none,1,0.001,1,1.9122615234563127,0.387
50,3,1545,cnn,cifar10,none,1,0.001,1,1.8936586921977578,0.373
50,4,1546,cnn,cifar10,none,1,0.001,1,1.910908816148294,0.386
50,5,1547,cnn,cifar10,none,1,0.001,1,1.9143142191171647,0.385
50,6,1548,cnn,cifar10,none,1,0.001,1,1.968267852887977,0.342
50,7,1549,cnn,cifar10,none,1,0.001,1,1.959569479689002,0.393
50,8,1550,cnn,cifar10,none,1,0.001,1,1.8573172930255533,0.401
50,9,1551,cnn,cifar10,none,1,0.001,1,1.99070352427545,0.396
50,10,1552,cnn,cifar10,none,1,0.001,1,1.9015676543661393,0.39
50,11,1553,cnn,cifar10,none,1,0.001,1,1.9146782513381913,0.388
50,12,1554,cnn,cifar10,none,1,0.001,1,1.887864927675575,0.369
50,13,1555,cnn,cifar10,none,1,0.001,1,1.8573840961692414,0.423
50,14,1556,cnn,cifar10,none,1,0.001,1,1.88796915996389,0.387
50,15,1557,cnn,cifar10,none,1,0.001,1,1.9200158290150575,0.376
50,16,1558,cnn,cifar10,none,1,0.001,1,1.8610523348712595,0.313
50,17,1559,cnn,cifar10,none,1,0.001,1,1.8883488373156287,0.4
50,18,1560,cnn,cifar10,none,1,0.001,1,1.9371637095310725,0.392
50,19,1561,cnn,cifar10,none,1,0.001,1,1.8562541722145398,0.356
50,20,1562,cnn,cifar10,none,1,0.001,1,1.9222027506050654,0.387
50,21,1563,cnn,cifar10,none,1,0.001,1,1.9957536052657525,0.321
50,22,1564,cnn,cifar10,none,1,0.001,1,1.8785372264827602,0.453
50,23,1565,cnn,cifar10,none,1,0.001,1,1.9464130180072972,0.358
50,24,1566,cnn,cifar10,none,1,0.001,1,1.8879482911087107,0.361
50,25,1567,cnn,cifar10,none,1,0.001,1,1.9201663716924378,0.384
50,26,1568,cnn,cifar10,none,1,0.001,1,2.0110937475511745,0.339
50,27,1569,cnn,cifar10,none,1,0.001,1,1.912981874242425,0.405
50,28,1570,cnn,cifar10,none,1,0.001,1,1.921339315727353,0.362
50,29,1571,cnn,cifar10,none,1,0.001,1,1.8784363181027584,0.422
51,0,1572,cnn,cifar10,none,32,0.001,1,1.8062659578323363,0.414
51,1,1573,cnn,cifar10,none,32,0.001,1,1.8843727130889893,0.402
51,2,1574,cnn,cifar10,none,32,0.001,1,1.8624467554092408,0.378
51,3,1575,cnn,cifar10,none,32,0.001,1,1.855080068588257,0.429
51,4,1576,cnn,cifar10,none,32,0.001,1,1.8298037490844727,0.437
51,5,1577,cnn,cifar10,none,32,0.001,1,1.7859828052520752,0.459
51,6,1578,cnn,cifar10,none,32,0.001,1,1.8873454856872558,0.411
51,7,1579,cnn,cifar10,none,32,0.001,1,1.8239595432281495,0.419
51,8,1580,cnn,cifar10,none,32,0.001,1,1.8003838691711427,0.434
51,9,1581,cnn,cifar10,none,32,0.001,1,1.856533829689026,0.433
51,10,1582,cnn,cifar10,none,32,0.001,1,1.8210833749771118,0.421
51,11,1583,cnn,cifar10,none,32,0.001,1,1.8350955085754395,0.446
51,12,1584,cnn,cifar10,none,32,0.001,1,1.9243861780166627,0.419
51,13,1585,cnn,cifar10,none,32,0.001,1,1.8576410312652587,0.444
51,14,1586,cnn,cifar10,none,32,0.001,1,1.8286083869934082,0.442
51,15,1587,cnn,cifar10,none,32,0.001,1,1.8425266914367675,0.436
51,16,1588,cnn,cifar10,none,32,0.001,1,1.8497478322982788,0.443
51,17,1589,cnn,cifar10,none,32,0.001,1,1.8500543365478515,0.416
51,18,1590,cnn,cifar10,none,32,0.001,1,1.8267938604354859,0.416
51,19,1591,cnn,cifar10,none,32,0.001,1,1.84983780002594,0.416
51,20,1592,cnn,cifar10,none,32,0.001,1,1.836324369430542,0.442
51,21,1593,cnn,cifar10,none,32,0.001,1,1.8370935649871827,0.445
51,22,1594,cnn,cifar10,none,32,0.001,1,1.8486742305755615,0.429
51,23,1595,cnn,cifar10,none,32,0.001,1,1.833679817199707,0.442
51,24,1596,cnn,cifar10,none,32,0.001,1,1.825426474571228,0.452
51,25,1597,cnn,cifar10,none,32,0.001,1,1.812348123550415,0.404
51,26,1598,cnn,cifar10,none,32,0.001,1,1.8695407791137695,0.431
51,27,1599,cnn,cifar10,none,32,0.001,1,1.8247263498306274,0.438
51,28,1600,cnn,cifar10,none,32,0.001,1,1.814918423652649,0.352
51,29,1601,cnn,cifar10,none,32,0.001,1,1.8215620222091675,0.437
52,0,1602,cnn,cifar10,topk,1,0.001,1,1.9299303061859683,0.321
52,1,1603,cnn,cifar10,topk,1,0.001,1,1.881601566616213,0.394
52,2,1604,cnn,cifar10,topk,1,0.001,1,1.9392834877559217,0.352
52,3,1605,cnn,cifar10,topk,1,0.001,1,1.8726918387238403,0.425
52,4,1606,cnn,cifar10,topk,1,0.001,1,1.8632034954628907,0.415
52,5,1607,cnn,cifar10,topk,1,0.001,1,1.9852534727277233,0.373
52,6,1608,cnn,cifar10,topk,1,0.001,1,1.9095681247902103,0.45
52,7,1609,cnn,cifar10,topk,1,0.001,1,1.8997627861378714,0.376
52,8,1610,cnn,cifar10,topk,1,0.001,1,1.873980366606498,0.383
52,9,1611,cnn,cifar10,topk,1,0.001,1,1.947565263280092,0.356
52,10,1612,cnn,cifar10,topk,1,0.001,1,1.9396194465123118,0.36
52,11,1613,cnn,cifar10,topk,1,0.001,1,1.8375447482207092,0.414
52,12,1614,cnn,cifar10,topk,1,0.001,1,1.8864423318015178,0.377
52,13,1615,cnn,cifar10,topk,1,0.001,1,1.9366732508060522,0.402
52,14,1616,cnn,cifar10,topk,1,0.001,1,1.9410022514439187,0.347
52,15,1617,cnn,cifar10,topk,1,0.001,1,1.9665061139394528,0.333
52,16,1618,cnn,cifar10,topk,1,0.001,1,1.9517696610232815,0.42
52,17,1619,cnn,cifar10,topk,1,0.001,1,1.9184066616464406,0.357
52,18,1620,cnn,cifar10,topk,1,0.001,1,1.8749066657868971,0.411
52,19,1621,cnn,cifar10,topk,1,0.001,1,1.8683713888105122,0.422
52,20,1622,cnn,cifar10,topk,1,0.001,1,1.9226000399544136,0.394
52,21,1623,cnn,cifar10,topk,1,0.001,1,1.9126169396889163,0.391
52,22,1624,cnn,cifar10,topk,1,0.001,1,1.857424495549756,0.385
52,23,1625,cnn,cifar10,topk,1,0.001,1,1.8730741824730066,0.35
52,24,1626,cnn,cifar10,topk,1,0.001,1,1.9005712683876046,0.381
52,25,1627,cnn,cifar10,topk,1,0.001,1,1.889238440546673,0.409
52,26,1628,cnn,cifar10,topk,1,0.001,1,1.9025946241617202,0.362
52,27,1629,cnn,cifar10,topk,1,0.001,1,1.9156372967758215,0.428
52,28,1630,cnn,cifar10,topk,1,0.001,1,1.922984910031657,0.373
52,29,1631,cnn,cifar10,topk,1,0.001,1,1.9051378382358235,0.398
53,0,1632,cnn,cifar10,topk,32,0.001,1,1.9027055082321167,0.367
53,1,1633,cnn,cifar10,topk,32,0.001,1,1.879777237892151,0.392
53,2,1634,cnn,cifar10,topk,32,0.001,1,1.8524830017089844,0.426
53,3,1635,cnn,cifar10,topk,32,0.001,1,1.859132167816162,0.433
53,4,1636,cnn,cifar10,topk,32,0.001,1,1.9056181678771973,0.392
53,5,1637,cnn,cifar10,topk,32,0.001,1,1.8786596755981446,0.411
53,6,1638,cnn,cifar10,topk,32,0.001,1,1.8743994884490967,0.416
53,7,1639,cnn,cifar10,topk,32,0.001,1,1.9096869592666625,0.405
53,8,1640,cnn,cifar10,topk,32,0.001,1,1.8810455627441407,0.372
53,9,1641,cnn,cifar10,topk,32,0.001,1,1.8868895978927613,0.428
53,10,1642,cnn,cifar10,topk,32,0.001,1,1.85585950756073,0.419
53,11,1643,cnn,cifar10,topk,32,0.001,1,1.869091835975647,0.39
53,12,1644,cnn,cifar10,topk,32,0.001,1,1.8696288414001465,0.399
53,13,1645,cnn,cifar10,topk,32,0.001,1,1.8590632667541505,0.404
53,14,1646,cnn,cifar10,topk,32,0.001,1,1.8817650394439698,0.421
53,15,1647,cnn,cifar10,topk,32,0.001,1,1.848604739189148,0.392
53,16,1648,cnn,cifar10,topk,32,0.001,1,1.8853410482406616,0.383
53,17,1649,cnn,cifar10,topk,32,0.001,1,1.908617449760437,0.414
53,18,1650,cnn,cifar10,topk,32,0.001,1,1.9097947635650634,0.395
53,19,1651,cnn,cifar10,topk,32,0.001,1,1.861705976486206,0.422
53,20,1652,cnn,cifar10,topk,32,0.001,1,1.917616605758667,0.406
53,21,1653,cnn,cifar10,topk,32,0.001,1,1.875075044631958,0.413
53,22,1654,cnn,cifar10,topk,32,0.001,1,1.8814522266387939,0.421
53,23,1655,cnn,cifar10,topk,32,0.001,1,1.8804172172546387,0.43
53,24,1656,cnn,cifar10,topk,32,0.001,1,1.8524295120239258,0.375
53,25,1657,cnn,cifar10,topk,32,0.001,1,1.8841492109298705,0.42
53,26,1658,cnn,cifar10,topk,32,0.001,1,1.8741473560333253,0.428
53,27,1659,cnn,cifar10,topk,32,0.001,1,1.8767203712463378,0.401
53,28,1660,cnn,cifar10,topk,32,0.001,1,1.8906942625045777,0.399
53,29,1661,cnn,cifar10,topk,32,0.001,1,1.900688759803772,0.418
54,0,1662,cnn,cifar10,dpsgd,1,0.001,1,2.371453468747437,0.178
54,1,1663,cnn,cifar10,dpsgd,1,0.001,1,2.452253517240286,0.143
54,2,1664,cnn,cifar10,dpsgd,1,0.001,1,2.4241850095540287,0.127
54,3,1665,cnn,cifar10,dpsgd,1,0.001,1,2.381558888554573,0.129
54,4,1666,cnn,cifar10,dpsgd,1,0.001,1,2.4361739109382032,0.111
54,5,1667,cnn,cifar10,dpsgd,1,0.001,1,2.4139453556388615,0.123
54,6,1668,cnn,cifar10,dpsgd,1,0.001,1,2.393085830383003,0.123
54,7,1669,cnn,cifar10,dpsgd,1,0.001,1,2.4243437781482937,0.098
54,8,1670,cnn,cifar10,dpsgd,1,0.001,1,2.4996591456830504,0.124
54,9,1671,cnn,cifar10,dpsgd,1,0.001,1,2.4854099401012064,0.101
54,10,1672,cnn,cifar10,dpsgd,1,0.001,1,2.4876886010691526,0.117
54,11,1673,cnn,cifar10,dpsgd,1,0.001,1,2.3909424347504973,0.092
54,12,1674,cnn,cifar10,dpsgd,1,0.001,1,2.4240215357467534,0.112
54,13,1675,cnn,cifar10,dpsgd,1,0.001,1,2.3869885230958463,0.129
54,14,1676,cnn,cifar10,dpsgd,1,0.001,1,2.4751701609268784,0.127
54,15,1677,cnn,cifar10,dpsgd,1,0.001,1,2.338190023779869,0.146
54,16,1678,cnn,cifar10,dpsgd,1,0.001,1,2.395962467543781,0.111
54,17,1679,cnn,cifar10,dpsgd,1,0.001,1,2.42180726018548,0.143
54,18,1680,cnn,cifar10,dpsgd,1,0.001,1,2.357298380292952,0.121
54,19,1681,cnn,cifar10,dpsgd,1,0.001,1,2.392660395473242,0.147
54,20,1682,cnn,cifar10,dpsgd,1,0.001,1,2.4469161979202183,0.161
54,21,1683,cnn,cifar10,dpsgd,1,0.001,1,2.4103947751112282,0.123
54,22,1684,cnn,cifar10,dpsgd,1,0.001,1,2.418146957620978,0.089
54,23,1685,cnn,cifar10,dpsgd,1,0.001,1,2.483511218339205,0.068
54,24,1686,cnn,cifar10,dpsgd,1,0.001,1,2.4380915604829787,0.142
54,25,1687,cnn,cifar10,dpsgd,1,0.001,1,2.490088120609522,0.136
54,26,1688,cnn,cifar10,dpsgd,1,0.001,1,2.47659447369352,0.109
54,27,1689,cnn,cifar10,dpsgd,1,0.001,1,2.3914533819258215,0.119
54,28,1690,cnn,cifar10,dpsgd,1,0.001,1,2.3935229564905165,0.145
54,29,1691,cnn,cifar10,dpsgd,1,0.001,1,2.440573090504855,0.131
55,0,1692,cnn,cifar10,dpsgd,32,0.001,1,2.296671543121338,0.119
55,1,1693,cnn,cifar10,dpsgd,32,0.001,1,2.2985918407440185,0.139
55,2,1694,cnn,cifar10,dpsgd,32,0.001,1,2.3045636310577393,0.122
55,3,1695,cnn,cifar10,dpsgd,32,0.001,1,2.299363676071167,0.09
55,4,1696,cnn,cifar10,dpsgd,32,0.001,1,2.2988699760437012,0.098
55,5,1697,cnn,cifar10,dpsgd,32,0.001,1,2.299502264022827,0.108
55,6,1698,cnn,cifar10,dpsgd,32,0.001,1,2.3062919330596925,0.122
55,7,1699,cnn,cifar10,dpsgd,32,0.001,1,2.3016147899627684,0.128
55,8,1700,cnn,cifar10,dpsgd,32,0.001,1,2.300270322799683,0.14
55,9,1701,cnn,cifar10,dpsgd,32,0.001,1,2.297610824584961,0.103
55,10,1702,cnn,cifar10,dpsgd,32,0.001,1,2.3005519275665285,0.096
55,11,1703,cnn,cifar10,dpsgd,32,0.001,1,2.300889093399048,0.13
55,12,1704,cnn,cifar10,dpsgd,32,0.001,1,2.3038685722351073,0.141
55,13,1705,cnn,cifar10,dpsgd,32,0.001,1,2.302601619720459,0.103
55,14,1706,cnn,cifar10,dpsgd,32,0.001,1,2.3001609573364257,0.149
55,15,1707,cnn,cifar10,dpsgd,32,0.001,1,2.3050553550720214,0.11
55,16,1708,cnn,cifar10,dpsgd,32,0.001,1,2.3030828742980956,0.141
55,17,1709,cnn,cifar10,dpsgd,32,0.001,1,2.292889886856079,0.162
55,18,1710,cnn,cifar10,dpsgd,32,0.001,1,2.3051665534973145,0.1
55,19,1711,cnn,cifar10,dpsgd,32,0.001,1,2.3033010749816896,0.153
55,20,1712,cnn,cifar10,dpsgd,32,0.001,1,2.298585620880127,0.147
55,21,1713,cnn,cifar10,dpsgd,32,0.001,1,2.3031295604705813,0.082
55,22,1714,cnn,cifar10,dpsgd,32,0.001,1,2.296934202194214,0.112
55,23,1715,cnn,cifar10,dpsgd,32,0.001,1,2.298805603027344,0.124
55,24,1716,cnn,cifar10,dpsgd,32,0.001,1,2.296918718338013,0.144
55,25,1717,cnn,cifar10,dpsgd,32,0.001,1,2.2984164333343506,0.122
55,26,1718,cnn,cifar10,dpsgd,32,0.001,1,2.298891616821289,0.156
55,27,1719,cnn,cifar10,dpsgd,32,0.001,1,2.2922618827819825,0.151
55,28,1720,cnn,cifar10,dpsgd,32,0.001,1,2.2969695987701417,0.12
55,29,1721,cnn,cifar10,dpsgd,32,0.001,1,2.298977705001831,0.123
56,0,1722,cnn,cifar10,randomk,1,0.001,1,1.8479922012484167,0.41
56,1,1723,cnn,cifar10,randomk,1,0.001,1,1.8450671575693414,0.427
56,2,1724,cnn,cifar10,randomk,1,0.001,1,1.8493983189943246,0.396
56,3,1725,cnn,cifar10,randomk,1,0.001,1,1.840019478325965,0.428
56,4,1726,cnn,cifar10,randomk,1,0.001,1,1.8470430066020926,0.381
56,5,1727,cnn,cifar10,randomk,1,0.001,1,1.84760363908601,0.394
56,6,1728,cnn,cifar10,randomk,1,0.001,1,1.8258145393594167,0.432
56,7,1729,cnn,cifar10,randomk,1,0.001,1,1.8333030995357549,0.42
56,8,1730,cnn,cifar10,randomk,1,0.001,1,1.8418179692227858,0.424
56,9,1731,cnn,cifar10,randomk,1,0.001,1,1.838895143676782,0.407
56,10,1732,cnn,cifar10,randomk,1,0.001,1,1.846967321265489,0.397
56,11,1733,cnn,cifar10,randomk,1,0.001,1,1.823293466785224,0.394
56,12,1734,cnn,cifar10,randomk,1,0.001,1,1.8300311021576636,0.395
56,13,1735,cnn,cifar10,randomk,1,0.001,1,1.8557390936437004,0.428
56,14,1736,cnn,cifar10,randomk,1,0.001,1,1.823416896515526,0.4
56,15,1737,cnn,cifar10,randomk,1,0.001,1,1.8400649802534608,0.407
56,16,1738,cnn,cifar10,randomk,1,0.001,1,1.8531911814999766,0.454
56,17,1739,cnn,cifar10,randomk,1,0.001,1,1.8238512706062757,0.441
56,18,1740,cnn,cifar10,randomk,1,0.001,1,1.8597007975936868,0.421
56,19,1741,cnn,cifar10,randomk,1,0.001,1,1.82199643754086,0.39
56,20,1742,cnn,cifar10,randomk,1,0.001,1,1.836989094687393,0.45
56,21,1743,cnn,cifar10,randomk,1,0.001,1,1.8184282722957432,0.436
56,22,1744,cnn,cifar10,randomk,1,0.001,1,1.8564931908615399,0.429
56,23,1745,cnn,cifar10,randomk,1,0.001,1,1.850518329416169,0.406
56,24,1746,cnn,cifar10,randomk,1,0.001,1,1.8225708949889523,0.421
56,25,1747,cnn,cifar10,randomk,1,0.001,1,1.8143228612233653,0.444
56,26,1748,cnn,cifar10,randomk,1,0.001,1,1.8606191026252927,0.396
56,27,1749,cnn,cifar10,randomk,1,0.001,1,1.8549270114740357,0.374
56,28,1750,cnn,cifar10,randomk,1,0.001,1,1.80562343401392,0.434
56,29,1751,cnn,cifar10,randomk,1,0.001,1,1.8352664686818607,0.42
57,0,1752,cnn,cifar10,randomk,32,0.001,1,1.9538360767364502,0.4
57,1,1753,cnn,cifar10,randomk,32,0.001,1,1.9174500246047974,0.395
57,2,1754,cnn,cifar10,randomk,32,0.001,1,1.9508765783309936,0.381
57,3,1755,cnn,cifar10,randomk,32,0.001,1,1.9458857488632202,0.395
57,4,1756,cnn,cifar10,randomk,32,0.001,1,1.9485298948287963,0.422
57,5,1757,cnn,cifar10,randomk,32,0.001,1,1.9434143533706665,0.38
57,6,1758,cnn,cifar10,randomk,32,0.001,1,1.9349357986450195,0.398
57,7,1759,cnn,cifar10,randomk,32,0.001,1,1.939609736442566,0.411
57,8,1760,cnn,cifar10,randomk,32,0.001,1,1.9649153203964234,0.361
57,9,1761,cnn,cifar10,randomk,32,0.001,1,1.9503811197280885,0.395
57,10,1762,cnn,cifar10,randomk,32,0.001,1,1.9475597791671753,0.367
57,11,1763,cnn,cifar10,randomk,32,0.001,1,1.935925232887268,0.387
57,12,1764,cnn,cifar10,randomk,32,0.001,1,1.9729522523880005,0.378
57,13,1765,cnn,cifar10,randomk,32,0.001,1,1.9421901502609253,0.417
57,14,1766,cnn,cifar10,randomk,32,0.001,1,1.934053671836853,0.381
57,15,1767,cnn,cifar10,randomk,32,0.001,1,1.92216082572937,0.369
57,16,1768,cnn,cifar10,randomk,32,0.001,1,1.9297123069763185,0.341
57,17,1769,cnn,cifar10,randomk,32,0.001,1,1.959870675086975,0.4
57,18,1770,cnn,cifar10,randomk,32,0.001,1,1.9306550645828247,0.4
57,19,1771,cnn,cifar10,randomk,32,0.001,1,1.934374119758606,0.394
57,20,1772,cnn,cifar10,randomk,32,0.001,1,1.9414698600769043,0.38
57,21,1773,cnn,cifar10,randomk,32,0.001,1,1.9472881717681885,0.397
57,22,1774,cnn,cifar10,randomk,32,0.001,1,1.9459270105361939,0.389
57,23,1775,cnn,cifar10,randomk,32,0.001,1,1.9371039791107179,0.366
57,24,1776,cnn,cifar10,randomk,32,0.001,1,1.9402078981399535,0.402
57,25,1777,cnn,cifar10,randomk,32,0.001,1,1.9471485815048217,0.366
57,26,1778,cnn,cifar10,randomk,32,0.001,1,1.9268276262283326,0.381
57,27,1779,cnn,cifar10,randomk,32,0.001,1,1.901047571182251,0.419
57,28,1780,cnn,cifar10,randomk,32,0.001,1,1.9721029167175292,0.42
57,29,1781,cnn,cifar10,randomk,32,0.001,1,1.937139684677124,0.405
58,0,1782,cnn,cifar10,qsgd,1,0.001,1,1.8479900708803907,0.391
58,1,1783,cnn,cifar10,qsgd,1,0.001,1,1.837446182843414,0.442
58,2,1784,cnn,cifar10,qsgd,1,0.001,1,1.8340937566559878,0.446
58,3,1785,cnn,cifar10,qsgd,1,0.001,1,1.8197497682311805,0.417
58,4,1786,cnn,cifar10,qsgd,1,0.001,1,1.8321737640998907,0.401
58,5,1787,cnn,cifar10,qsgd,1,0.001,1,1.8336469892151654,0.364
58,6,1788,cnn,cifar10,qsgd,1,0.001,1,1.8576394907110372,0.407
58,7,1789,cnn,cifar10,qsgd,1,0.001,1,1.807413522420684,0.411
58,8,1790,cnn,cifar10,qsgd,1,0.001,1,1.8206557559780776,0.423
58,9,1791,cnn,cifar10,qsgd,1,0.001,1,1.825222609728109,0.429
58,10,1792,cnn,cifar10,qsgd,1,0.001,1,1.8171501398601104,0.391
58,11,1793,cnn,cifar10,qsgd,1,0.001,1,1.8374448737825733,0.378
58,12,1794,cnn,cifar10,qsgd,1,0.001,1,1.8333405692419038,0.394
58,13,1795,cnn,cifar10,qsgd,1,0.001,1,1.8328146158228629,0.428
58,14,1796,cnn,cifar10,qsgd,1,0.001,1,1.8602996920524164,0.396
58,15,1797,cnn,cifar10,qsgd,1,0.001,1,1.8162249137642794,0.429
58,16,1798,cnn,cifar10,qsgd,1,0.001,1,1.8285546039259062,0.369
58,17,1799,cnn,cifar10,qsgd,1,0.001,1,1.8448138477033935,0.39
58,18,1800,cnn,cifar10,qsgd,1,0.001,1,1.8445472805869068,0.421
58,19,1801,cnn,cifar10,qsgd,1,0.001,1,1.8391784517734777,0.407
58,20,1802,cnn,cifar10,qsgd,1,0.001,1,1.8370319050175603,0.366
58,21,1803,cnn,cifar10,qsgd,1,0.001,1,1.8276443775845692,0.374
58,22,1804,cnn,cifar10,qsgd,1,0.001,1,1.840755700904876,0.404
58,23,1805,cnn,cifar10,qsgd,1,0.001,1,1.8450160048541147,0.442
58,24,1806,cnn,cifar10,qsgd,1,0.001,1,1.835922258817707,0.422
58,25,1807,cnn,cifar10,qsgd,1,0.001,1,1.8411998133943417,0.381
58,26,1808,cnn,cifar10,qsgd,1,0.001,1,1.8340955672021955,0.45
58,27,1809,cnn,cifar10,qsgd,1,0.001,1,1.822048270762898,0.384
58,28,1810,cnn,cifar10,qsgd,1,0.001,1,1.8157226926595904,0.405
58,29,1811,cnn,cifar10,qsgd,1,0.001,1,1.8287086777486838,0.392
59,0,1812,cnn,cifar10,qsgd,32,0.001,1,2.0512008600234983,0.346
59,1,1813,cnn,cifar10,qsgd,32,0.001,1,2.0681494245529173,0.312
59,2,1814,cnn,cifar10,qsgd,32,0.001,1,2.067941508293152,0.361
59,3,1815,cnn,cifar10,qsgd,32,0.001,1,2.094459209442139,0.337
59,4,1816,cnn,cifar10,qsgd,32,0.001,1,2.0519174995422365,0.354
59,5,1817,cnn,cifar10,qsgd,32,0.001,1,2.0529504203796387,0.338
59,6,1818,cnn,cifar10,qsgd,32,0.001,1,2.0560580625534057,0.344
59,7,1819,cnn,cifar10,qsgd,32,0.001,1,2.0758096017837526,0.306
59,8,1820,cnn,cifar10,qsgd,32,0.001,1,2.0779820795059205,0.348
59,9,1821,cnn,cifar10,qsgd,32,0.001,1,2.056605281829834,0.27
59,10,1822,cnn,cifar10,qsgd,32,0.001,1,2.0521420059204103,0.355
59,11,1823,cnn,cifar10,qsgd,32,0.001,1,2.0600379886627196,0.338
59,12,1824,cnn,cifar10,qsgd,32,0.001,1,2.0633826503753663,0.33
59,13,1825,cnn,cifar10,qsgd,32,0.001,1,2.048169319152832,0.324
59,14,1826,cnn,cifar10,qsgd,32,0.001,1,2.084644501686096,0.282
59,15,1827,cnn,cifar10,qsgd,32,0.001,1,2.0847797231674194,0.352
59,16,1828,cnn,cifar10,qsgd,32,0.001,1,2.035355728149414,0.359
59,17,1829,cnn,cifar10,qsgd,32,0.001,1,2.048591588020325,0.34
59,18,1830,cnn,cifar10,qsgd,32,0.001,1,2.0925223360061644,0.349
59,19,1831,cnn,cifar10,qsgd,32,0.001,1,2.0575850381851195,0.328
59,20,1832,cnn,cifar10,qsgd,32,0.001,1,2.0524163455963134,0.346
59,21,1833,cnn,cifar10,qsgd,32,0.001,1,2.074412775039673,0.343
59,22,1834,cnn,cifar10,qsgd,32,0.001,1,2.0869375705718993,0.312
59,23,1835,cnn,cifar10,qsgd,32,0.001,1,2.078447014808655,0.337
59,24,1836,cnn,cifar10,qsgd,32,0.001,1,2.063423868179321,0.346
59,25,1837,cnn,cifar10,qsgd,32,0.001,1,2.103269458770752,0.328
59,26,1838,cnn,cifar10,qsgd,32,0.001,1,2.0530771989822387,0.366
59,27,1839,cnn,cifar10,qsgd,32,0.001,1,2.078521152496338,0.332
59,28,1840,cnn,cifar10,qsgd,32,0.001,1,2.0741455192565916,0.276
59,29,1841,cnn,cifar10,qsgd,32,0.001,1,2.0777438468933105,0.332
60,0,1842,vit,mnist,none,1,0.001,1,2.2954610585876436,0.236
60,1,1843,vit,mnist,none,1,0.001,1,2.2782714153337618,0.284
60,2,1844,vit,mnist,none,1,0.001,1,2.123521330238993,0.378
60,3,1845,vit,mnist,none,1,0.001,1,2.2227478727209684,0.283
60,4,1846,vit,mnist,none,1,0.001,1,2.214479215518586,0.307
60,5,1847,vit,mnist,none,1,0.001,1,2.210968160704466,0.316
60,6,1848,vit,mnist,none,1,0.001,1,2.2177201236022737,0.236
60,7,1849,vit,mnist,none,1,0.001,1,2.2365947890884708,0.212
60,8,1850,vit,mnist,none,1,0.001,1,2.2245422997332884,0.261
60,9,1851,vit,mnist,none,1,0.001,1,2.274654527497767,0.2
60,10,1852,vit,mnist,none,1,0.001,1,2.212971308630268,0.241
60,11,1853,vit,mnist,none,1,0.001,1,2.2158825500541424,0.217
60,12,1854,vit,mnist,none,1,0.001,1,2.1981655509641165,0.293
60,13,1855,vit,mnist,none,1,0.001,1,2.206983500321291,0.243
60,14,1856,vit,mnist,none,1,0.001,1,2.279144965462532,0.206
60,15,1857,vit,mnist,none,1,0.001,1,2.2895306126207213,0.219
60,16,1858,vit,mnist,none,1,0.001,1,2.0607397244548555,0.174
60,17,1859,vit,mnist,none,1,0.001,1,2.2243853268907006,0.207
60,18,1860,vit,mnist,none,1,0.001,1,2.261204042844962,0.266
60,19,1861,vit,mnist,none,1,0.001,1,2.205414407866636,0.247
60,20,1862,vit,mnist,none,1,0.001,1,2.1937516317482695,0.355
60,21,1863,vit,mnist,none,1,0.001,1,2.2379389304341113,0.253
60,22,1864,vit,mnist,none,1,0.001,1,2.2663890816721612,0.212
60,23,1865,vit,mnist,none,1,0.001,1,2.232672439591701,0.231
60,24,1866,vit,mnist,none,1,0.001,1,2.3042302373655965,0.247
60,25,1867,vit,mnist,none,1,0.001,1,2.2972871937436556,0.163
60,26,1868,vit,mnist,none,1,0.001,1,2.2239686768643705,0.218
60,27,1869,vit,mnist,none,1,0.001,1,2.2246900268787075,0.27
60,28,1870,vit,mnist,none,1,0.001,1,2.224678530369994,0.259
60,29,1871,vit,mnist,none,1,0.001,1,2.240574430831961,0.182
61,0,1872,vit,mnist,none,32,0.001,1,1.821742380142212,0.467
61,1,1873,vit,mnist,none,32,0.001,1,1.819289402961731,0.46
61,2,1874,vit,mnist,none,32,0.001,1,1.8825657348632812,0.462
61,3,1875,vit,mnist,none,32,0.001,1,1.8361996784210206,0.479
61,4,1876,vit,mnist,none,32,0.001,1,1.7925606184005738,0.484
61,5,1877,vit,mnist,none,32,0.001,1,1.8407216749191284,0.454
61,6,1878,vit,mnist,none,32,0.001,1,1.768488793373108,0.526
61,7,1879,vit,mnist,none,32,0.001,1,1.9139456443786622,0.497
61,8,1880,vit,mnist,none,32,0.001,1,1.7541795263290405,0.476
61,9,1881,vit,mnist,none,32,0.001,1,1.825490571498871,0.48
61,10,1882,vit,mnist,none,32,0.001,1,1.8270634412765503,0.426
61,11,1883,vit,mnist,none,32,0.001,1,1.8061358728408814,0.447
61,12,1884,vit,mnist,none,32,0.001,1,1.876615668296814,0.42
61,13,1885,vit,mnist,none,32,0.001,1,1.7639318542480469,0.44
61,14,1886,vit,mnist,none,32,0.001,1,1.7763596630096437,0.415
61,15,1887,vit,mnist,none,32,0.001,1,1.7927245197296142,0.526
61,16,1888,vit,mnist,none,32,0.001,1,1.7860038928985595,0.474
61,17,1889,vit,mnist,none,32,0.001,1,1.7611882677078248,0.475
61,18,1890,vit,mnist,none,32,0.001,1,1.7716455125808717,0.445
61,19,1891,vit,mnist,none,32,0.001,1,1.7865674848556519,0.504
61,20,1892,vit,mnist,none,32,0.001,1,1.8044781093597413,0.427
61,21,1893,vit,mnist,none,32,0.001,1,1.7562581782341002,0.459
61,22,1894,vit,mnist,none,32,0.001,1,1.7603722219467164,0.462
61,23,1895,vit,mnist,none,32,0.001,1,1.8105168151855469,0.496
61,24,1896,vit,mnist,none,32,0.001,1,1.7886482639312744,0.423
61,25,1897,vit,mnist,none,32,0.001,1,1.8054229831695556,0.437
61,26,1898,vit,mnist,none,32,0.001,1,1.7930739650726317,0.505
61,27,1899,vit,mnist,none,32,0.001,1,1.8507485752105712,0.402
61,28,1900,vit,mnist,none,32,0.001,1,1.7940052642822266,0.429
61,29,1901,vit,mnist,none,32,0.001,1,1.7997849292755126,0.48
62,0,1902,vit,mnist,topk,1,0.001,1,2.2289487701645556,0.293
62,1,1903,vit,mnist,topk,1,0.001,1,2.163674458708214,0.289
62,2,1904,vit,mnist,topk,1,0.001,1,2.144824984812169,0.285
62,3,1905,vit,mnist,topk,1,0.001,1,2.1850844209149023,0.306
62,4,1906,vit,mnist,topk,1,0.001,1,2.1776539739476393,0.266
62,5,1907,vit,mnist,topk,1,0.001,1,2.1975303674397435,0.327
62,6,1908,vit,mnist,topk,1,0.001,1,2.239036846463074,0.249
62,7,1909,vit,mnist,topk,1,0.001,1,2.22235921766356,0.343
62,8,1910,vit,mnist,topk,1,0.001,1,2.2205805302736583,0.275
62,9,1911,vit,mnist,topk,1,0.001,1,2.168110723170419,0.345
62,10,1912,vit,mnist,topk,1,0.001,1,2.147587091962534,0.376
62,11,1913,vit,mnist,topk,1,0.001,1,2.1913353833840663,0.282
62,12,1914,vit,mnist,topk,1,0.001,1,2.174857136502771,0.256
62,13,1915,vit,mnist,topk,1,0.001,1,2.119140926416926,0.408
62,14,1916,vit,mnist,topk,1,0.001,1,2.1937204006260327,0.295
62,15,1917,vit,mnist,topk,1,0.001,1,2.2644056758992566,0.282
62,16,1918,vit,mnist,topk,1,0.001,1,2.232466392242288,0.288
62,17,1919,vit,mnist,topk,1,0.001,1,2.2074784530823055,0.276
62,18,1920,vit,mnist,topk,1,0.001,1,2.179844627970905,0.325
62,19,1921,vit,mnist,topk,1,0.001,1,2.2129922099393333,0.287
62,20,1922,vit,mnist,topk,1,0.001,1,2.2643627593992717,0.235
62,21,1923,vit,mnist,topk,1,0.001,1,2.201944012522562,0.314
62,22,1924,vit,mnist,topk,1,0.001,1,2.1859489214220305,0.308
62,23,1925,vit,mnist,topk,1,0.001,1,2.140407893555639,0.315
62,24,1926,vit,mnist,topk,1,0.001,1,2.1742096149055214,0.264
62,25,1927,vit,mnist,topk,1,0.001,1,2.206010884422477,0.276
62,26,1928,vit,mnist,topk,1,0.001,1,2.236543676337198,0.296
62,27,1929,vit,mnist,topk,1,0.001,1,2.2393127262606867,0.282
62,28,1930,vit,mnist,topk,1,0.001,1,2.136336296748681,0.311
62,29,1931,vit,mnist,topk,1,0.001,1,2.2283373156812196,0.211
63,0,1932,vit,mnist,topk,32,0.001,1,1.917281189918518,0.384
63,1,1933,vit,mnist,topk,32,0.001,1,1.8672481060028077,0.39
63,2,1934,vit,mnist,topk,32,0.001,1,1.9232544136047363,0.357
63,3,1935,vit,mnist,topk,32,0.001,1,1.9378296918869018,0.381
63,4,1936,vit,mnist,topk,32,0.001,1,1.906900592803955,0.396
63,5,1937,vit,mnist,topk,32,0.001,1,2.0016768074035642,0.357
63,6,1938,vit,mnist,topk,32,0.001,1,1.879374402999878,0.378
63,7,1939,vit,mnist,topk,32,0.001,1,1.903990858078003,0.4
63,8,1940,vit,mnist,topk,32,0.001,1,1.9173382844924927,0.37
63,9,1941,vit,mnist,topk,32,0.001,1,1.9212484931945801,0.411
63,10,1942,vit,mnist,topk,32,0.001,1,1.8965865812301637,0.39
63,11,1943,vit,mnist,topk,32,0.001,1,1.9503386993408203,0.36
63,12,1944,vit,mnist,topk,32,0.001,1,1.910902756690979,0.32
63,13,1945,vit,mnist,topk,32,0.001,1,1.9554636087417603,0.42
63,14,1946,vit,mnist,topk,32,0.001,1,1.9671737670898437,0.369
63,15,1947,vit,mnist,topk,32,0.001,1,1.9526630821228028,0.404
63,16,1948,vit,mnist,topk,32,0.001,1,1.913779372215271,0.427
63,17,1949,vit,mnist,topk,32,0.001,1,1.9021684226989746,0.421
63,18,1950,vit,mnist,topk,32,0.001,1,1.985943769454956,0.352
63,19,1951,vit,mnist,topk,32,0.001,1,1.9236808919906616,0.38
63,20,1952,vit,mnist,topk,32,0.001,1,1.956725793838501,0.386
63,21,1953,vit,mnist,topk,32,0.001,1,1.9031200189590454,0.358
63,22,1954,vit,mnist,topk,32,0.001,1,1.8594642467498779,0.377
63,23,1955,vit,mnist,topk,32,0.001,1,1.9398451862335204,0.397
63,24,1956,vit,mnist,topk,32,0.001,1,1.941147647857666,0.354
63,25,1957,vit,mnist,topk,32,0.001,1,1.9158652381896972,0.378
63,26,1958,vit,mnist,topk,32,0.001,1,1.8687373600006103,0.399
63,27,1959,vit,mnist,topk,32,0.001,1,1.9573036031723023,0.388
63,28,1960,vit,mnist,topk,32,0.001,1,1.9317008008956909,0.394
63,29,1961,vit,mnist,topk,32,0.001,1,1.9563959856033326,0.356
64,0,1962,vit,mnist,dpsgd,1,0.001,1,2.574342432308942,0.166
64,1,1963,vit,mnist,dpsgd,1,0.001,1,2.5000642030388116,0.189
64,2,1964,vit,mnist,dpsgd,1,0.001,1,2.5146273634433745,0.12
64,3,1965,vit,mnist,dpsgd,1,0.001,1,2.578186358824372,0.202
64,4,1966,vit,mnist,dpsgd,1,0.001,1,2.5856834048330786,0.099
64,5,1967,vit,mnist,dpsgd,1,0.001,1,2.520365372158587,0.123
64,6,1968,vit,mnist,dpsgd,1,0.001,1,2.6041306166946887,0.089
64,7,1969,vit,mnist,dpsgd,1,0.001,1,2.5880089870840313,0.145
64,8,1970,vit,mnist,dpsgd,1,0.001,1,2.534957157600671,0.177
64,9,1971,vit,mnist,dpsgd,1,0.001,1,2.524602434054017,0.118
64,10,1972,vit,mnist,dpsgd,1,0.001,1,2.53271642074734,0.15
64,11,1973,vit,mnist,dpsgd,1,0.001,1,2.5304064044877888,0.115
64,12,1974,vit,mnist,dpsgd,1,0.001,1,2.5313462716192006,0.154
64,13,1975,vit,mnist,dpsgd,1,0.001,1,2.501010159453377,0.145
64,14,1976,vit,mnist,dpsgd,1,0.001,1,2.5677605827599765,0.132
64,15,1977,vit,mnist,dpsgd,1,0.001,1,2.5530675246864556,0.105
64,16,1978,vit,mnist,dpsgd,1,0.001,1,2.466558404572308,0.148
64,17,1979,vit,mnist,dpsgd,1,0.001,1,2.469615877829492,0.14
64,18,1980,vit,mnist,dpsgd,1,0.001,1,2.533779516607523,0.113
64,19,1981,vit,mnist,dpsgd,1,0.001,1,2.529020894885063,0.152
64,20,1982,vit,mnist,dpsgd,1,0.001,1,2.5903387663438915,0.117
64,21,1983,vit,mnist,dpsgd,1,0.001,1,2.5640656285509467,0.221
64,22,1984,vit,mnist,dpsgd,1,0.001,1,2.548959751427174,0.107
64,23,1985,vit,mnist,dpsgd,1,0.001,1,2.5087715088501574,0.09
64,24,1986,vit,mnist,dpsgd,1,0.001,1,2.5494758234098556,0.11
64,25,1987,vit,mnist,dpsgd,1,0.001,1,2.584761019915342,0.098
64,26,1988,vit,mnist,dpsgd,1,0.001,1,2.5213260266147555,0.194
64,27,1989,vit,mnist,dpsgd,1,0.001,1,2.539599980264902,0.192
64,28,1990,vit,mnist,dpsgd,1,0.001,1,2.569834227677435,0.088
64,29,1991,vit,mnist,dpsgd,1,0.001,1,2.496765076443553,0.096
65,0,1992,vit,mnist,dpsgd,32,0.001,1,2.3765435161590576,0.113
65,1,1993,vit,mnist,dpsgd,32,0.001,1,2.3955456943511964,0.08
65,2,1994,vit,mnist,dpsgd,32,0.001,1,2.3720434055328368,0.095
65,3,1995,vit,mnist,dpsgd,32,0.001,1,2.327387742996216,0.17
65,4,1996,vit,mnist,dpsgd,32,0.001,1,2.437519428253174,0.156
65,5,1997,vit,mnist,dpsgd,32,0.001,1,2.5070523433685303,0.062
65,6,1998,vit,mnist,dpsgd,32,0.001,1,2.3650753402709963,0.168
65,7,1999,vit,mnist,dpsgd,32,0.001,1,2.3691210384368895,0.197
65,8,2000,vit,mnist,dpsgd,32,0.001,1,2.409576290130615,0.113
65,9,2001,vit,mnist,dpsgd,32,0.001,1,2.3821068534851073,0.121
65,10,2002,vit,mnist,dpsgd,32,0.001,1,2.398861228942871,0.08
65,11,2003,vit,mnist,dpsgd,32,0.001,1,2.3657573738098145,0.098
65,12,2004,vit,mnist,dpsgd,32,0.001,1,2.485725044250488,0.181
65,13,2005,vit,mnist,dpsgd,32,0.001,1,2.3793497104644774,0.092
65,14,2006,vit,mnist,dpsgd,32,0.001,1,2.371878870010376,0.073
65,15,2007,vit,mnist,dpsgd,32,0.001,1,2.433637523651123,0.205
65,16,2008,vit,mnist,dpsgd,32,0.001,1,2.471376459121704,0.094
65,17,2009,vit,mnist,dpsgd,32,0.001,1,2.394267696380615,0.139
65,18,2010,vit,mnist,dpsgd,32,0.001,1,2.396428922653198,0.109
65,19,2011,vit,mnist,dpsgd,32,0.001,1,2.422494710922241,0.087
65,20,2012,vit,mnist,dpsgd,32,0.001,1,2.37296413230896,0.105
65,21,2013,vit,mnist,dpsgd,32,0.001,1,2.3927835159301756,0.088
65,22,2014,vit,mnist,dpsgd,32,0.001,1,2.333926992416382,0.167
65,23,2015,vit,mnist,dpsgd,32,0.001,1,2.3664222469329834,0.123
65,24,2016,vit,mnist,dpsgd,32,0.001,1,2.397519245147705,0.088
65,25,2017,vit,mnist,dpsgd,32,0.001,1,2.340975589752197,0.124
65,26,2018,vit,mnist,dpsgd,32,0.001,1,2.343289545059204,0.171
65,27,2019,vit,mnist,dpsgd,32,0.001,1,2.391341007232666,0.1
65,28,2020,vit,mnist,dpsgd,32,0.001,1,2.368029375076294,0.115
65,29,2021,vit,mnist,dpsgd,32,0.001,1,2.3028271808624265,0.198
66,0,2022,vit,mnist,randomk,1,0.001,1,1.8935063095666493,0.437
66,1,2023,vit,mnist,randomk,1,0.001,1,1.9534610693087424,0.409
66,2,2024,vit,mnist,randomk,1,0.001,1,1.948405921162413,0.417
66,3,2025,vit,mnist,randomk,1,0.001,1,1.931286897715742,0.492
66,4,2026,vit,mnist,randomk,1,0.001,1,1.9149415373779148,0.287
66,5,2027,vit,mnist,randomk,1,0.001,1,1.930030121632646,0.396
66,6,2028,vit,mnist,randomk,1,0.001,1,1.875629763121387,0.462
66,7,2029,vit,mnist,randomk,1,0.001,1,1.9873176393472722,0.286
66,8,2030,vit,mnist,randomk,1,0.001,1,1.9112515870029507,0.464
66,9,2031,vit,mnist,randomk,1,0.001,1,1.9258858125315272,0.472
66,10,2032,vit,mnist,randomk,1,0.001,1,1.9408051665621766,0.472
66,11,2033,vit,mnist,randomk,1,0.001,1,1.9999162764956109,0.449
66,12,2034,vit,mnist,randomk,1,0.001,1,1.9329122266597978,0.423
66,13,2035,vit,mnist,randomk,1,0.001,1,1.9878458145660238,0.397
66,14,2036,vit,mnist,randomk,1,0.001,1,1.8876717954618796,0.457
66,15,2037,vit,mnist,randomk,1,0.001,1,1.9400969565869595,0.45
66,16,2038,vit,mnist,randomk,1,0.001,1,1.954861332716299,0.432
66,17,2039,vit,mnist,randomk,1,0.001,1,1.8937167565594402,0.504
66,18,2040,vit,mnist,randomk,1,0.001,1,1.9132281161151896,0.448
66,19,2041,vit,mnist,randomk,1,0.001,1,1.908220010877828,0.418
66,20,2042,vit,mnist,randomk,1,0.001,1,1.9330818385462853,0.387
66,21,2043,vit,mnist,randomk,1,0.001,1,1.9417923661413936,0.483
66,22,2044,vit,mnist,randomk,1,0.001,1,1.9706208457047814,0.363
66,23,2045,vit,mnist,randomk,1,0.001,1,1.9348212361757402,0.41
66,24,2046,vit,mnist,randomk,1,0.001,1,1.9575995512564972,0.461
66,25,2047,vit,mnist,randomk,1,0.001,1,1.964099291580209,0.378
66,26,2048,vit,mnist,randomk,1,0.001,1,1.9493860035227417,0.412
66,27,2049,vit,mnist,randomk,1,0.001,1,1.948803164519484,0.39
66,28,2050,vit,mnist,randomk,1,0.001,1,1.9427038818794018,0.427
66,29,2051,vit,mnist,randomk,1,0.001,1,1.9706833464611226,0.396
67,0,2052,vit,mnist,randomk,32,0.001,1,1.8408484230041504,0.435
67,1,2053,vit,mnist,randomk,32,0.001,1,1.9027250900268555,0.415
67,2,2054,vit,mnist,randomk,32,0.001,1,1.879210536956787,0.448
67,3,2055,vit,mnist,randomk,32,0.001,1,1.8917178211212158,0.371
67,4,2056,vit,mnist,randomk,32,0.001,1,1.8368332424163818,0.421
67,5,2057,vit,mnist,randomk,32,0.001,1,1.8659757118225098,0.416
67,6,2058,vit,mnist,randomk,32,0.001,1,1.9699396677017211,0.41
67,7,2059,vit,mnist,randomk,32,0.001,1,1.90557515335083,0.335
67,8,2060,vit,mnist,randomk,32,0.001,1,1.911495470046997,0.37
67,9,2061,vit,mnist,randomk,32,0.001,1,1.827845534324646,0.475
67,10,2062,vit,mnist,randomk,32,0.001,1,1.8762117671966552,0.421
67,11,2063,vit,mnist,randomk,32,0.001,1,1.9304931735992432,0.378
67,12,2064,vit,mnist,randomk,32,0.001,1,1.9312191143035888,0.404
67,13,2065,vit,mnist,randomk,32,0.001,1,1.931791293144226,0.403
67,14,2066,vit,mnist,randomk,32,0.001,1,1.8867945623397828,0.439
67,15,2067,vit,mnist,randomk,32,0.001,1,1.878685604095459,0.439
67,16,2068,vit,mnist,randomk,32,0.001,1,1.9411977519989014,0.392
67,17,2069,vit,mnist,randomk,32,0.001,1,1.994566948890686,0.395
67,18,2070,vit,mnist,randomk,32,0.001,1,1.910001190185547,0.398
67,19,2071,vit,mnist,randomk,32,0.001,1,1.9235302877426148,0.456
67,20,2072,vit,mnist,randomk,32,0.001,1,1.8839434862136841,0.372
67,21,2073,vit,mnist,randomk,32,0.001,1,1.8822521810531616,0.425
67,22,2074,vit,mnist,randomk,32,0.001,1,1.9669964570999146,0.355
67,23,2075,vit,mnist,randomk,32,0.001,1,1.9036656637191773,0.434
67,24,2076,vit,mnist,randomk,32,0.001,1,1.8976138620376586,0.403
67,25,2077,vit,mnist,randomk,32,0.001,1,1.9283299684524535,0.434
67,26,2078,vit,mnist,randomk,32,0.001,1,1.9617650728225708,0.417
67,27,2079,vit,mnist,randomk,32,0.001,1,1.873509313583374,0.449
67,28,2080,vit,mnist,randomk,32,0.001,1,1.88542555809021,0.358
67,29,2081,vit,mnist,randomk,32,0.001,1,1.8629403629302979,0.456
68,0,2082,vit,mnist,qsgd,1,0.001,1,1.9696008895403538,0.308
68,1,2083,vit,mnist,qsgd,1,0.001,1,1.9411940736085416,0.375
68,2,2084,vit,mnist,qsgd,1,0.001,1,1.8872720803119691,0.402
68,3,2085,vit,mnist,qsgd,1,0.001,1,1.9027303872387737,0.384
68,4,2086,vit,mnist,qsgd,1,0.001,1,1.96071763614303,0.427
68,5,2087,vit,mnist,qsgd,1,0.001,1,1.9124027496853695,0.404
68,6,2088,vit,mnist,qsgd,1,0.001,1,1.9372868046005673,0.372
68,7,2089,vit,mnist,qsgd,1,0.001,1,1.9383827719081377,0.402
68,8,2090,vit,mnist,qsgd,1,0.001,1,1.9139726626406466,0.44
68,9,2091,vit,mnist,qsgd,1,0.001,1,1.9067098377532712,0.407
68,10,2092,vit,mnist,qsgd,1,0.001,1,1.901128750494082,0.407
68,11,2093,vit,mnist,qsgd,1,0.001,1,1.9026014518187082,0.348
68,12,2094,vit,mnist,qsgd,1,0.001,1,1.886423924072571,0.384
68,13,2095,vit,mnist,qsgd,1,0.001,1,1.9395830911843914,0.427
68,14,2096,vit,mnist,qsgd,1,0.001,1,1.9270730998352101,0.389
68,15,2097,vit,mnist,qsgd,1,0.001,1,1.9140286895795706,0.405
68,16,2098,vit,mnist,qsgd,1,0.001,1,1.9047593568121857,0.421
68,17,2099,vit,mnist,qsgd,1,0.001,1,1.897888229454804,0.423
68,18,2100,vit,mnist,qsgd,1,0.001,1,1.9461860122270664,0.437
68,19,2101,vit,mnist,qsgd,1,0.001,1,1.9009776267876441,0.398
68,20,2102,vit,mnist,qsgd,1,0.001,1,1.8986089399884405,0.401
68,21,2103,vit,mnist,qsgd,1,0.001,1,1.9512101797017312,0.374
68,22,2104,vit,mnist,qsgd,1,0.001,1,1.875657566676191,0.453
68,23,2105,vit,mnist,qsgd,1,0.001,1,1.9036806635221728,0.462
68,24,2106,vit,mnist,qsgd,1,0.001,1,1.884965127730774,0.428
68,25,2107,vit,mnist,qsgd,1,0.001,1,1.9252558807548212,0.329
68,26,2108,vit,mnist,qsgd,1,0.001,1,1.9349684602875323,0.371
68,27,2109,vit,mnist,qsgd,1,0.001,1,1.9187401634982149,0.426
68,28,2110,vit,mnist,qsgd,1,0.001,1,1.898235246776026,0.399
68,29,2111,vit,mnist,qsgd,1,0.001,1,1.9086774565551787,0.412
69,0,2112,vit,mnist,qsgd,32,0.001,1,2.0873103036880494,0.328
69,1,2113,vit,mnist,qsgd,32,0.001,1,2.022201859474182,0.329
69,2,2114,vit,mnist,qsgd,32,0.001,1,2.047845099449158,0.365
69,3,2115,vit,mnist,qsgd,32,0.001,1,2.0907453746795652,0.356
69,4,2116,vit,mnist,qsgd,32,0.001,1,2.001290265083313,0.353
69,5,2117,vit,mnist,qsgd,32,0.001,1,2.0148176794052124,0.361
69,6,2118,vit,mnist,qsgd,32,0.001,1,2.011066831588745,0.34
69,7,2119,vit,mnist,qsgd,32,0.001,1,2.0132875957489014,0.387
69,8,2120,vit,mnist,qsgd,32,0.001,1,2.1029107398986815,0.32
69,9,2121,vit,mnist,qsgd,32,0.001,1,2.047070562362671,0.365
69,10,2122,vit,mnist,qsgd,32,0.001,1,2.027341064453125,0.341
69,11,2123,vit,mnist,qsgd,32,0.001,1,1.9893247451782226,0.349
69,12,2124,vit,mnist,qsgd,32,0.001,1,2.022768084526062,0.357
69,13,2125,vit,mnist,qsgd,32,0.001,1,1.9683072643280028,0.359
69,14,2126,vit,mnist,qsgd,32,0.001,1,2.098297183036804,0.383
69,15,2127,vit,mnist,qsgd,32,0.001,1,1.9846049938201904,0.37
69,16,2128,vit,mnist,qsgd,32,0.001,1,2.0647245492935182,0.343
69,17,2129,vit,mnist,qsgd,32,0.001,1,2.1001088066101072,0.324
69,18,2130,vit,mnist,qsgd,32,0.001,1,2.0074731302261353,0.343
69,19,2131,vit,mnist,qsgd,32,0.001,1,2.0382173538208006,0.32
69,20,2132,vit,mnist,qsgd,32,0.001,1,2.0376628189086916,0.339
69,21,2133,vit,mnist,qsgd,32,0.001,1,2.0302086753845217,0.358
69,22,2134,vit,mnist,qsgd,32,0.001,1,2.1162981805801393,0.302
69,23,2135,vit,mnist,qsgd,32,0.001,1,2.0581331930160522,0.37
69,24,2136,vit,mnist,qsgd,32,0.001,1,2.0160818853378295,0.352
69,25,2137,vit,mnist,qsgd,32,0.001,1,1.9853572883605957,0.376
69,26,2138,vit,mnist,qsgd,32,0.001,1,2.0788147649765016,0.353
69,27,2139,vit,mnist,qsgd,32,0.001,1,2.0806836261749266,0.332
69,28,2140,vit,mnist,qsgd,32,0.001,1,2.0409868383407592,0.338
69,29,2141,vit,mnist,qsgd,32,0.001,1,2.0329470853805542,0.357
70,0,2142,vit,fashion-mnist,none,1,0.001,1,1.9416143245075073,0.356
70,1,2143,vit,fashion-mnist,none,1,0.001,1,1.7849296732828435,0.465
70,2,2144,vit,fashion-mnist,none,1,0.001,1,1.9076486887025021,0.462
70,3,2145,vit,fashion-mnist,none,1,0.001,1,1.9429477109300033,0.389
70,4,2146,vit,fashion-mnist,none,1,0.001,1,1.9770740168954017,0.416
70,5,2147,vit,fashion-mnist,none,1,0.001,1,1.83558407080212,0.453
70,6,2148,vit,fashion-mnist,none,1,0.001,1,1.926168854435538,0.358
70,7,2149,vit,fashion-mnist,none,1,0.001,1,1.922974686861755,0.539
70,8,2150,vit,fashion-mnist,none,1,0.001,1,1.8355194607436534,0.425
70,9,2151,vit,fashion-mnist,none,1,0.001,1,1.8736203282795467,0.409
70,10,2152,vit,fashion-mnist,none,1,0.001,1,1.85974046679385,0.43
70,11,2153,vit,fashion-mnist,none,1,0.001,1,1.901445259243339,0.319
70,12,2154,vit,fashion-mnist,none,1,0.001,1,1.8603629174735452,0.482
70,13,2155,vit,fashion-mnist,none,1,0.001,1,1.898292885624608,0.417
70,14,2156,vit,fashion-mnist,none,1,0.001,1,1.8872599642310397,0.418
70,15,2157,vit,fashion-mnist,none,1,0.001,1,1.8419839394545425,0.363
70,16,2158,vit,fashion-mnist,none,1,0.001,1,1.8803867609065492,0.46
70,17,2159,vit,fashion-mnist,none,1,0.001,1,1.825877811656132,0.395
70,18,2160,vit,fashion-mnist,none,1,0.001,1,1.8618612955464924,0.451
70,19,2161,vit,fashion-mnist,none,1,0.001,1,1.8823301925594897,0.426
70,20,2162,vit,fashion-mnist,none,1,0.001,1,1.8802580244930722,0.406
70,21,2163,vit,fashion-mnist,none,1,0.001,1,1.863141951838541,0.459
70,22,2164,vit,fashion-mnist,none,1,0.001,1,1.8841376312523752,0.402
70,23,2165,vit,fashion-mnist,none,1,0.001,1,1.8964709455439297,0.416
70,24,2166,vit,fashion-mnist,none,1,0.001,1,1.9105012235253962,0.315
70,25,2167,vit,fashion-mnist,none,1,0.001,1,1.9208042522922797,0.318
70,26,2168,vit,fashion-mnist,none,1,0.001,1,1.9057826895713752,0.43
70,27,2169,vit,fashion-mnist,none,1,0.001,1,1.921242708749518,0.339
70,28,2170,vit,fashion-mnist,none,1,0.001,1,1.9021426073751426,0.461
70,29,2171,vit,fashion-mnist,none,1,0.001,1,1.8785515210766426,0.372
71,0,2172,vit,fashion-mnist,none,32,0.001,1,1.4578749084472655,0.58
71,1,2173,vit,fashion-mnist,none,32,0.001,1,1.4039430890083313,0.623
71,2,2174,vit,fashion-mnist,none,32,0.001,1,1.4323613414764405,0.611
71,3,2175,vit,fashion-mnist,none,32,0.001,1,1.4081210894584655,0.584
71,4,2176,vit,fashion-mnist,none,32,0.001,1,1.4833963747024537,0.571
71,5,2177,vit,fashion-mnist,none,32,0.001,1,1.3996136202812195,0.663
71,6,2178,vit,fashion-mnist,none,32,0.001,1,1.3661016364097596,0.597
71,7,2179,vit,fashion-mnist,none,32,0.001,1,1.485833523750305,0.598
71,8,2180,vit,fashion-mnist,none,32,0.001,1,1.4401818928718566,0.573
71,9,2181,vit,fashion-mnist,none,32,0.001,1,1.3994565696716308,0.632
71,10,2182,vit,fashion-mnist,none,32,0.001,1,1.397394995689392,0.598
71,11,2183,vit,fashion-mnist,none,32,0.001,1,1.4266884474754333,0.528
71,12,2184,vit,fashion-mnist,none,32,0.001,1,1.426307240486145,0.597
71,13,2185,vit,fashion-mnist,none,32,0.001,1,1.4297544012069703,0.635
71,14,2186,vit,fashion-mnist,none,32,0.001,1,1.4575932593345642,0.581
71,15,2187,vit,fashion-mnist,none,32,0.001,1,1.4260142831802367,0.619
71,16,2188,vit,fashion-mnist,none,32,0.001,1,1.4721228590011597,0.57
71,17,2189,vit,fashion-mnist,none,32,0.001,1,1.4475207300186157,0.601
71,18,2190,vit,fashion-mnist,none,32,0.001,1,1.4639807500839233,0.582
71,19,2191,vit,fashion-mnist,none,32,0.001,1,1.4676338167190552,0.569
71,20,2192,vit,fashion-mnist,none,32,0.001,1,1.4594793481826782,0.634
71,21,2193,vit,fashion-mnist,none,32,0.001,1,1.4149991526603698,0.625
71,22,2194,vit,fashion-mnist,none,32,0.001,1,1.388181737422943,0.582
71,23,2195,vit,fashion-mnist,none,32,0.001,1,1.4703140153884888,0.606
71,24,2196,vit,fashion-mnist,none,32,0.001,1,1.4246994066238403,0.61
71,25,2197,vit,fashion-mnist,none,32,0.001,1,1.4236365132331847,0.601
71,26,2198,vit,fashion-mnist,none,32,0.001,1,1.3830607571601867,0.614
71,27,2199,vit,fashion-mnist,none,32,0.001,1,1.424116572380066,0.59
71,28,2200,vit,fashion-mnist,none,32,0.001,1,1.4795242128372192,0.603
71,29,2201,vit,fashion-mnist,none,32,0.001,1,1.4544486927986144,0.594
72,0,2202,vit,fashion-mnist,topk,1,0.001,1,1.8528550751864132,0.36
72,1,2203,vit,fashion-mnist,topk,1,0.001,1,1.8744294001351844,0.392
72,2,2204,vit,fashion-mnist,topk,1,0.001,1,1.8850878974600673,0.384
72,3,2205,vit,fashion-mnist,topk,1,0.001,1,1.8229139122962332,0.478
72,4,2206,vit,fashion-mnist,topk,1,0.001,1,1.8794348146726698,0.365
72,5,2207,vit,fashion-mnist,topk,1,0.001,1,1.9042428441037174,0.333
72,6,2208,vit,fashion-mnist,topk,1,0.001,1,1.8860186103728775,0.421
72,7,2209,vit,fashion-mnist,topk,1,0.001,1,1.8617772624345525,0.428
72,8,2210,vit,fashion-mnist,topk,1,0.001,1,1.830127237913155,0.484
72,9,2211,vit,fashion-mnist,topk,1,0.001,1,1.887389604134045,0.431
72,10,2212,vit,fashion-mnist,topk,1,0.001,1,1.8557087752503731,0.371
72,11,2213,vit,fashion-mnist,topk,1,0.001,1,1.831249873411392,0.358
72,12,2214,vit,fashion-mnist,topk,1,0.001,1,1.7877372397160842,0.472
72,13,2215,vit,fashion-mnist,topk,1,0.001,1,1.850591768117988,0.437
72,14,2216,vit,fashion-mnist,topk,1,0.001,1,1.8984607234677424,0.415
72,15,2217,vit,fashion-mnist,topk,1,0.001,1,1.8428536054472957,0.44
72,16,2218,vit,fashion-mnist,topk,1,0.001,1,1.9405835672979501,0.432
72,17,2219,vit,fashion-mnist,topk,1,0.001,1,1.8623131045855643,0.358
72,18,2220,vit,fashion-mnist,topk,1,0.001,1,1.890526684507964,0.348
72,19,2221,vit,fashion-mnist,topk,1,0.001,1,1.8549468767204889,0.389
72,20,2222,vit,fashion-mnist,topk,1,0.001,1,1.838979074359354,0.445
72,21,2223,vit,fashion-mnist,topk,1,0.001,1,1.9038636387892112,0.367
72,22,2224,vit,fashion-mnist,topk,1,0.001,1,1.7671796105462814,0.453
72,23,2225,vit,fashion-mnist,topk,1,0.001,1,1.8227465379456163,0.396
72,24,2226,vit,fashion-mnist,topk,1,0.001,1,1.8225782775400658,0.39
72,25,2227,vit,fashion-mnist,topk,1,0.001,1,1.848648187038416,0.447
72,26,2228,vit,fashion-mnist,topk,1,0.001,1,1.8558542141659018,0.46
72,27,2229,vit,fashion-mnist,topk,1,0.001,1,1.8734162571712587,0.468
72,28,2230,vit,fashion-mnist,topk,1,0.001,1,1.8765806494311819,0.272
72,29,2231,vit,fashion-mnist,topk,1,0.001,1,1.8555430804880306,0.444
73,0,2232,vit,fashion-mnist,topk,32,0.001,1,1.5120518379211425,0.588
73,1,2233,vit,fashion-mnist,topk,32,0.001,1,1.5275156512260437,0.558
73,2,2234,vit,fashion-mnist,topk,32,0.001,1,1.58233221244812,0.567
73,3,2235,vit,fashion-mnist,topk,32,0.001,1,1.5588977184295654,0.559
73,4,2236,vit,fashion-mnist,topk,32,0.001,1,1.510043975830078,0.575
73,5,2237,vit,fashion-mnist,topk,32,0.001,1,1.5743675971031188,0.528
73,6,2238,vit,fashion-mnist,topk,32,0.001,1,1.5633729343414307,0.522
73,7,2239,vit,fashion-mnist,topk,32,0.001,1,1.6218900165557861,0.546
73,8,2240,vit,fashion-mnist,topk,32,0.001,1,1.4933719563484191,0.574
73,9,2241,vit,fashion-mnist,topk,32,0.001,1,1.6126898674964905,0.555
73,10,2242,vit,fashion-mnist,topk,32,0.001,1,1.6140414323806762,0.534
73,11,2243,vit,fashion-mnist,topk,32,0.001,1,1.531677067756653,0.578
73,12,2244,vit,fashion-mnist,topk,32,0.001,1,1.5653196048736573,0.552
73,13,2245,vit,fashion-mnist,topk,32,0.001,1,1.543879379272461,0.514
73,14,2246,vit,fashion-mnist,topk,32,0.001,1,1.5303373193740846,0.579
73,15,2247,vit,fashion-mnist,topk,32,0.001,1,1.5004819979667663,0.554
73,16,2248,vit,fashion-mnist,topk,32,0.001,1,1.5210315217971802,0.548
73,17,2249,vit,fashion-mnist,topk,32,0.001,1,1.5667956686019897,0.538
73,18,2250,vit,fashion-mnist,topk,32,0.001,1,1.5617813405990602,0.541
73,19,2251,vit,fashion-mnist,topk,32,0.001,1,1.4995302782058715,0.588
73,20,2252,vit,fashion-mnist,topk,32,0.001,1,1.510264497756958,0.573
73,21,2253,vit,fashion-mnist,topk,32,0.001,1,1.528404248714447,0.574
73,22,2254,vit,fashion-mnist,topk,32,0.001,1,1.5475943593978883,0.549
73,23,2255,vit,fashion-mnist,topk,32,0.001,1,1.6144154109954834,0.573
73,24,2256,vit,fashion-mnist,topk,32,0.001,1,1.527913649559021,0.545
73,25,2257,vit,fashion-mnist,topk,32,0.001,1,1.5052471299171448,0.568
73,26,2258,vit,fashion-mnist,topk,32,0.001,1,1.552408489227295,0.577
73,27,2259,vit,fashion-mnist,topk,32,0.001,1,1.5317572903633119,0.582
73,28,2260,vit,fashion-mnist,topk,32,0.001,1,1.601109353542328,0.55
73,29,2261,vit,fashion-mnist,topk,32,0.001,1,1.52089213514328,0.604
74,0,2262,vit,fashion-mnist,dpsgd,1,0.001,1,2.4346142490748317,0.167
74,1,2263,vit,fashion-mnist,dpsgd,1,0.001,1,2.400606702387333,0.181
74,2,2264,vit,fashion-mnist,dpsgd,1,0.001,1,2.4118005451140925,0.201
74,3,2265,vit,fashion-mnist,dpsgd,1,0.001,1,2.4549993433989585,0.206
74,4,2266,vit,fashion-mnist,dpsgd,1,0.001,1,2.418851618940011,0.207
74,5,2267,vit,fashion-mnist,dpsgd,1,0.001,1,2.509334658768028,0.201
74,6,2268,vit,fashion-mnist,dpsgd,1,0.001,1,2.4437714849626646,0.249
74,7,2269,vit,fashion-mnist,dpsgd,1,0.001,1,2.426739682733081,0.103
74,8,2270,vit,fashion-mnist,dpsgd,1,0.001,1,2.4109105486571787,0.19
74,9,2271,vit,fashion-mnist,dpsgd,1,0.001,1,2.4583838104978204,0.238
74,10,2272,vit,fashion-mnist,dpsgd,1,0.001,1,2.456835183378309,0.126
74,11,2273,vit,fashion-mnist,dpsgd,1,0.001,1,2.4040535837933423,0.162
74,12,2274,vit,fashion-mnist,dpsgd,1,0.001,1,2.5574772350378336,0.206
74,13,2275,vit,fashion-mnist,dpsgd,1,0.001,1,2.461675316940993,0.1
74,14,2276,vit,fashion-mnist,dpsgd,1,0.001,1,2.440177799835801,0.156
74,15,2277,vit,fashion-mnist,dpsgd,1,0.001,1,2.463603272549808,0.146
74,16,2278,vit,fashion-mnist,dpsgd,1,0.001,1,2.4987386330999435,0.158
74,17,2279,vit,fashion-mnist,dpsgd,1,0.001,1,2.458963513046503,0.155
74,18,2280,vit,fashion-mnist,dpsgd,1,0.001,1,2.5039428763277827,0.15
74,19,2281,vit,fashion-mnist,dpsgd,1,0.001,1,2.4100324755208566,0.161
74,20,2282,vit,fashion-mnist,dpsgd,1,0.001,1,2.3771876156888903,0.223
74,21,2283,vit,fashion-mnist,dpsgd,1,0.001,1,2.5359246914722027,0.159
74,22,2284,vit,fashion-mnist,dpsgd,1,0.001,1,2.303213809154928,0.182
74,23,2285,vit,fashion-mnist,dpsgd,1,0.001,1,2.3945085049383343,0.217
74,24,2286,vit,fashion-mnist,dpsgd,1,0.001,1,2.3880243186037986,0.22
74,25,2287,vit,fashion-mnist,dpsgd,1,0.001,1,2.3915879461281,0.166
74,26,2288,vit,fashion-mnist,dpsgd,1,0.001,1,2.4105457828976213,0.244
74,27,2289,vit,fashion-mnist,dpsgd,1,0.001,1,2.5351235382705926,0.128
74,28,2290,vit,fashion-mnist,dpsgd,1,0.001,1,2.4438662786073984,0.207
74,29,2291,vit,fashion-mnist,dpsgd,1,0.001,1,2.479499726855196,0.156
75,0,2292,vit,fashion-mnist,dpsgd,32,0.001,1,2.375528886795044,0.156
75,1,2293,vit,fashion-mnist,dpsgd,32,0.001,1,2.334736686706543,0.129
75,2,2294,vit,fashion-mnist,dpsgd,32,0.001,1,2.372517671585083,0.112
75,3,2295,vit,fashion-mnist,dpsgd,32,0.001,1,2.430369260787964,0.113
75,4,2296,vit,fashion-mnist,dpsgd,32,0.001,1,2.394277505874634,0.137
75,5,2297,vit,fashion-mnist,dpsgd,32,0.001,1,2.293098714828491,0.18
75,6,2298,vit,fashion-mnist,dpsgd,32,0.001,1,2.38176309967041,0.089
75,7,2299,vit,fashion-mnist,dpsgd,32,0.001,1,2.386350004196167,0.187
75,8,2300,vit,fashion-mnist,dpsgd,32,0.001,1,2.4047263774871825,0.159
75,9,2301,vit,fashion-mnist,dpsgd,32,0.001,1,2.26954190826416,0.244
75,10,2302,vit,fashion-mnist,dpsgd,32,0.001,1,2.4820847511291504,0.093
75,11,2303,vit,fashion-mnist,dpsgd,32,0.001,1,2.272182779312134,0.187
75,12,2304,vit,fashion-mnist,dpsgd,32,0.001,1,2.3608112430572508,0.213
75,13,2305,vit,fashion-mnist,dpsgd,32,0.001,1,2.3144691286087036,0.209
75,14,2306,vit,fashion-mnist,dpsgd,32,0.001,1,2.51977054977417,0.131
75,15,2307,vit,fashion-mnist,dpsgd,32,0.001,1,2.2206718673706054,0.186
75,16,2308,vit,fashion-mnist,dpsgd,32,0.001,1,2.3860476875305174,0.207
75,17,2309,vit,fashion-mnist,dpsgd,32,0.001,1,2.4013628730773924,0.158
75,18,2310,vit,fashion-mnist,dpsgd,32,0.001,1,2.4193772830963134,0.171
75,19,2311,vit,fashion-mnist,dpsgd,32,0.001,1,2.480850248336792,0.08
75,20,2312,vit,fashion-mnist,dpsgd,32,0.001,1,2.3464927959442137,0.134
75,21,2313,vit,fashion-mnist,dpsgd,32,0.001,1,2.3835769424438475,0.25
75,22,2314,vit,fashion-mnist,dpsgd,32,0.001,1,2.439629684448242,0.174
75,23,2315,vit,fashion-mnist,dpsgd,32,0.001,1,2.4976021327972413,0.074
75,24,2316,vit,fashion-mnist,dpsgd,32,0.001,1,2.328773941040039,0.163
75,25,2317,vit,fashion-mnist,dpsgd,32,0.001,1,2.428441482543945,0.164
75,26,2318,vit,fashion-mnist,dpsgd,32,0.001,1,2.41156138420105,0.16
75,27,2319,vit,fashion-mnist,dpsgd,32,0.001,1,2.2689110145568847,0.133
75,28,2320,vit,fashion-mnist,dpsgd,32,0.001,1,2.3702044353485108,0.124
75,29,2321,vit,fashion-mnist,dpsgd,32,0.001,1,2.3983510093688967,0.104
76,0,2322,vit,fashion-mnist,randomk,1,0.001,1,1.6122539113642134,0.478
76,1,2323,vit,fashion-mnist,randomk,1,0.001,1,1.6522336160812465,0.474
76,2,2324,vit,fashion-mnist,randomk,1,0.001,1,1.6171129375660003,0.546
76,3,2325,vit,fashion-mnist,randomk,1,0.001,1,1.6227816302171905,0.501
76,4,2326,vit,fashion-mnist,randomk,1,0.001,1,1.6027720187447125,0.558
76,5,2327,vit,fashion-mnist,randomk,1,0.001,1,1.6379015207317102,0.558
76,6,2328,vit,fashion-mnist,randomk,1,0.001,1,1.6200351481248498,0.584
76,7,2329,vit,fashion-mnist,randomk,1,0.001,1,1.627603894855323,0.534
76,8,2330,vit,fashion-mnist,randomk,1,0.001,1,1.598052538260259,0.513
76,9,2331,vit,fashion-mnist,randomk,1,0.001,1,1.6489966706498314,0.548
76,10,2332,vit,fashion-mnist,randomk,1,0.001,1,1.580821287652824,0.537
76,11,2333,vit,fashion-mnist,randomk,1,0.001,1,1.6057401016379822,0.582
76,12,2334,vit,fashion-mnist,randomk,1,0.001,1,1.5943186575706223,0.593
76,13,2335,vit,fashion-mnist,randomk,1,0.001,1,1.608556577804329,0.528
76,14,2336,vit,fashion-mnist,randomk,1,0.001,1,1.626310826888405,0.549
76,15,2337,vit,fashion-mnist,randomk,1,0.001,1,1.558075501387353,0.554
76,16,2338,vit,fashion-mnist,randomk,1,0.001,1,1.611864725540083,0.58
76,17,2339,vit,fashion-mnist,randomk,1,0.001,1,1.617031011376245,0.575
76,18,2340,vit,fashion-mnist,randomk,1,0.001,1,1.6038050734170266,0.519
76,19,2341,vit,fashion-mnist,randomk,1,0.001,1,1.5883700021893332,0.551
76,20,2342,vit,fashion-mnist,randomk,1,0.001,1,1.6397180112730152,0.473
76,21,2343,vit,fashion-mnist,randomk,1,0.001,1,1.6182283413521676,0.577
76,22,2344,vit,fashion-mnist,randomk,1,0.001,1,1.5961341504372344,0.589
76,23,2345,vit,fashion-mnist,randomk,1,0.001,1,1.605808415488007,0.573
76,24,2346,vit,fashion-mnist,randomk,1,0.001,1,1.6017661446206761,0.635
76,25,2347,vit,fashion-mnist,randomk,1,0.001,1,1.6293839852730976,0.522
76,26,2348,vit,fashion-mnist,randomk,1,0.001,1,1.6095001037719918,0.523
76,27,2349,vit,fashion-mnist,randomk,1,0.001,1,1.5871818799920192,0.53
76,28,2350,vit,fashion-mnist,randomk,1,0.001,1,1.603040543961575,0.525
76,29,2351,vit,fashion-mnist,randomk,1,0.001,1,1.6097972584740825,0.459
77,0,2352,vit,fashion-mnist,randomk,32,0.001,1,1.5175742959976197,0.553
77,1,2353,vit,fashion-mnist,randomk,32,0.001,1,1.5562686309814453,0.554
77,2,2354,vit,fashion-mnist,randomk,32,0.001,1,1.5120586094856263,0.546
77,3,2355,vit,fashion-mnist,randomk,32,0.001,1,1.5047408108711242,0.614
77,4,2356,vit,fashion-mnist,randomk,32,0.001,1,1.5126144890785218,0.579
77,5,2357,vit,fashion-mnist,randomk,32,0.001,1,1.490283224105835,0.611
77,6,2358,vit,fashion-mnist,randomk,32,0.001,1,1.5181261701583861,0.58
77,7,2359,vit,fashion-mnist,randomk,32,0.001,1,1.500636857509613,0.613
77,8,2360,vit,fashion-mnist,randomk,32,0.001,1,1.5376228680610657,0.553
77,9,2361,vit,fashion-mnist,randomk,32,0.001,1,1.5140136137008666,0.582
77,10,2362,vit,fashion-mnist,randomk,32,0.001,1,1.5268081331253052,0.579
77,11,2363,vit,fashion-mnist,randomk,32,0.001,1,1.520106430053711,0.595
77,12,2364,vit,fashion-mnist,randomk,32,0.001,1,1.5167237396240234,0.603
77,13,2365,vit,fashion-mnist,randomk,32,0.001,1,1.4899373140335084,0.556
77,14,2366,vit,fashion-mnist,randomk,32,0.001,1,1.5424881739616394,0.556
77,15,2367,vit,fashion-mnist,randomk,32,0.001,1,1.505437756061554,0.536
77,16,2368,vit,fashion-mnist,randomk,32,0.001,1,1.4554513831138611,0.568
77,17,2369,vit,fashion-mnist,randomk,32,0.001,1,1.4866068444252014,0.596
77,18,2370,vit,fashion-mnist,randomk,32,0.001,1,1.4839605684280395,0.553
77,19,2371,vit,fashion-mnist,randomk,32,0.001,1,1.527308879852295,0.534
77,20,2372,vit,fashion-mnist,randomk,32,0.001,1,1.612309723854065,0.554
77,21,2373,vit,fashion-mnist,randomk,32,0.001,1,1.5460069794654847,0.55
77,22,2374,vit,fashion-mnist,randomk,32,0.001,1,1.454298659801483,0.571
77,23,2375,vit,fashion-mnist,randomk,32,0.001,1,1.54282817363739,0.568
77,24,2376,vit,fashion-mnist,randomk,32,0.001,1,1.5439555053710938,0.573
77,25,2377,vit,fashion-mnist,randomk,32,0.001,1,1.501376305103302,0.597
77,26,2378,vit,fashion-mnist,randomk,32,0.001,1,1.5776319041252136,0.489
77,27,2379,vit,fashion-mnist,randomk,32,0.001,1,1.5202222590446473,0.542
77,28,2380,vit,fashion-mnist,randomk,32,0.001,1,1.53798295545578,0.592
77,29,2381,vit,fashion-mnist,randomk,32,0.001,1,1.4869556517601012,0.611
78,0,2382,vit,fashion-mnist,qsgd,1,0.001,1,1.5561933932358607,0.528
78,1,2383,vit,fashion-mnist,qsgd,1,0.001,1,1.5204606445757636,0.501
78,2,2384,vit,fashion-mnist,qsgd,1,0.001,1,1.5286271317586206,0.598
78,3,2385,vit,fashion-mnist,qsgd,1,0.001,1,1.5561057965933658,0.539
78,4,2386,vit,fashion-mnist,qsgd,1,0.001,1,1.5623001961902918,0.563
78,5,2387,vit,fashion-mnist,qsgd,1,0.001,1,1.574520354223918,0.456
78,6,2388,vit,fashion-mnist,qsgd,1,0.001,1,1.5902835581191466,0.521
78,7,2389,vit,fashion-mnist,qsgd,1,0.001,1,1.5494800740967043,0.574
78,8,2390,vit,fashion-mnist,qsgd,1,0.001,1,1.5584750880886131,0.56
78,9,2391,vit,fashion-mnist,qsgd,1,0.001,1,1.5344916103660053,0.568
78,10,2392,vit,fashion-mnist,qsgd,1,0.001,1,1.5748873660686413,0.464
78,11,2393,vit,fashion-mnist,qsgd,1,0.001,1,1.5516773077839188,0.482
78,12,2394,vit,fashion-mnist,qsgd,1,0.001,1,1.5812514545984722,0.495
78,13,2395,vit,fashion-mnist,qsgd,1,0.001,1,1.5333297416033402,0.527
78,14,2396,vit,fashion-mnist,qsgd,1,0.001,1,1.551495696154935,0.479
78,15,2397,vit,fashion-mnist,qsgd,1,0.001,1,1.565606886571456,0.543
78,16,2398,vit,fashion-mnist,qsgd,1,0.001,1,1.5538714236083588,0.419
78,17,2399,vit,fashion-mnist,qsgd,1,0.001,1,1.5222249945302628,0.526
78,18,2400,vit,fashion-mnist,qsgd,1,0.001,1,1.5916836681747737,0.574
78,19,2401,vit,fashion-mnist,qsgd,1,0.001,1,1.534240655536456,0.511
78,20,2402,vit,fashion-mnist,qsgd,1,0.001,1,1.56686918752372,0.473
78,21,2403,vit,fashion-mnist,qsgd,1,0.001,1,1.5363306251196436,0.509
78,22,2404,vit,fashion-mnist,qsgd,1,0.001,1,1.5356652912575537,0.518
78,23,2405,vit,fashion-mnist,qsgd,1,0.001,1,1.509973281652259,0.546
78,24,2406,vit,fashion-mnist,qsgd,1,0.001,1,1.5144809268308872,0.577
78,25,2407,vit,fashion-mnist,qsgd,1,0.001,1,1.4904844840004499,0.525
78,26,2408,vit,fashion-mnist,qsgd,1,0.001,1,1.5498610430679307,0.564
78,27,2409,vit,fashion-mnist,qsgd,1,0.001,1,1.546991645248937,0.551
78,28,2410,vit,fashion-mnist,qsgd,1,0.001,1,1.5497604470384347,0.547
78,29,2411,vit,fashion-mnist,qsgd,1,0.001,1,1.557153779418375,0.493
79,0,2412,vit,fashion-mnist,qsgd,32,0.001,1,1.7618660745620727,0.515
79,1,2413,vit,fashion-mnist,qsgd,32,0.001,1,1.7992969942092896,0.464
79,2,2414,vit,fashion-mnist,qsgd,32,0.001,1,1.7429093084335328,0.535
79,3,2415,vit,fashion-mnist,qsgd,32,0.001,1,1.7272227926254273,0.479
79,4,2416,vit,fashion-mnist,qsgd,32,0.001,1,1.6302968521118164,0.521
79,5,2417,vit,fashion-mnist,qsgd,32,0.001,1,1.6591369495391846,0.538
79,6,2418,vit,fashion-mnist,qsgd,32,0.001,1,1.737327832221985,0.485
79,7,2419,vit,fashion-mnist,qsgd,32,0.001,1,1.7705424642562866,0.511
79,8,2420,vit,fashion-mnist,qsgd,32,0.001,1,1.7852414665222167,0.457
79,9,2421,vit,fashion-mnist,qsgd,32,0.001,1,1.6987490482330323,0.501
79,10,2422,vit,fashion-mnist,qsgd,32,0.001,1,1.7388599891662597,0.497
79,11,2423,vit,fashion-mnist,qsgd,32,0.001,1,1.8108167839050293,0.433
79,12,2424,vit,fashion-mnist,qsgd,32,0.001,1,1.666140838623047,0.528
79,13,2425,vit,fashion-mnist,qsgd,32,0.001,1,1.7473844957351685,0.456
79,14,2426,vit,fashion-mnist,qsgd,32,0.001,1,1.6708361406326293,0.476
79,15,2427,vit,fashion-mnist,qsgd,32,0.001,1,1.6926366658210754,0.541
79,16,2428,vit,fashion-mnist,qsgd,32,0.001,1,1.7399258756637572,0.485
79,17,2429,vit,fashion-mnist,qsgd,32,0.001,1,1.7121713829040528,0.517
79,18,2430,vit,fashion-mnist,qsgd,32,0.001,1,1.7759854106903077,0.517
79,19,2431,vit,fashion-mnist,qsgd,32,0.001,1,1.736596926689148,0.54
79,20,2432,vit,fashion-mnist,qsgd,32,0.001,1,1.709685287475586,0.475
79,21,2433,vit,fashion-mnist,qsgd,32,0.001,1,1.6992462100982666,0.536
79,22,2434,vit,fashion-mnist,qsgd,32,0.001,1,1.6647905855178833,0.496
79,23,2435,vit,fashion-mnist,qsgd,32,0.001,1,1.7713228378295898,0.495
79,24,2436,vit,fashion-mnist,qsgd,32,0.001,1,1.7199475088119507,0.515
79,25,2437,vit,fashion-mnist,qsgd,32,0.001,1,1.744063509941101,0.463
79,26,2438,vit,fashion-mnist,qsgd,32,0.001,1,1.6838091549873353,0.575
79,27,2439,vit,fashion-mnist,qsgd,32,0.001,1,1.7103050537109374,0.523
79,28,2440,vit,fashion-mnist,qsgd,32,0.001,1,1.710779356956482,0.483
79,29,2441,vit,fashion-mnist,qsgd,32,0.001,1,1.7653165864944458,0.474
80,0,2442,vit,cifar10,none,1,0.001,1,2.3221163012143227,0.16
80,1,2443,vit,cifar10,none,1,0.001,1,2.350285317286849,0.173
80,2,2444,vit,cifar10,none,1,0.001,1,2.3253595417318866,0.181
80,3,2445,vit,cifar10,none,1,0.001,1,2.336015045357868,0.192
80,4,2446,vit,cifar10,none,1,0.001,1,2.3202870907913895,0.233
80,5,2447,vit,cifar10,none,1,0.001,1,2.303083961807191,0.181
80,6,2448,vit,cifar10,none,1,0.001,1,2.3547316941632888,0.171
80,7,2449,vit,cifar10,none,1,0.001,1,2.336272824961925,0.177
80,8,2450,vit,cifar10,none,1,0.001,1,2.3198253339948134,0.176
80,9,2451,vit,cifar10,none,1,0.001,1,2.3208122839517893,0.188
80,10,2452,vit,cifar10,none,1,0.001,1,2.335258439519908,0.179
80,11,2453,vit,cifar10,none,1,0.001,1,2.3353193794102407,0.167
80,12,2454,vit,cifar10,none,1,0.001,1,2.316738967029378,0.168
80,13,2455,vit,cifar10,none,1,0.001,1,2.338929857926676,0.188
80,14,2456,vit,cifar10,none,1,0.001,1,2.3123150201886893,0.178
80,15,2457,vit,cifar10,none,1,0.001,1,2.3258906309660525,0.152
80,16,2458,vit,cifar10,none,1,0.001,1,2.321281910652295,0.207
80,17,2459,vit,cifar10,none,1,0.001,1,2.3324989186101592,0.216
80,18,2460,vit,cifar10,none,1,0.001,1,2.33673766188696,0.187
80,19,2461,vit,cifar10,none,1,0.001,1,2.303820044739172,0.171
80,20,2462,vit,cifar10,none,1,0.001,1,2.343460599553655,0.199
80,21,2463,vit,cifar10,none,1,0.001,1,2.3395216062804685,0.158
80,22,2464,vit,cifar10,none,1,0.001,1,2.3301211575441996,0.169
80,23,2465,vit,cifar10,none,1,0.001,1,2.331692767564207,0.168
80,24,2466,vit,cifar10,none,1,0.001,1,2.3256992451492695,0.182
80,25,2467,vit,cifar10,none,1,0.001,1,2.3310806185621766,0.163
80,26,2468,vit,cifar10,none,1,0.001,1,2.34704573512543,0.205
80,27,2469,vit,cifar10,none,1,0.001,1,2.3372088723052293,0.189
80,28,2470,vit,cifar10,none,1,0.001,1,2.313659575788304,0.22
80,29,2471,vit,cifar10,none,1,0.001,1,2.332933637562906,0.168
81,0,2472,vit,cifar10,none,32,0.001,1,2.0927043704986574,0.29
81,1,2473,vit,cifar10,none,32,0.001,1,2.0378249416351317,0.303
81,2,2474,vit,cifar10,none,32,0.001,1,2.0657778615951536,0.298
81,3,2475,vit,cifar10,none,32,0.001,1,2.0561953048706054,0.321
81,4,2476,vit,cifar10,none,32,0.001,1,2.0930434646606444,0.288
81,5,2477,vit,cifar10,none,32,0.001,1,2.06735946559906,0.297
81,6,2478,vit,cifar10,none,32,0.001,1,2.032501353263855,0.305
81,7,2479,vit,cifar10,none,32,0.001,1,2.0657851514816286,0.324
81,8,2480,vit,cifar10,none,32,0.001,1,2.0482945556640626,0.298
81,9,2481,vit,cifar10,none,32,0.001,1,2.055671336174011,0.276
81,10,2482,vit,cifar10,none,32,0.001,1,2.0620202894210817,0.315
81,11,2483,vit,cifar10,none,32,0.001,1,2.069777331352234,0.291
81,12,2484,vit,cifar10,none,32,0.001,1,2.0719458055496216,0.274
81,13,2485,vit,cifar10,none,32,0.001,1,2.0219811038970947,0.292
81,14,2486,vit,cifar10,none,32,0.001,1,2.0591234388351443,0.278
81,15,2487,vit,cifar10,none,32,0.001,1,2.0810543718338015,0.318
81,16,2488,vit,cifar10,none,32,0.001,1,2.0604639892578125,0.271
81,17,2489,vit,cifar10,none,32,0.001,1,2.0664672775268556,0.266
81,18,2490,vit,cifar10,none,32,0.001,1,2.078893732070923,0.337
81,19,2491,vit,cifar10,none,32,0.001,1,2.0802924642562868,0.312
81,20,2492,vit,cifar10,none,32,0.001,1,2.0896500158309936,0.291
81,21,2493,vit,cifar10,none,32,0.001,1,2.0290587186813354,0.28
81,22,2494,vit,cifar10,none,32,0.001,1,2.073436291694641,0.313
81,23,2495,vit,cifar10,none,32,0.001,1,2.068524976730347,0.225
81,24,2496,vit,cifar10,none,32,0.001,1,2.058855451583862,0.291
81,25,2497,vit,cifar10,none,32,0.001,1,2.073483635902405,0.29
81,26,2498,vit,cifar10,none,32,0.001,1,2.0681161680221556,0.284
81,27,2499,vit,cifar10,none,32,0.001,1,2.055245532989502,0.28
81,28,2500,vit,cifar10,none,32,0.001,1,2.081701415061951,0.246
81,29,2501,vit,cifar10,none,32,0.001,1,2.066103015899658,0.274
82,0,2502,vit,cifar10,topk,1,0.001,1,2.3046408864802217,0.199
82,1,2503,vit,cifar10,topk,1,0.001,1,2.307447033593897,0.177
82,2,2504,vit,cifar10,topk,1,0.001,1,2.300937752425205,0.151
82,3,2505,vit,cifar10,topk,1,0.001,1,2.306429844087921,0.176
82,4,2506,vit,cifar10,topk,1,0.001,1,2.30399674706161,0.221
82,5,2507,vit,cifar10,topk,1,0.001,1,2.298479322535917,0.205
82,6,2508,vit,cifar10,topk,1,0.001,1,2.302991480880417,0.128
82,7,2509,vit,cifar10,topk,1,0.001,1,2.299620694882702,0.217
82,8,2510,vit,cifar10,topk,1,0.001,1,2.3078325712779186,0.146
82,9,2511,vit,cifar10,topk,1,0.001,1,2.3152152911787853,0.205
82,10,2512,vit,cifar10,topk,1,0.001,1,2.2949594065882266,0.19
82,11,2513,vit,cifar10,topk,1,0.001,1,2.314873617774807,0.179
82,12,2514,vit,cifar10,topk,1,0.001,1,2.3057520182412117,0.174
82,13,2515,vit,cifar10,topk,1,0.001,1,2.3145348720513286,0.175
82,14,2516,vit,cifar10,topk,1,0.001,1,2.3071793606812134,0.169
82,15,2517,vit,cifar10,topk,1,0.001,1,2.3249835191606545,0.175
82,16,2518,vit,cifar10,topk,1,0.001,1,2.3277466364227,0.125
82,17,2519,vit,cifar10,topk,1,0.001,1,2.306917306637857,0.138
82,18,2520,vit,cifar10,topk,1,0.001,1,2.3144197455886752,0.212
82,19,2521,vit,cifar10,topk,1,0.001,1,2.3075559352114796,0.216
82,20,2522,vit,cifar10,topk,1,0.001,1,2.2930290220910683,0.168
82,21,2523,vit,cifar10,topk,1,0.001,1,2.298299155412242,0.184
82,22,2524,vit,cifar10,topk,1,0.001,1,2.317649337163195,0.184
82,23,2525,vit,cifar10,topk,1,0.001,1,2.2892571598831566,0.164
82,24,2526,vit,cifar10,topk,1,0.001,1,2.293208501786925,0.205
82,25,2527,vit,cifar10,topk,1,0.001,1,2.3125907614855095,0.221
82,26,2528,vit,cifar10,topk,1,0.001,1,2.3127484741946684,0.188
82,27,2529,vit,cifar10,topk,1,0.001,1,2.328126741196,0.153
82,28,2530,vit,cifar10,topk,1,0.001,1,2.3251438653534278,0.196
82,29,2531,vit,cifar10,topk,1,0.001,1,2.310657811610028,0.201
83,0,2532,vit,cifar10,topk,32,0.001,1,2.053426630973816,0.268
83,1,2533,vit,cifar10,topk,32,0.001,1,2.0623082361221314,0.246
83,2,2534,vit,cifar10,topk,32,0.001,1,2.089610511779785,0.247
83,3,2535,vit,cifar10,topk,32,0.001,1,2.0492209463119506,0.269
83,4,2536,vit,cifar10,topk,32,0.001,1,2.077984211921692,0.291
83,5,2537,vit,cifar10,topk,32,0.001,1,2.046904324531555,0.273
83,6,2538,vit,cifar10,topk,32,0.001,1,2.0717471752166747,0.301
83,7,2539,vit,cifar10,topk,32,0.001,1,2.0601864776611327,0.3
83,8,2540,vit,cifar10,topk,32,0.001,1,2.082335556983948,0.269
83,9,2541,vit,cifar10,topk,32,0.001,1,2.0674584712982176,0.252
83,10,2542,vit,cifar10,topk,32,0.001,1,2.0528087539672852,0.297
83,11,2543,vit,cifar10,topk,32,0.001,1,2.0188131790161132,0.296
83,12,2544,vit,cifar10,topk,32,0.001,1,2.07654718875885,0.266
83,13,2545,vit,cifar10,topk,32,0.001,1,2.069208794593811,0.278
83,14,2546,vit,cifar10,topk,32,0.001,1,2.0546899003982544,0.279
83,15,2547,vit,cifar10,topk,32,0.001,1,2.0570258646011355,0.279
83,16,2548,vit,cifar10,topk,32,0.001,1,2.064921748161316,0.293
83,17,2549,vit,cifar10,topk,32,0.001,1,2.094002691268921,0.259
83,18,2550,vit,cifar10,topk,32,0.001,1,2.0562480449676515,0.293
83,19,2551,vit,cifar10,topk,32,0.001,1,2.064625828742981,0.24
83,20,2552,vit,cifar10,topk,32,0.001,1,2.0612952222824097,0.263
83,21,2553,vit,cifar10,topk,32,0.001,1,2.0965865650177,0.299
83,22,2554,vit,cifar10,topk,32,0.001,1,2.082011615753174,0.254
83,23,2555,vit,cifar10,topk,32,0.001,1,2.067052227973938,0.293
83,24,2556,vit,cifar10,topk,32,0.001,1,2.0612366466522216,0.273
83,25,2557,vit,cifar10,topk,32,0.001,1,2.066295802116394,0.274
83,26,2558,vit,cifar10,topk,32,0.001,1,2.0589501514434816,0.282
83,27,2559,vit,cifar10,topk,32,0.001,1,2.062280662536621,0.313
83,28,2560,vit,cifar10,topk,32,0.001,1,2.0674974641799926,0.264
83,29,2561,vit,cifar10,topk,32,0.001,1,2.05685394859314,0.284
84,0,2562,vit,cifar10,dpsgd,1,0.001,1,2.6050498109310865,0.167
84,1,2563,vit,cifar10,dpsgd,1,0.001,1,2.588036400697194,0.099
84,2,2564,vit,cifar10,dpsgd,1,0.001,1,2.603876829981804,0.178
84,3,2565,vit,cifar10,dpsgd,1,0.001,1,2.526992973908782,0.13
84,4,2566,vit,cifar10,dpsgd,1,0.001,1,2.6718931667543946,0.157
84,5,2567,vit,cifar10,dpsgd,1,0.001,1,2.5276340680494904,0.15
84,6,2568,vit,cifar10,dpsgd,1,0.001,1,2.568998279992491,0.145
84,7,2569,vit,cifar10,dpsgd,1,0.001,1,2.5176945117749274,0.152
84,8,2570,vit,cifar10,dpsgd,1,0.001,1,2.68994390297425,0.172
84,9,2571,vit,cifar10,dpsgd,1,0.001,1,2.601961210774258,0.155
84,10,2572,vit,cifar10,dpsgd,1,0.001,1,2.6570987664684655,0.12
84,11,2573,vit,cifar10,dpsgd,1,0.001,1,2.602417310293764,0.142
84,12,2574,vit,cifar10,dpsgd,1,0.001,1,2.5650164930140598,0.16
84,13,2575,vit,cifar10,dpsgd,1,0.001,1,2.632082188230008,0.096
84,14,2576,vit,cifar10,dpsgd,1,0.001,1,2.713881996400654,0.102
84,15,2577,vit,cifar10,dpsgd,1,0.001,1,2.6196369583941994,0.146
84,16,2578,vit,cifar10,dpsgd,1,0.001,1,2.60399768214114,0.112
84,17,2579,vit,cifar10,dpsgd,1,0.001,1,2.6949494133740663,0.151
84,18,2580,vit,cifar10,dpsgd,1,0.001,1,2.6306059817150236,0.109
84,19,2581,vit,cifar10,dpsgd,1,0.001,1,2.574207145849243,0.115
84,20,2582,vit,cifar10,dpsgd,1,0.001,1,2.655749212611467,0.155
84,21,2583,vit,cifar10,dpsgd,1,0.001,1,2.583569128469564,0.1
84,22,2584,vit,cifar10,dpsgd,1,0.001,1,2.672096919291653,0.163
84,23,2585,vit,cifar10,dpsgd,1,0.001,1,2.584097759699449,0.186
84,24,2586,vit,cifar10,dpsgd,1,0.001,1,2.649154161324259,0.223
84,25,2587,vit,cifar10,dpsgd,1,0.001,1,2.715024698704481,0.154
84,26,2588,vit,cifar10,dpsgd,1,0.001,1,2.5244464788082985,0.168
84,27,2589,vit,cifar10,dpsgd,1,0.001,1,2.6389653670191766,0.181
84,28,2590,vit,cifar10,dpsgd,1,0.001,1,2.5322654212946074,0.178
84,29,2591,vit,cifar10,dpsgd,1,0.001,1,2.558728554774076,0.148
85,0,2592,vit,cifar10,dpsgd,32,0.001,1,2.470791421890259,0.135
85,1,2593,vit,cifar10,dpsgd,32,0.001,1,2.4032057933807374,0.172
85,2,2594,vit,cifar10,dpsgd,32,0.001,1,2.3526821060180665,0.174
85,3,2595,vit,cifar10,dpsgd,32,0.001,1,2.372089769363403,0.107
85,4,2596,vit,cifar10,dpsgd,32,0.001,1,2.356864278793335,0.146
85,5,2597,vit,cifar10,dpsgd,32,0.001,1,2.347026891708374,0.129
85,6,2598,vit,cifar10,dpsgd,32,0.001,1,2.4025382862091065,0.136
85,7,2599,vit,cifar10,dpsgd,32,0.001,1,2.415430212020874,0.128
85,8,2600,vit,cifar10,dpsgd,32,0.001,1,2.4609799175262452,0.083
85,9,2601,vit,cifar10,dpsgd,32,0.001,1,2.347123249053955,0.135
85,10,2602,vit,cifar10,dpsgd,32,0.001,1,2.4629290847778322,0.109
85,11,2603,vit,cifar10,dpsgd,32,0.001,1,2.461290079116821,0.127
85,12,2604,vit,cifar10,dpsgd,32,0.001,1,2.4033438205718993,0.124
85,13,2605,vit,cifar10,dpsgd,32,0.001,1,2.4985961360931395,0.096
85,14,2606,vit,cifar10,dpsgd,32,0.001,1,2.5051470985412596,0.095
85,15,2607,vit,cifar10,dpsgd,32,0.001,1,2.3185663757324217,0.187
85,16,2608,vit,cifar10,dpsgd,32,0.001,1,2.426237869262695,0.105
85,17,2609,vit,cifar10,dpsgd,32,0.001,1,2.480836570739746,0.16
85,18,2610,vit,cifar10,dpsgd,32,0.001,1,2.381341562271118,0.132
85,19,2611,vit,cifar10,dpsgd,32,0.001,1,2.377026550292969,0.184
85,20,2612,vit,cifar10,dpsgd,32,0.001,1,2.3727448272705076,0.132
85,21,2613,vit,cifar10,dpsgd,32,0.001,1,2.313755876541138,0.158
85,22,2614,vit,cifar10,dpsgd,32,0.001,1,2.4689820289611815,0.145
85,23,2615,vit,cifar10,dpsgd,32,0.001,1,2.4828903903961184,0.141
85,24,2616,vit,cifar10,dpsgd,32,0.001,1,2.4356671657562257,0.147
85,25,2617,vit,cifar10,dpsgd,32,0.001,1,2.513905101776123,0.135
85,26,2618,vit,cifar10,dpsgd,32,0.001,1,2.585688104629517,0.107
85,27,2619,vit,cifar10,dpsgd,32,0.001,1,2.4800285873413084,0.094
85,28,2620,vit,cifar10,dpsgd,32,0.001,1,2.5155479011535644,0.148
85,29,2621,vit,cifar10,dpsgd,32,0.001,1,2.4206909713745115,0.099
86,0,2622,vit,cifar10,randomk,1,0.001,1,2.293003340536263,0.233
86,1,2623,vit,cifar10,randomk,1,0.001,1,2.318196460261941,0.243
86,2,2624,vit,cifar10,randomk,1,0.001,1,2.305127594966907,0.225
86,3,2625,vit,cifar10,randomk,1,0.001,1,2.3103921953378013,0.192
86,4,2626,vit,cifar10,randomk,1,0.001,1,2.3082143549502363,0.192
86,5,2627,vit,cifar10,randomk,1,0.001,1,2.3345665533756836,0.237
86,6,2628,vit,cifar10,randomk,1,0.001,1,2.308236414610408,0.229
86,7,2629,vit,cifar10,randomk,1,0.001,1,2.314509798960062,0.218
86,8,2630,vit,cifar10,randomk,1,0.001,1,2.310534186525911,0.244
86,9,2631,vit,cifar10,randomk,1,0.001,1,2.321845075655263,0.247
86,10,2632,vit,cifar10,randomk,1,0.001,1,2.313812355509028,0.175
86,11,2633,vit,cifar10,randomk,1,0.001,1,2.3042055287305265,0.254
86,12,2634,vit,cifar10,randomk,1,0.001,1,2.2999571675478947,0.257
86,13,2635,vit,cifar10,randomk,1,0.001,1,2.294406023269985,0.24
86,14,2636,vit,cifar10,randomk,1,0.001,1,2.320979070859379,0.22
86,15,2637,vit,cifar10,randomk,1,0.001,1,2.2930711537010504,0.229
86,16,2638,vit,cifar10,randomk,1,0.001,1,2.303311434791423,0.257
86,17,2639,vit,cifar10,randomk,1,0.001,1,2.3141530389687976,0.163
86,18,2640,vit,cifar10,randomk,1,0.001,1,2.3051066950175447,0.278
86,19,2641,vit,cifar10,randomk,1,0.001,1,2.2948637562869116,0.273
86,20,2642,vit,cifar10,randomk,1,0.001,1,2.2995208293730394,0.196
86,21,2643,vit,cifar10,randomk,1,0.001,1,2.3129165033306927,0.221
86,22,2644,vit,cifar10,randomk,1,0.001,1,2.3124976768561174,0.209
86,23,2645,vit,cifar10,randomk,1,0.001,1,2.3132233228506522,0.226
86,24,2646,vit,cifar10,randomk,1,0.001,1,2.286750350032933,0.262
86,25,2647,vit,cifar10,randomk,1,0.001,1,2.296502534444444,0.272
86,26,2648,vit,cifar10,randomk,1,0.001,1,2.300643962248694,0.251
86,27,2649,vit,cifar10,randomk,1,0.001,1,2.3315703004591635,0.222
86,28,2650,vit,cifar10,randomk,1,0.001,1,2.3050212251094635,0.21
86,29,2651,vit,cifar10,randomk,1,0.001,1,2.3072117269597947,0.23
87,0,2652,vit,cifar10,randomk,32,0.001,1,2.03034591960907,0.315
87,1,2653,vit,cifar10,randomk,32,0.001,1,2.03946702003479,0.278
87,2,2654,vit,cifar10,randomk,32,0.001,1,2.0304397468566893,0.313
87,3,2655,vit,cifar10,randomk,32,0.001,1,2.04294872379303,0.271
87,4,2656,vit,cifar10,randomk,32,0.001,1,2.00612193775177,0.285
87,5,2657,vit,cifar10,randomk,32,0.001,1,2.0246185245513915,0.312
87,6,2658,vit,cifar10,randomk,32,0.001,1,2.036834506034851,0.281
87,7,2659,vit,cifar10,randomk,32,0.001,1,2.029604351043701,0.31
87,8,2660,vit,cifar10,randomk,32,0.001,1,2.043780688285828,0.243
87,9,2661,vit,cifar10,randomk,32,0.001,1,2.023375093460083,0.293
87,10,2662,vit,cifar10,randomk,32,0.001,1,2.040653100967407,0.278
87,11,2663,vit,cifar10,randomk,32,0.001,1,2.006404896736145,0.284
87,12,2664,vit,cifar10,randomk,32,0.001,1,2.035022632598877,0.281
87,13,2665,vit,cifar10,randomk,32,0.001,1,2.0258556699752805,0.321
87,14,2666,vit,cifar10,randomk,32,0.001,1,2.038332796096802,0.316
87,15,2667,vit,cifar10,randomk,32,0.001,1,2.000350305557251,0.283
87,16,2668,vit,cifar10,randomk,32,0.001,1,2.0316579055786135,0.301
87,17,2669,vit,cifar10,randomk,32,0.001,1,2.034926778793335,0.302
87,18,2670,vit,cifar10,randomk,32,0.001,1,2.0540259046554565,0.264
87,19,2671,vit,cifar10,randomk,32,0.001,1,2.026172002792358,0.286
87,20,2672,vit,cifar10,randomk,32,0.001,1,2.0192382831573488,0.3
87,21,2673,vit,cifar10,randomk,32,0.001,1,2.0405807847976685,0.283
87,22,2674,vit,cifar10,randomk,32,0.001,1,2.0143798398971557,0.281
87,23,2675,vit,cifar10,randomk,32,0.001,1,2.022218169212341,0.306
87,24,2676,vit,cifar10,randomk,32,0.001,1,2.0303996829986573,0.278
87,25,2677,vit,cifar10,randomk,32,0.001,1,2.0573379487991335,0.277
87,26,2678,vit,cifar10,randomk,32,0.001,1,2.028214891433716,0.272
87,27,2679,vit,cifar10,randomk,32,0.001,1,2.006269248008728,0.283
87,28,2680,vit,cifar10,randomk,32,0.001,1,2.052214052200317,0.304
87,29,2681,vit,cifar10,randomk,32,0.001,1,1.9974851903915405,0.304
88,0,2682,vit,cifar10,qsgd,1,0.001,1,2.174886624103412,0.257
88,1,2683,vit,cifar10,qsgd,1,0.001,1,2.198973659623414,0.213
88,2,2684,vit,cifar10,qsgd,1,0.001,1,2.1848388725453987,0.272
88,3,2685,vit,cifar10,qsgd,1,0.001,1,2.1601867942195385,0.305
88,4,2686,vit,cifar10,qsgd,1,0.001,1,2.1744733885144814,0.268
88,5,2687,vit,cifar10,qsgd,1,0.001,1,2.1956197951422074,0.243
88,6,2688,vit,cifar10,qsgd,1,0.001,1,2.1994367643971926,0.212
88,7,2689,vit,cifar10,qsgd,1,0.001,1,2.168544808831997,0.277
88,8,2690,vit,cifar10,qsgd,1,0.001,1,2.188297449988313,0.185
88,9,2691,vit,cifar10,qsgd,1,0.001,1,2.1701776885408908,0.203
88,10,2692,vit,cifar10,qsgd,1,0.001,1,2.1841754869599828,0.237
88,11,2693,vit,cifar10,qsgd,1,0.001,1,2.165736646953039,0.242
88,12,2694,vit,cifar10,qsgd,1,0.001,1,2.1792558532515542,0.252
88,13,2695,vit,cifar10,qsgd,1,0.001,1,2.181311307562515,0.237
88,14,2696,vit,cifar10,qsgd,1,0.001,1,2.173226622278802,0.257
88,15,2697,vit,cifar10,qsgd,1,0.001,1,2.192431673103012,0.234
88,16,2698,vit,cifar10,qsgd,1,0.001,1,2.167414885345148,0.264
88,17,2699,vit,cifar10,qsgd,1,0.001,1,2.198492944020778,0.264
88,18,2700,vit,cifar10,qsgd,1,0.001,1,2.1707073740568013,0.237
88,19,2701,vit,cifar10,qsgd,1,0.001,1,2.1558938952884636,0.236
88,20,2702,vit,cifar10,qsgd,1,0.001,1,2.1873763831648976,0.251
88,21,2703,vit,cifar10,qsgd,1,0.001,1,2.1844542061164973,0.255
88,22,2704,vit,cifar10,qsgd,1,0.001,1,2.1929057033474093,0.228
88,23,2705,vit,cifar10,qsgd,1,0.001,1,2.190191643614322,0.23
88,24,2706,vit,cifar10,qsgd,1,0.001,1,2.18097120810207,0.193
88,25,2707,vit,cifar10,qsgd,1,0.001,1,2.1814166670609265,0.293
88,26,2708,vit,cifar10,qsgd,1,0.001,1,2.173445888792165,0.221
88,27,2709,vit,cifar10,qsgd,1,0.001,1,2.176550434906967,0.252
88,28,2710,vit,cifar10,qsgd,1,0.001,1,2.1832182704797014,0.268
88,29,2711,vit,cifar10,qsgd,1,0.001,1,2.1938414888232947,0.228
89,0,2712,vit,cifar10,qsgd,32,0.001,1,2.0565972719192507,0.255
89,1,2713,vit,cifar10,qsgd,32,0.001,1,2.0604051666259764,0.284
89,2,2714,vit,cifar10,qsgd,32,0.001,1,2.0599499254226683,0.299
89,3,2715,vit,cifar10,qsgd,32,0.001,1,2.0692228841781617,0.255
89,4,2716,vit,cifar10,qsgd,32,0.001,1,2.0676851415634157,0.245
89,5,2717,vit,cifar10,qsgd,32,0.001,1,2.07126012134552,0.288
89,6,2718,vit,cifar10,qsgd,32,0.001,1,2.060501859664917,0.29
89,7,2719,vit,cifar10,qsgd,32,0.001,1,2.084686650276184,0.284
89,8,2720,vit,cifar10,qsgd,32,0.001,1,2.091538251876831,0.264
89,9,2721,vit,cifar10,qsgd,32,0.001,1,2.06177601146698,0.308
89,10,2722,vit,cifar10,qsgd,32,0.001,1,2.08560907459259,0.32
89,11,2723,vit,cifar10,qsgd,32,0.001,1,2.0623550701141355,0.294
89,12,2724,vit,cifar10,qsgd,32,0.001,1,2.0419412841796873,0.306
89,13,2725,vit,cifar10,qsgd,32,0.001,1,2.0735124006271364,0.273
89,14,2726,vit,cifar10,qsgd,32,0.001,1,2.0515546703338625,0.278
89,15,2727,vit,cifar10,qsgd,32,0.001,1,2.035492091178894,0.299
89,16,2728,vit,cifar10,qsgd,32,0.001,1,2.0526341791152953,0.302
89,17,2729,vit,cifar10,qsgd,32,0.001,1,2.061047609329224,0.287
89,18,2730,vit,cifar10,qsgd,32,0.001,1,2.0515270175933837,0.285
89,19,2731,vit,cifar10,qsgd,32,0.001,1,2.057985334396362,0.301
89,20,2732,vit,cifar10,qsgd,32,0.001,1,2.0666294050216676,0.29
89,21,2733,vit,cifar10,qsgd,32,0.001,1,2.0681462936401367,0.287
89,22,2734,vit,cifar10,qsgd,32,0.001,1,2.066152006149292,0.293
89,23,2735,vit,cifar10,qsgd,32,0.001,1,2.058307806015015,0.297
89,24,2736,vit,cifar10,qsgd,32,0.001,1,2.074238673210144,0.293
89,25,2737,vit,cifar10,qsgd,32,0.001,1,2.0791557340621947,0.286
89,26,2738,vit,cifar10,qsgd,32,0.001,1,2.064394054412842,0.287
89,27,2739,vit,cifar10,qsgd,32,0.001,1,2.047454016685486,0.27
89,28,2740,vit,cifar10,qsgd,32,0.001,1,2.0598467054367067,0.269
89,29,2741,vit,cifar10,qsgd,32,0.001,1,2.0828643054962157,0.269
