arch,dataset,defense,batch_size,epochs,lr,train_loss_last,test_acc,repeat_id,seed,config_idx,checkpoint_path
mlp,mnist,none,1,1,0.001,0.6176616973120559,0.866,0,42,0,./checkpoints_grid/cfg000_mlp_mnist_none_b1_rep00_seed42.pt
mlp,mnist,none,1,1,0.001,0.6173909404506912,0.867,1,43,0,./checkpoints_grid/cfg000_mlp_mnist_none_b1_rep01_seed43.pt
mlp,mnist,none,1,1,0.001,0.6125209701313926,0.871,2,44,0,./checkpoints_grid/cfg000_mlp_mnist_none_b1_rep02_seed44.pt
mlp,mnist,none,1,1,0.001,0.6134660523988005,0.878,3,45,0,./checkpoints_grid/cfg000_mlp_mnist_none_b1_rep03_seed45.pt
mlp,mnist,none,1,1,0.001,0.6201740085309146,0.865,4,46,0,./checkpoints_grid/cfg000_mlp_mnist_none_b1_rep04_seed46.pt
mlp,mnist,none,1,1,0.001,0.6190962649397362,0.848,5,47,0,./checkpoints_grid/cfg000_mlp_mnist_none_b1_rep05_seed47.pt
mlp,mnist,none,1,1,0.001,0.5929500573310945,0.807,6,48,0,./checkpoints_grid/cfg000_mlp_mnist_none_b1_rep06_seed48.pt
mlp,mnist,none,1,1,0.001,0.6309714376096508,0.889,7,49,0,./checkpoints_grid/cfg000_mlp_mnist_none_b1_rep07_seed49.pt
mlp,mnist,none,1,1,0.001,0.62063659277136,0.863,8,50,0,./checkpoints_grid/cfg000_mlp_mnist_none_b1_rep08_seed50.pt
mlp,mnist,none,1,1,0.001,0.6081073008870118,0.884,9,51,0,./checkpoints_grid/cfg000_mlp_mnist_none_b1_rep09_seed51.pt
mlp,mnist,none,1,1,0.001,0.6110925517584948,0.861,10,52,0,./checkpoints_grid/cfg000_mlp_mnist_none_b1_rep10_seed52.pt
mlp,mnist,none,1,1,0.001,0.6175648036408152,0.869,11,53,0,./checkpoints_grid/cfg000_mlp_mnist_none_b1_rep11_seed53.pt
mlp,mnist,none,1,1,0.001,0.6293199202956535,0.883,12,54,0,./checkpoints_grid/cfg000_mlp_mnist_none_b1_rep12_seed54.pt
mlp,mnist,none,1,1,0.001,0.6150549949807755,0.848,13,55,0,./checkpoints_grid/cfg000_mlp_mnist_none_b1_rep13_seed55.pt
mlp,mnist,none,1,1,0.001,0.6181608604186168,0.881,14,56,0,./checkpoints_grid/cfg000_mlp_mnist_none_b1_rep14_seed56.pt
mlp,mnist,none,1,1,0.001,0.6134429861703407,0.841,15,57,0,./checkpoints_grid/cfg000_mlp_mnist_none_b1_rep15_seed57.pt
mlp,mnist,none,1,1,0.001,0.6048848257834327,0.856,16,58,0,./checkpoints_grid/cfg000_mlp_mnist_none_b1_rep16_seed58.pt
mlp,mnist,none,1,1,0.001,0.5985627058462799,0.849,17,59,0,./checkpoints_grid/cfg000_mlp_mnist_none_b1_rep17_seed59.pt
mlp,mnist,none,1,1,0.001,0.631612362053228,0.887,18,60,0,./checkpoints_grid/cfg000_mlp_mnist_none_b1_rep18_seed60.pt
mlp,mnist,none,1,1,0.001,0.6117443393422307,0.887,19,61,0,./checkpoints_grid/cfg000_mlp_mnist_none_b1_rep19_seed61.pt
mlp,mnist,none,1,1,0.001,0.6049738443215931,0.839,20,62,0,./checkpoints_grid/cfg000_mlp_mnist_none_b1_rep20_seed62.pt
mlp,mnist,none,1,1,0.001,0.6286075578985076,0.855,21,63,0,./checkpoints_grid/cfg000_mlp_mnist_none_b1_rep21_seed63.pt
mlp,mnist,none,1,1,0.001,0.6088572513924769,0.842,22,64,0,./checkpoints_grid/cfg000_mlp_mnist_none_b1_rep22_seed64.pt
mlp,mnist,none,1,1,0.001,0.6252220481190618,0.734,23,65,0,./checkpoints_grid/cfg000_mlp_mnist_none_b1_rep23_seed65.pt
mlp,mnist,none,1,1,0.001,0.6142273001495621,0.806,24,66,0,./checkpoints_grid/cfg000_mlp_mnist_none_b1_rep24_seed66.pt
mlp,mnist,none,1,1,0.001,0.5981731693560094,0.87,25,67,0,./checkpoints_grid/cfg000_mlp_mnist_none_b1_rep25_seed67.pt
mlp,mnist,none,1,1,0.001,0.6161415296380961,0.884,26,68,0,./checkpoints_grid/cfg000_mlp_mnist_none_b1_rep26_seed68.pt
mlp,mnist,none,1,1,0.001,0.630584874758063,0.868,27,69,0,./checkpoints_grid/cfg000_mlp_mnist_none_b1_rep27_seed69.pt
mlp,mnist,none,1,1,0.001,0.6082882325098438,0.835,28,70,0,./checkpoints_grid/cfg000_mlp_mnist_none_b1_rep28_seed70.pt
mlp,mnist,none,1,1,0.001,0.609231046670048,0.874,29,71,0,./checkpoints_grid/cfg000_mlp_mnist_none_b1_rep29_seed71.pt
mlp,mnist,none,32,1,0.001,0.5655954016745091,0.873,0,72,1,./checkpoints_grid/cfg001_mlp_mnist_none_b32_rep00_seed72.pt
mlp,mnist,none,32,1,0.001,0.5510936231017113,0.878,1,73,1,./checkpoints_grid/cfg001_mlp_mnist_none_b32_rep01_seed73.pt
mlp,mnist,none,32,1,0.001,0.5405886552929878,0.887,2,74,1,./checkpoints_grid/cfg001_mlp_mnist_none_b32_rep02_seed74.pt
mlp,mnist,none,32,1,0.001,0.5654208808541298,0.89,3,75,1,./checkpoints_grid/cfg001_mlp_mnist_none_b32_rep03_seed75.pt
mlp,mnist,none,32,1,0.001,0.5606089877784253,0.868,4,76,1,./checkpoints_grid/cfg001_mlp_mnist_none_b32_rep04_seed76.pt
mlp,mnist,none,32,1,0.001,0.5569729428887368,0.881,5,77,1,./checkpoints_grid/cfg001_mlp_mnist_none_b32_rep05_seed77.pt
mlp,mnist,none,32,1,0.001,0.5818859994411468,0.895,6,78,1,./checkpoints_grid/cfg001_mlp_mnist_none_b32_rep06_seed78.pt
mlp,mnist,none,32,1,0.001,0.5572842561006546,0.872,7,79,1,./checkpoints_grid/cfg001_mlp_mnist_none_b32_rep07_seed79.pt
mlp,mnist,none,32,1,0.001,0.5605406965315342,0.851,8,80,1,./checkpoints_grid/cfg001_mlp_mnist_none_b32_rep08_seed80.pt
mlp,mnist,none,32,1,0.001,0.5731685064435005,0.878,9,81,1,./checkpoints_grid/cfg001_mlp_mnist_none_b32_rep09_seed81.pt
mlp,mnist,none,32,1,0.001,0.5582907598018646,0.888,10,82,1,./checkpoints_grid/cfg001_mlp_mnist_none_b32_rep10_seed82.pt
mlp,mnist,none,32,1,0.001,0.5632508351802826,0.87,11,83,1,./checkpoints_grid/cfg001_mlp_mnist_none_b32_rep11_seed83.pt
mlp,mnist,none,32,1,0.001,0.5560391075611114,0.882,12,84,1,./checkpoints_grid/cfg001_mlp_mnist_none_b32_rep12_seed84.pt
mlp,mnist,none,32,1,0.001,0.5684037162661553,0.891,13,85,1,./checkpoints_grid/cfg001_mlp_mnist_none_b32_rep13_seed85.pt
mlp,mnist,none,32,1,0.001,0.554598718225956,0.887,14,86,1,./checkpoints_grid/cfg001_mlp_mnist_none_b32_rep14_seed86.pt
mlp,mnist,none,32,1,0.001,0.5448075711727143,0.864,15,87,1,./checkpoints_grid/cfg001_mlp_mnist_none_b32_rep15_seed87.pt
mlp,mnist,none,32,1,0.001,0.552817793250084,0.882,16,88,1,./checkpoints_grid/cfg001_mlp_mnist_none_b32_rep16_seed88.pt
mlp,mnist,none,32,1,0.001,0.5655322477519512,0.888,17,89,1,./checkpoints_grid/cfg001_mlp_mnist_none_b32_rep17_seed89.pt
mlp,mnist,none,32,1,0.001,0.5523894466161728,0.88,18,90,1,./checkpoints_grid/cfg001_mlp_mnist_none_b32_rep18_seed90.pt
mlp,mnist,none,32,1,0.001,0.5666954162716865,0.893,19,91,1,./checkpoints_grid/cfg001_mlp_mnist_none_b32_rep19_seed91.pt
mlp,mnist,none,32,1,0.001,0.5709499943256379,0.889,20,92,1,./checkpoints_grid/cfg001_mlp_mnist_none_b32_rep20_seed92.pt
mlp,mnist,none,32,1,0.001,0.5548211070299148,0.891,21,93,1,./checkpoints_grid/cfg001_mlp_mnist_none_b32_rep21_seed93.pt
mlp,mnist,none,32,1,0.001,0.5670814969539643,0.864,22,94,1,./checkpoints_grid/cfg001_mlp_mnist_none_b32_rep22_seed94.pt
mlp,mnist,none,32,1,0.001,0.5681761890053749,0.871,23,95,1,./checkpoints_grid/cfg001_mlp_mnist_none_b32_rep23_seed95.pt
mlp,mnist,none,32,1,0.001,0.5680365014076233,0.888,24,96,1,./checkpoints_grid/cfg001_mlp_mnist_none_b32_rep24_seed96.pt
mlp,mnist,none,32,1,0.001,0.5665070958137512,0.863,25,97,1,./checkpoints_grid/cfg001_mlp_mnist_none_b32_rep25_seed97.pt
mlp,mnist,none,32,1,0.001,0.6087252560257912,0.858,26,98,1,./checkpoints_grid/cfg001_mlp_mnist_none_b32_rep26_seed98.pt
mlp,mnist,none,32,1,0.001,0.5636657871603966,0.887,27,99,1,./checkpoints_grid/cfg001_mlp_mnist_none_b32_rep27_seed99.pt
mlp,mnist,none,32,1,0.001,0.5513975780308247,0.891,28,100,1,./checkpoints_grid/cfg001_mlp_mnist_none_b32_rep28_seed100.pt
mlp,mnist,none,32,1,0.001,0.5675285844802856,0.89,29,101,1,./checkpoints_grid/cfg001_mlp_mnist_none_b32_rep29_seed101.pt
mlp,mnist,topk,1,1,0.001,0.6211319863631017,0.852,0,102,2,./checkpoints_grid/cfg002_mlp_mnist_topk_b1_rep00_seed102.pt
mlp,mnist,topk,1,1,0.001,0.6225102287507468,0.865,1,103,2,./checkpoints_grid/cfg002_mlp_mnist_topk_b1_rep01_seed103.pt
mlp,mnist,topk,1,1,0.001,0.6214168374962514,0.879,2,104,2,./checkpoints_grid/cfg002_mlp_mnist_topk_b1_rep02_seed104.pt
mlp,mnist,topk,1,1,0.001,0.6291078908966353,0.829,3,105,2,./checkpoints_grid/cfg002_mlp_mnist_topk_b1_rep03_seed105.pt
mlp,mnist,topk,1,1,0.001,0.6243012735001299,0.887,4,106,2,./checkpoints_grid/cfg002_mlp_mnist_topk_b1_rep04_seed106.pt
mlp,mnist,topk,1,1,0.001,0.6289550755207357,0.82,5,107,2,./checkpoints_grid/cfg002_mlp_mnist_topk_b1_rep05_seed107.pt
mlp,mnist,topk,1,1,0.001,0.6214625772926667,0.868,6,108,2,./checkpoints_grid/cfg002_mlp_mnist_topk_b1_rep06_seed108.pt
mlp,mnist,topk,1,1,0.001,0.6193185286887543,0.879,7,109,2,./checkpoints_grid/cfg002_mlp_mnist_topk_b1_rep07_seed109.pt
mlp,mnist,topk,1,1,0.001,0.6322886475151965,0.849,8,110,2,./checkpoints_grid/cfg002_mlp_mnist_topk_b1_rep08_seed110.pt
mlp,mnist,topk,1,1,0.001,0.619317908675191,0.82,9,111,2,./checkpoints_grid/cfg002_mlp_mnist_topk_b1_rep09_seed111.pt
mlp,mnist,topk,1,1,0.001,0.6343433370554035,0.862,10,112,2,./checkpoints_grid/cfg002_mlp_mnist_topk_b1_rep10_seed112.pt
mlp,mnist,topk,1,1,0.001,0.6248121775834612,0.885,11,113,2,./checkpoints_grid/cfg002_mlp_mnist_topk_b1_rep11_seed113.pt
mlp,mnist,topk,1,1,0.001,0.6386233793686165,0.882,12,114,2,./checkpoints_grid/cfg002_mlp_mnist_topk_b1_rep12_seed114.pt
mlp,mnist,topk,1,1,0.001,0.6140771117789523,0.85,13,115,2,./checkpoints_grid/cfg002_mlp_mnist_topk_b1_rep13_seed115.pt
mlp,mnist,topk,1,1,0.001,0.6118279877723803,0.88,14,116,2,./checkpoints_grid/cfg002_mlp_mnist_topk_b1_rep14_seed116.pt
mlp,mnist,topk,1,1,0.001,0.6227670063482799,0.863,15,117,2,./checkpoints_grid/cfg002_mlp_mnist_topk_b1_rep15_seed117.pt
mlp,mnist,topk,1,1,0.001,0.6234952734470246,0.845,16,118,2,./checkpoints_grid/cfg002_mlp_mnist_topk_b1_rep16_seed118.pt
mlp,mnist,topk,1,1,0.001,0.6171405005054925,0.81,17,119,2,./checkpoints_grid/cfg002_mlp_mnist_topk_b1_rep17_seed119.pt
mlp,mnist,topk,1,1,0.001,0.6303492089604801,0.841,18,120,2,./checkpoints_grid/cfg002_mlp_mnist_topk_b1_rep18_seed120.pt
mlp,mnist,topk,1,1,0.001,0.6438334860808028,0.862,19,121,2,./checkpoints_grid/cfg002_mlp_mnist_topk_b1_rep19_seed121.pt
mlp,mnist,topk,1,1,0.001,0.6026049899443411,0.873,20,122,2,./checkpoints_grid/cfg002_mlp_mnist_topk_b1_rep20_seed122.pt
mlp,mnist,topk,1,1,0.001,0.6173708704716052,0.825,21,123,2,./checkpoints_grid/cfg002_mlp_mnist_topk_b1_rep21_seed123.pt
mlp,mnist,topk,1,1,0.001,0.6300200075084151,0.878,22,124,2,./checkpoints_grid/cfg002_mlp_mnist_topk_b1_rep22_seed124.pt
mlp,mnist,topk,1,1,0.001,0.6127773125774052,0.86,23,125,2,./checkpoints_grid/cfg002_mlp_mnist_topk_b1_rep23_seed125.pt
mlp,mnist,topk,1,1,0.001,0.6279786143141904,0.859,24,126,2,./checkpoints_grid/cfg002_mlp_mnist_topk_b1_rep24_seed126.pt
mlp,mnist,topk,1,1,0.001,0.6277156856378305,0.88,25,127,2,./checkpoints_grid/cfg002_mlp_mnist_topk_b1_rep25_seed127.pt
mlp,mnist,topk,1,1,0.001,0.6292163448181629,0.826,26,128,2,./checkpoints_grid/cfg002_mlp_mnist_topk_b1_rep26_seed128.pt
mlp,mnist,topk,1,1,0.001,0.6182125037265274,0.867,27,129,2,./checkpoints_grid/cfg002_mlp_mnist_topk_b1_rep27_seed129.pt
mlp,mnist,topk,1,1,0.001,0.6194971085701347,0.868,28,130,2,./checkpoints_grid/cfg002_mlp_mnist_topk_b1_rep28_seed130.pt
mlp,mnist,topk,1,1,0.001,0.6233592066790696,0.841,29,131,2,./checkpoints_grid/cfg002_mlp_mnist_topk_b1_rep29_seed131.pt
mlp,mnist,topk,32,1,0.001,0.6284029098749161,0.88,0,132,3,./checkpoints_grid/cfg003_mlp_mnist_topk_b32_rep00_seed132.pt
mlp,mnist,topk,32,1,0.001,0.6530755240917205,0.844,1,133,3,./checkpoints_grid/cfg003_mlp_mnist_topk_b32_rep01_seed133.pt
mlp,mnist,topk,32,1,0.001,0.6372771674990654,0.893,2,134,3,./checkpoints_grid/cfg003_mlp_mnist_topk_b32_rep02_seed134.pt
mlp,mnist,topk,32,1,0.001,0.6561738398075104,0.881,3,135,3,./checkpoints_grid/cfg003_mlp_mnist_topk_b32_rep03_seed135.pt
mlp,mnist,topk,32,1,0.001,0.6306372814178467,0.872,4,136,3,./checkpoints_grid/cfg003_mlp_mnist_topk_b32_rep04_seed136.pt
mlp,mnist,topk,32,1,0.001,0.6103257426023483,0.885,5,137,3,./checkpoints_grid/cfg003_mlp_mnist_topk_b32_rep05_seed137.pt
mlp,mnist,topk,32,1,0.001,0.6455634292364121,0.879,6,138,3,./checkpoints_grid/cfg003_mlp_mnist_topk_b32_rep06_seed138.pt
mlp,mnist,topk,32,1,0.001,0.6252493076324462,0.893,7,139,3,./checkpoints_grid/cfg003_mlp_mnist_topk_b32_rep07_seed139.pt
mlp,mnist,topk,32,1,0.001,0.634874592781067,0.873,8,140,3,./checkpoints_grid/cfg003_mlp_mnist_topk_b32_rep08_seed140.pt
mlp,mnist,topk,32,1,0.001,0.6374669330716133,0.879,9,141,3,./checkpoints_grid/cfg003_mlp_mnist_topk_b32_rep09_seed141.pt
mlp,mnist,topk,32,1,0.001,0.6274717720746994,0.872,10,142,3,./checkpoints_grid/cfg003_mlp_mnist_topk_b32_rep10_seed142.pt
mlp,mnist,topk,32,1,0.001,0.641219366312027,0.886,11,143,3,./checkpoints_grid/cfg003_mlp_mnist_topk_b32_rep11_seed143.pt
mlp,mnist,topk,32,1,0.001,0.6349150157570839,0.88,12,144,3,./checkpoints_grid/cfg003_mlp_mnist_topk_b32_rep12_seed144.pt
mlp,mnist,topk,32,1,0.001,0.6231217686533927,0.885,13,145,3,./checkpoints_grid/cfg003_mlp_mnist_topk_b32_rep13_seed145.pt
mlp,mnist,topk,32,1,0.001,0.6386598799824714,0.861,14,146,3,./checkpoints_grid/cfg003_mlp_mnist_topk_b32_rep14_seed146.pt
mlp,mnist,topk,32,1,0.001,0.6103844123482705,0.838,15,147,3,./checkpoints_grid/cfg003_mlp_mnist_topk_b32_rep15_seed147.pt
mlp,mnist,topk,32,1,0.001,0.6272765344381332,0.877,16,148,3,./checkpoints_grid/cfg003_mlp_mnist_topk_b32_rep16_seed148.pt
mlp,mnist,topk,32,1,0.001,0.611534177005291,0.879,17,149,3,./checkpoints_grid/cfg003_mlp_mnist_topk_b32_rep17_seed149.pt
mlp,mnist,topk,32,1,0.001,0.6468207600712776,0.868,18,150,3,./checkpoints_grid/cfg003_mlp_mnist_topk_b32_rep18_seed150.pt
mlp,mnist,topk,32,1,0.001,0.6406904493570328,0.881,19,151,3,./checkpoints_grid/cfg003_mlp_mnist_topk_b32_rep19_seed151.pt
mlp,mnist,topk,32,1,0.001,0.6438044581413269,0.887,20,152,3,./checkpoints_grid/cfg003_mlp_mnist_topk_b32_rep20_seed152.pt
mlp,mnist,topk,32,1,0.001,0.6290417556762695,0.885,21,153,3,./checkpoints_grid/cfg003_mlp_mnist_topk_b32_rep21_seed153.pt
mlp,mnist,topk,32,1,0.001,0.6191945520639419,0.891,22,154,3,./checkpoints_grid/cfg003_mlp_mnist_topk_b32_rep22_seed154.pt
mlp,mnist,topk,32,1,0.001,0.6210017949342728,0.871,23,155,3,./checkpoints_grid/cfg003_mlp_mnist_topk_b32_rep23_seed155.pt
mlp,mnist,topk,32,1,0.001,0.649540868461132,0.855,24,156,3,./checkpoints_grid/cfg003_mlp_mnist_topk_b32_rep24_seed156.pt
mlp,mnist,topk,32,1,0.001,0.6382181814908982,0.885,25,157,3,./checkpoints_grid/cfg003_mlp_mnist_topk_b32_rep25_seed157.pt
mlp,mnist,topk,32,1,0.001,0.6673835144042969,0.875,26,158,3,./checkpoints_grid/cfg003_mlp_mnist_topk_b32_rep26_seed158.pt
mlp,mnist,topk,32,1,0.001,0.623405351281166,0.856,27,159,3,./checkpoints_grid/cfg003_mlp_mnist_topk_b32_rep27_seed159.pt
mlp,mnist,topk,32,1,0.001,0.630067401766777,0.885,28,160,3,./checkpoints_grid/cfg003_mlp_mnist_topk_b32_rep28_seed160.pt
mlp,mnist,topk,32,1,0.001,0.6344903402924538,0.873,29,161,3,./checkpoints_grid/cfg003_mlp_mnist_topk_b32_rep29_seed161.pt
mlp,mnist,dpsgd,1,1,0.001,2.2888321554213764,0.269,0,162,4,./checkpoints_grid/cfg004_mlp_mnist_dpsgd_b1_rep00_seed162.pt
mlp,mnist,dpsgd,1,1,0.001,2.267996220000088,0.242,1,163,4,./checkpoints_grid/cfg004_mlp_mnist_dpsgd_b1_rep01_seed163.pt
mlp,mnist,dpsgd,1,1,0.001,2.2638478879407047,0.217,2,164,4,./checkpoints_grid/cfg004_mlp_mnist_dpsgd_b1_rep02_seed164.pt
mlp,mnist,dpsgd,1,1,0.001,2.2965151403322817,0.285,3,165,4,./checkpoints_grid/cfg004_mlp_mnist_dpsgd_b1_rep03_seed165.pt
mlp,mnist,dpsgd,1,1,0.001,2.266201695587486,0.218,4,166,4,./checkpoints_grid/cfg004_mlp_mnist_dpsgd_b1_rep04_seed166.pt
mlp,mnist,dpsgd,1,1,0.001,2.291685056485236,0.138,5,167,4,./checkpoints_grid/cfg004_mlp_mnist_dpsgd_b1_rep05_seed167.pt
mlp,mnist,dpsgd,1,1,0.001,2.2683286581374706,0.258,6,168,4,./checkpoints_grid/cfg004_mlp_mnist_dpsgd_b1_rep06_seed168.pt
mlp,mnist,dpsgd,1,1,0.001,2.1599599396288394,0.239,7,169,4,./checkpoints_grid/cfg004_mlp_mnist_dpsgd_b1_rep07_seed169.pt
mlp,mnist,dpsgd,1,1,0.001,2.279524670969695,0.234,8,170,4,./checkpoints_grid/cfg004_mlp_mnist_dpsgd_b1_rep08_seed170.pt
mlp,mnist,dpsgd,1,1,0.001,2.2981504722349344,0.259,9,171,4,./checkpoints_grid/cfg004_mlp_mnist_dpsgd_b1_rep09_seed171.pt
mlp,mnist,dpsgd,1,1,0.001,2.2637744090892373,0.285,10,172,4,./checkpoints_grid/cfg004_mlp_mnist_dpsgd_b1_rep10_seed172.pt
mlp,mnist,dpsgd,1,1,0.001,2.3000622784532605,0.288,11,173,4,./checkpoints_grid/cfg004_mlp_mnist_dpsgd_b1_rep11_seed173.pt
mlp,mnist,dpsgd,1,1,0.001,2.279035220561549,0.181,12,174,4,./checkpoints_grid/cfg004_mlp_mnist_dpsgd_b1_rep12_seed174.pt
mlp,mnist,dpsgd,1,1,0.001,2.291489555601962,0.172,13,175,4,./checkpoints_grid/cfg004_mlp_mnist_dpsgd_b1_rep13_seed175.pt
mlp,mnist,dpsgd,1,1,0.001,2.30196750164032,0.246,14,176,4,./checkpoints_grid/cfg004_mlp_mnist_dpsgd_b1_rep14_seed176.pt
mlp,mnist,dpsgd,1,1,0.001,2.279141642626375,0.221,15,177,4,./checkpoints_grid/cfg004_mlp_mnist_dpsgd_b1_rep15_seed177.pt
mlp,mnist,dpsgd,1,1,0.001,2.293098886041902,0.202,16,178,4,./checkpoints_grid/cfg004_mlp_mnist_dpsgd_b1_rep16_seed178.pt
mlp,mnist,dpsgd,1,1,0.001,2.1523798349499703,0.247,17,179,4,./checkpoints_grid/cfg004_mlp_mnist_dpsgd_b1_rep17_seed179.pt
mlp,mnist,dpsgd,1,1,0.001,2.275254829350859,0.271,18,180,4,./checkpoints_grid/cfg004_mlp_mnist_dpsgd_b1_rep18_seed180.pt
mlp,mnist,dpsgd,1,1,0.001,2.2132128994138913,0.271,19,181,4,./checkpoints_grid/cfg004_mlp_mnist_dpsgd_b1_rep19_seed181.pt
mlp,mnist,dpsgd,1,1,0.001,2.2974454408548772,0.153,20,182,4,./checkpoints_grid/cfg004_mlp_mnist_dpsgd_b1_rep20_seed182.pt
mlp,mnist,dpsgd,1,1,0.001,2.2554032760709526,0.27,21,183,4,./checkpoints_grid/cfg004_mlp_mnist_dpsgd_b1_rep21_seed183.pt
mlp,mnist,dpsgd,1,1,0.001,2.239904095531441,0.278,22,184,4,./checkpoints_grid/cfg004_mlp_mnist_dpsgd_b1_rep22_seed184.pt
mlp,mnist,dpsgd,1,1,0.001,2.2643116144016386,0.175,23,185,4,./checkpoints_grid/cfg004_mlp_mnist_dpsgd_b1_rep23_seed185.pt
mlp,mnist,dpsgd,1,1,0.001,2.2221634112596513,0.234,24,186,4,./checkpoints_grid/cfg004_mlp_mnist_dpsgd_b1_rep24_seed186.pt
mlp,mnist,dpsgd,1,1,0.001,2.1722393604554235,0.307,25,187,4,./checkpoints_grid/cfg004_mlp_mnist_dpsgd_b1_rep25_seed187.pt
mlp,mnist,dpsgd,1,1,0.001,2.199304288722575,0.182,26,188,4,./checkpoints_grid/cfg004_mlp_mnist_dpsgd_b1_rep26_seed188.pt
mlp,mnist,dpsgd,1,1,0.001,2.262859843391925,0.273,27,189,4,./checkpoints_grid/cfg004_mlp_mnist_dpsgd_b1_rep27_seed189.pt
mlp,mnist,dpsgd,1,1,0.001,2.24633289417997,0.272,28,190,4,./checkpoints_grid/cfg004_mlp_mnist_dpsgd_b1_rep28_seed190.pt
mlp,mnist,dpsgd,1,1,0.001,2.2675847413390873,0.232,29,191,4,./checkpoints_grid/cfg004_mlp_mnist_dpsgd_b1_rep29_seed191.pt
mlp,mnist,dpsgd,32,1,0.001,2.2881657848358152,0.146,0,192,5,./checkpoints_grid/cfg005_mlp_mnist_dpsgd_b32_rep00_seed192.pt
mlp,mnist,dpsgd,32,1,0.001,2.2973579692840578,0.117,1,193,5,./checkpoints_grid/cfg005_mlp_mnist_dpsgd_b32_rep01_seed193.pt
mlp,mnist,dpsgd,32,1,0.001,2.28224630355835,0.188,2,194,5,./checkpoints_grid/cfg005_mlp_mnist_dpsgd_b32_rep02_seed194.pt
mlp,mnist,dpsgd,32,1,0.001,2.289343402862549,0.141,3,195,5,./checkpoints_grid/cfg005_mlp_mnist_dpsgd_b32_rep03_seed195.pt
mlp,mnist,dpsgd,32,1,0.001,2.2862210731506347,0.12,4,196,5,./checkpoints_grid/cfg005_mlp_mnist_dpsgd_b32_rep04_seed196.pt
mlp,mnist,dpsgd,32,1,0.001,2.288948862075806,0.181,5,197,5,./checkpoints_grid/cfg005_mlp_mnist_dpsgd_b32_rep05_seed197.pt
mlp,mnist,dpsgd,32,1,0.001,2.284090139389038,0.16,6,198,5,./checkpoints_grid/cfg005_mlp_mnist_dpsgd_b32_rep06_seed198.pt
mlp,mnist,dpsgd,32,1,0.001,2.285113483428955,0.169,7,199,5,./checkpoints_grid/cfg005_mlp_mnist_dpsgd_b32_rep07_seed199.pt
mlp,mnist,dpsgd,32,1,0.001,2.2972902717590333,0.172,8,200,5,./checkpoints_grid/cfg005_mlp_mnist_dpsgd_b32_rep08_seed200.pt
mlp,mnist,dpsgd,32,1,0.001,2.285727018356323,0.121,9,201,5,./checkpoints_grid/cfg005_mlp_mnist_dpsgd_b32_rep09_seed201.pt
mlp,mnist,dpsgd,32,1,0.001,2.2880595951080323,0.151,10,202,5,./checkpoints_grid/cfg005_mlp_mnist_dpsgd_b32_rep10_seed202.pt
mlp,mnist,dpsgd,32,1,0.001,2.295190019607544,0.172,11,203,5,./checkpoints_grid/cfg005_mlp_mnist_dpsgd_b32_rep11_seed203.pt
mlp,mnist,dpsgd,32,1,0.001,2.2841191864013672,0.17,12,204,5,./checkpoints_grid/cfg005_mlp_mnist_dpsgd_b32_rep12_seed204.pt
mlp,mnist,dpsgd,32,1,0.001,2.289976083755493,0.199,13,205,5,./checkpoints_grid/cfg005_mlp_mnist_dpsgd_b32_rep13_seed205.pt
mlp,mnist,dpsgd,32,1,0.001,2.2952222843170165,0.141,14,206,5,./checkpoints_grid/cfg005_mlp_mnist_dpsgd_b32_rep14_seed206.pt
mlp,mnist,dpsgd,32,1,0.001,2.298372974395752,0.209,15,207,5,./checkpoints_grid/cfg005_mlp_mnist_dpsgd_b32_rep15_seed207.pt
mlp,mnist,dpsgd,32,1,0.001,2.2999588184356687,0.108,16,208,5,./checkpoints_grid/cfg005_mlp_mnist_dpsgd_b32_rep16_seed208.pt
mlp,mnist,dpsgd,32,1,0.001,2.303257577896118,0.12,17,209,5,./checkpoints_grid/cfg005_mlp_mnist_dpsgd_b32_rep17_seed209.pt
mlp,mnist,dpsgd,32,1,0.001,2.3005495738983153,0.118,18,210,5,./checkpoints_grid/cfg005_mlp_mnist_dpsgd_b32_rep18_seed210.pt
mlp,mnist,dpsgd,32,1,0.001,2.293828197479248,0.204,19,211,5,./checkpoints_grid/cfg005_mlp_mnist_dpsgd_b32_rep19_seed211.pt
mlp,mnist,dpsgd,32,1,0.001,2.3020940189361574,0.137,20,212,5,./checkpoints_grid/cfg005_mlp_mnist_dpsgd_b32_rep20_seed212.pt
mlp,mnist,dpsgd,32,1,0.001,2.298187702178955,0.135,21,213,5,./checkpoints_grid/cfg005_mlp_mnist_dpsgd_b32_rep21_seed213.pt
mlp,mnist,dpsgd,32,1,0.001,2.2887848262786865,0.183,22,214,5,./checkpoints_grid/cfg005_mlp_mnist_dpsgd_b32_rep22_seed214.pt
mlp,mnist,dpsgd,32,1,0.001,2.3053205528259277,0.09,23,215,5,./checkpoints_grid/cfg005_mlp_mnist_dpsgd_b32_rep23_seed215.pt
mlp,mnist,dpsgd,32,1,0.001,2.283602067947388,0.156,24,216,5,./checkpoints_grid/cfg005_mlp_mnist_dpsgd_b32_rep24_seed216.pt
mlp,mnist,dpsgd,32,1,0.001,2.298325487136841,0.151,25,217,5,./checkpoints_grid/cfg005_mlp_mnist_dpsgd_b32_rep25_seed217.pt
mlp,mnist,dpsgd,32,1,0.001,2.2811037616729735,0.183,26,218,5,./checkpoints_grid/cfg005_mlp_mnist_dpsgd_b32_rep26_seed218.pt
mlp,mnist,dpsgd,32,1,0.001,2.2958561477661132,0.161,27,219,5,./checkpoints_grid/cfg005_mlp_mnist_dpsgd_b32_rep27_seed219.pt
mlp,mnist,dpsgd,32,1,0.001,2.2878876991271975,0.134,28,220,5,./checkpoints_grid/cfg005_mlp_mnist_dpsgd_b32_rep28_seed220.pt
mlp,mnist,dpsgd,32,1,0.001,2.2952968769073485,0.151,29,221,5,./checkpoints_grid/cfg005_mlp_mnist_dpsgd_b32_rep29_seed221.pt
mlp,mnist,randomk,1,1,0.001,0.5656289589108078,0.868,0,222,6,./checkpoints_grid/cfg006_mlp_mnist_randomk_b1_rep00_seed222.pt
mlp,mnist,randomk,1,1,0.001,0.5591480688191723,0.891,1,223,6,./checkpoints_grid/cfg006_mlp_mnist_randomk_b1_rep01_seed223.pt
mlp,mnist,randomk,1,1,0.001,0.5539839000084507,0.852,2,224,6,./checkpoints_grid/cfg006_mlp_mnist_randomk_b1_rep02_seed224.pt
mlp,mnist,randomk,1,1,0.001,0.5638642414261926,0.839,3,225,6,./checkpoints_grid/cfg006_mlp_mnist_randomk_b1_rep03_seed225.pt
mlp,mnist,randomk,1,1,0.001,0.5507969116123871,0.881,4,226,6,./checkpoints_grid/cfg006_mlp_mnist_randomk_b1_rep04_seed226.pt
mlp,mnist,randomk,1,1,0.001,0.5685643588916649,0.858,5,227,6,./checkpoints_grid/cfg006_mlp_mnist_randomk_b1_rep05_seed227.pt
mlp,mnist,randomk,1,1,0.001,0.5628764702261005,0.885,6,228,6,./checkpoints_grid/cfg006_mlp_mnist_randomk_b1_rep06_seed228.pt
mlp,mnist,randomk,1,1,0.001,0.5418544620431408,0.829,7,229,6,./checkpoints_grid/cfg006_mlp_mnist_randomk_b1_rep07_seed229.pt
mlp,mnist,randomk,1,1,0.001,0.553147533611075,0.871,8,230,6,./checkpoints_grid/cfg006_mlp_mnist_randomk_b1_rep08_seed230.pt
mlp,mnist,randomk,1,1,0.001,0.5679000606276859,0.884,9,231,6,./checkpoints_grid/cfg006_mlp_mnist_randomk_b1_rep09_seed231.pt
mlp,mnist,randomk,1,1,0.001,0.5532068091944141,0.866,10,232,6,./checkpoints_grid/cfg006_mlp_mnist_randomk_b1_rep10_seed232.pt
mlp,mnist,randomk,1,1,0.001,0.5557204591276826,0.842,11,233,6,./checkpoints_grid/cfg006_mlp_mnist_randomk_b1_rep11_seed233.pt
mlp,mnist,randomk,1,1,0.001,0.5657991342296117,0.876,12,234,6,./checkpoints_grid/cfg006_mlp_mnist_randomk_b1_rep12_seed234.pt
mlp,mnist,randomk,1,1,0.001,0.5595582306501866,0.877,13,235,6,./checkpoints_grid/cfg006_mlp_mnist_randomk_b1_rep13_seed235.pt
mlp,mnist,randomk,1,1,0.001,0.5427943548232045,0.881,14,236,6,./checkpoints_grid/cfg006_mlp_mnist_randomk_b1_rep14_seed236.pt
mlp,mnist,randomk,1,1,0.001,0.5642849586132869,0.829,15,237,6,./checkpoints_grid/cfg006_mlp_mnist_randomk_b1_rep15_seed237.pt
mlp,mnist,randomk,1,1,0.001,0.5581016668311101,0.876,16,238,6,./checkpoints_grid/cfg006_mlp_mnist_randomk_b1_rep16_seed238.pt
mlp,mnist,randomk,1,1,0.001,0.545883600682915,0.864,17,239,6,./checkpoints_grid/cfg006_mlp_mnist_randomk_b1_rep17_seed239.pt
mlp,mnist,randomk,1,1,0.001,0.558916985818227,0.867,18,240,6,./checkpoints_grid/cfg006_mlp_mnist_randomk_b1_rep18_seed240.pt
mlp,mnist,randomk,1,1,0.001,0.5529644633408726,0.866,19,241,6,./checkpoints_grid/cfg006_mlp_mnist_randomk_b1_rep19_seed241.pt
mlp,mnist,randomk,1,1,0.001,0.5694036344182487,0.81,20,242,6,./checkpoints_grid/cfg006_mlp_mnist_randomk_b1_rep20_seed242.pt
mlp,mnist,randomk,1,1,0.001,0.5570580503056246,0.861,21,243,6,./checkpoints_grid/cfg006_mlp_mnist_randomk_b1_rep21_seed243.pt
mlp,mnist,randomk,1,1,0.001,0.5421029444654899,0.881,22,244,6,./checkpoints_grid/cfg006_mlp_mnist_randomk_b1_rep22_seed244.pt
mlp,mnist,randomk,1,1,0.001,0.5611349960375573,0.87,23,245,6,./checkpoints_grid/cfg006_mlp_mnist_randomk_b1_rep23_seed245.pt
mlp,mnist,randomk,1,1,0.001,0.5313973966947145,0.839,24,246,6,./checkpoints_grid/cfg006_mlp_mnist_randomk_b1_rep24_seed246.pt
mlp,mnist,randomk,1,1,0.001,0.5550010992062124,0.874,25,247,6,./checkpoints_grid/cfg006_mlp_mnist_randomk_b1_rep25_seed247.pt
mlp,mnist,randomk,1,1,0.001,0.5664103538010526,0.887,26,248,6,./checkpoints_grid/cfg006_mlp_mnist_randomk_b1_rep26_seed248.pt
mlp,mnist,randomk,1,1,0.001,0.5667915896840582,0.864,27,249,6,./checkpoints_grid/cfg006_mlp_mnist_randomk_b1_rep27_seed249.pt
mlp,mnist,randomk,1,1,0.001,0.5640147427332661,0.863,28,250,6,./checkpoints_grid/cfg006_mlp_mnist_randomk_b1_rep28_seed250.pt
mlp,mnist,randomk,1,1,0.001,0.5540377765937313,0.855,29,251,6,./checkpoints_grid/cfg006_mlp_mnist_randomk_b1_rep29_seed251.pt
mlp,mnist,randomk,32,1,0.001,0.8412447043061256,0.868,0,252,7,./checkpoints_grid/cfg007_mlp_mnist_randomk_b32_rep00_seed252.pt
mlp,mnist,randomk,32,1,0.001,0.8528097943067551,0.838,1,253,7,./checkpoints_grid/cfg007_mlp_mnist_randomk_b32_rep01_seed253.pt
mlp,mnist,randomk,32,1,0.001,0.8416714612245559,0.873,2,254,7,./checkpoints_grid/cfg007_mlp_mnist_randomk_b32_rep02_seed254.pt
mlp,mnist,randomk,32,1,0.001,0.8602727892398834,0.848,3,255,7,./checkpoints_grid/cfg007_mlp_mnist_randomk_b32_rep03_seed255.pt
mlp,mnist,randomk,32,1,0.001,0.8521535964608192,0.851,4,256,7,./checkpoints_grid/cfg007_mlp_mnist_randomk_b32_rep04_seed256.pt
mlp,mnist,randomk,32,1,0.001,0.8733608728647232,0.868,5,257,7,./checkpoints_grid/cfg007_mlp_mnist_randomk_b32_rep05_seed257.pt
mlp,mnist,randomk,32,1,0.001,0.8408829791545868,0.864,6,258,7,./checkpoints_grid/cfg007_mlp_mnist_randomk_b32_rep06_seed258.pt
mlp,mnist,randomk,32,1,0.001,0.8504521139860153,0.857,7,259,7,./checkpoints_grid/cfg007_mlp_mnist_randomk_b32_rep07_seed259.pt
mlp,mnist,randomk,32,1,0.001,0.8662938009500504,0.855,8,260,7,./checkpoints_grid/cfg007_mlp_mnist_randomk_b32_rep08_seed260.pt
mlp,mnist,randomk,32,1,0.001,0.8716695513725281,0.857,9,261,7,./checkpoints_grid/cfg007_mlp_mnist_randomk_b32_rep09_seed261.pt
mlp,mnist,randomk,32,1,0.001,0.8590922303199768,0.847,10,262,7,./checkpoints_grid/cfg007_mlp_mnist_randomk_b32_rep10_seed262.pt
mlp,mnist,randomk,32,1,0.001,0.857116969704628,0.875,11,263,7,./checkpoints_grid/cfg007_mlp_mnist_randomk_b32_rep11_seed263.pt
mlp,mnist,randomk,32,1,0.001,0.8229556037187576,0.865,12,264,7,./checkpoints_grid/cfg007_mlp_mnist_randomk_b32_rep12_seed264.pt
mlp,mnist,randomk,32,1,0.001,0.8442063138484955,0.828,13,265,7,./checkpoints_grid/cfg007_mlp_mnist_randomk_b32_rep13_seed265.pt
mlp,mnist,randomk,32,1,0.001,0.8366599807739258,0.86,14,266,7,./checkpoints_grid/cfg007_mlp_mnist_randomk_b32_rep14_seed266.pt
mlp,mnist,randomk,32,1,0.001,0.8388803342580795,0.867,15,267,7,./checkpoints_grid/cfg007_mlp_mnist_randomk_b32_rep15_seed267.pt
mlp,mnist,randomk,32,1,0.001,0.8387768195867539,0.866,16,268,7,./checkpoints_grid/cfg007_mlp_mnist_randomk_b32_rep16_seed268.pt
mlp,mnist,randomk,32,1,0.001,0.8662844483852387,0.872,17,269,7,./checkpoints_grid/cfg007_mlp_mnist_randomk_b32_rep17_seed269.pt
mlp,mnist,randomk,32,1,0.001,0.8379955742955207,0.864,18,270,7,./checkpoints_grid/cfg007_mlp_mnist_randomk_b32_rep18_seed270.pt
mlp,mnist,randomk,32,1,0.001,0.8659653151035309,0.862,19,271,7,./checkpoints_grid/cfg007_mlp_mnist_randomk_b32_rep19_seed271.pt
mlp,mnist,randomk,32,1,0.001,0.8353864755630493,0.865,20,272,7,./checkpoints_grid/cfg007_mlp_mnist_randomk_b32_rep20_seed272.pt
mlp,mnist,randomk,32,1,0.001,0.8459846557378768,0.859,21,273,7,./checkpoints_grid/cfg007_mlp_mnist_randomk_b32_rep21_seed273.pt
mlp,mnist,randomk,32,1,0.001,0.8495285489559173,0.861,22,274,7,./checkpoints_grid/cfg007_mlp_mnist_randomk_b32_rep22_seed274.pt
mlp,mnist,randomk,32,1,0.001,0.8673853586912155,0.857,23,275,7,./checkpoints_grid/cfg007_mlp_mnist_randomk_b32_rep23_seed275.pt
mlp,mnist,randomk,32,1,0.001,0.8349251534938812,0.86,24,276,7,./checkpoints_grid/cfg007_mlp_mnist_randomk_b32_rep24_seed276.pt
mlp,mnist,randomk,32,1,0.001,0.8280303200483322,0.834,25,277,7,./checkpoints_grid/cfg007_mlp_mnist_randomk_b32_rep25_seed277.pt
mlp,mnist,randomk,32,1,0.001,0.8347817046642303,0.86,26,278,7,./checkpoints_grid/cfg007_mlp_mnist_randomk_b32_rep26_seed278.pt
mlp,mnist,randomk,32,1,0.001,0.8541287416219712,0.836,27,279,7,./checkpoints_grid/cfg007_mlp_mnist_randomk_b32_rep27_seed279.pt
mlp,mnist,randomk,32,1,0.001,0.8487216117382049,0.854,28,280,7,./checkpoints_grid/cfg007_mlp_mnist_randomk_b32_rep28_seed280.pt
mlp,mnist,randomk,32,1,0.001,0.8297333928346634,0.867,29,281,7,./checkpoints_grid/cfg007_mlp_mnist_randomk_b32_rep29_seed281.pt
mlp,mnist,qsgd,1,1,0.001,0.565488254135871,0.855,0,282,8,./checkpoints_grid/cfg008_mlp_mnist_qsgd_b1_rep00_seed282.pt
mlp,mnist,qsgd,1,1,0.001,0.5807501957802508,0.846,1,283,8,./checkpoints_grid/cfg008_mlp_mnist_qsgd_b1_rep01_seed283.pt
mlp,mnist,qsgd,1,1,0.001,0.555216698833252,0.837,2,284,8,./checkpoints_grid/cfg008_mlp_mnist_qsgd_b1_rep02_seed284.pt
mlp,mnist,qsgd,1,1,0.001,0.5597558764622459,0.884,3,285,8,./checkpoints_grid/cfg008_mlp_mnist_qsgd_b1_rep03_seed285.pt
mlp,mnist,qsgd,1,1,0.001,0.5535230115296919,0.886,4,286,8,./checkpoints_grid/cfg008_mlp_mnist_qsgd_b1_rep04_seed286.pt
mlp,mnist,qsgd,1,1,0.001,0.5692898310403244,0.839,5,287,8,./checkpoints_grid/cfg008_mlp_mnist_qsgd_b1_rep05_seed287.pt
mlp,mnist,qsgd,1,1,0.001,0.5551133707196865,0.884,6,288,8,./checkpoints_grid/cfg008_mlp_mnist_qsgd_b1_rep06_seed288.pt
mlp,mnist,qsgd,1,1,0.001,0.5643496806977504,0.871,7,289,8,./checkpoints_grid/cfg008_mlp_mnist_qsgd_b1_rep07_seed289.pt
mlp,mnist,qsgd,1,1,0.001,0.54567195293721,0.85,8,290,8,./checkpoints_grid/cfg008_mlp_mnist_qsgd_b1_rep08_seed290.pt
mlp,mnist,qsgd,1,1,0.001,0.575391896433546,0.852,9,291,8,./checkpoints_grid/cfg008_mlp_mnist_qsgd_b1_rep09_seed291.pt
mlp,mnist,qsgd,1,1,0.001,0.5480956700273718,0.85,10,292,8,./checkpoints_grid/cfg008_mlp_mnist_qsgd_b1_rep10_seed292.pt
mlp,mnist,qsgd,1,1,0.001,0.5637778780563231,0.885,11,293,8,./checkpoints_grid/cfg008_mlp_mnist_qsgd_b1_rep11_seed293.pt
mlp,mnist,qsgd,1,1,0.001,0.5678907183861225,0.862,12,294,8,./checkpoints_grid/cfg008_mlp_mnist_qsgd_b1_rep12_seed294.pt
mlp,mnist,qsgd,1,1,0.001,0.5621063757952772,0.859,13,295,8,./checkpoints_grid/cfg008_mlp_mnist_qsgd_b1_rep13_seed295.pt
mlp,mnist,qsgd,1,1,0.001,0.568049338604922,0.869,14,296,8,./checkpoints_grid/cfg008_mlp_mnist_qsgd_b1_rep14_seed296.pt
mlp,mnist,qsgd,1,1,0.001,0.5514010452885615,0.872,15,297,8,./checkpoints_grid/cfg008_mlp_mnist_qsgd_b1_rep15_seed297.pt
mlp,mnist,qsgd,1,1,0.001,0.5619652977306735,0.881,16,298,8,./checkpoints_grid/cfg008_mlp_mnist_qsgd_b1_rep16_seed298.pt
mlp,mnist,qsgd,1,1,0.001,0.5614947832749365,0.85,17,299,8,./checkpoints_grid/cfg008_mlp_mnist_qsgd_b1_rep17_seed299.pt
mlp,mnist,qsgd,1,1,0.001,0.5673183145891059,0.842,18,300,8,./checkpoints_grid/cfg008_mlp_mnist_qsgd_b1_rep18_seed300.pt
mlp,mnist,qsgd,1,1,0.001,0.5707310595159548,0.869,19,301,8,./checkpoints_grid/cfg008_mlp_mnist_qsgd_b1_rep19_seed301.pt
mlp,mnist,qsgd,1,1,0.001,0.5601666993133513,0.871,20,302,8,./checkpoints_grid/cfg008_mlp_mnist_qsgd_b1_rep20_seed302.pt
mlp,mnist,qsgd,1,1,0.001,0.5745911780101006,0.874,21,303,8,./checkpoints_grid/cfg008_mlp_mnist_qsgd_b1_rep21_seed303.pt
mlp,mnist,qsgd,1,1,0.001,0.5630070397591993,0.854,22,304,8,./checkpoints_grid/cfg008_mlp_mnist_qsgd_b1_rep22_seed304.pt
mlp,mnist,qsgd,1,1,0.001,0.558022884518919,0.87,23,305,8,./checkpoints_grid/cfg008_mlp_mnist_qsgd_b1_rep23_seed305.pt
mlp,mnist,qsgd,1,1,0.001,0.5746460953886069,0.879,24,306,8,./checkpoints_grid/cfg008_mlp_mnist_qsgd_b1_rep24_seed306.pt
mlp,mnist,qsgd,1,1,0.001,0.5565971779244043,0.868,25,307,8,./checkpoints_grid/cfg008_mlp_mnist_qsgd_b1_rep25_seed307.pt
mlp,mnist,qsgd,1,1,0.001,0.5636761104712428,0.882,26,308,8,./checkpoints_grid/cfg008_mlp_mnist_qsgd_b1_rep26_seed308.pt
mlp,mnist,qsgd,1,1,0.001,0.5682420754150206,0.868,27,309,8,./checkpoints_grid/cfg008_mlp_mnist_qsgd_b1_rep27_seed309.pt
mlp,mnist,qsgd,1,1,0.001,0.5637099940789572,0.866,28,310,8,./checkpoints_grid/cfg008_mlp_mnist_qsgd_b1_rep28_seed310.pt
mlp,mnist,qsgd,1,1,0.001,0.5571644095550173,0.85,29,311,8,./checkpoints_grid/cfg008_mlp_mnist_qsgd_b1_rep29_seed311.pt
mlp,mnist,qsgd,32,1,0.001,1.167312881708145,0.831,0,312,9,./checkpoints_grid/cfg009_mlp_mnist_qsgd_b32_rep00_seed312.pt
mlp,mnist,qsgd,32,1,0.001,1.2122166323661805,0.848,1,313,9,./checkpoints_grid/cfg009_mlp_mnist_qsgd_b32_rep01_seed313.pt
mlp,mnist,qsgd,32,1,0.001,1.1745576303005218,0.825,2,314,9,./checkpoints_grid/cfg009_mlp_mnist_qsgd_b32_rep02_seed314.pt
mlp,mnist,qsgd,32,1,0.001,1.1729797763824463,0.857,3,315,9,./checkpoints_grid/cfg009_mlp_mnist_qsgd_b32_rep03_seed315.pt
mlp,mnist,qsgd,32,1,0.001,1.1681149489879608,0.832,4,316,9,./checkpoints_grid/cfg009_mlp_mnist_qsgd_b32_rep04_seed316.pt
mlp,mnist,qsgd,32,1,0.001,1.1616300832033157,0.814,5,317,9,./checkpoints_grid/cfg009_mlp_mnist_qsgd_b32_rep05_seed317.pt
mlp,mnist,qsgd,32,1,0.001,1.140785611629486,0.849,6,318,9,./checkpoints_grid/cfg009_mlp_mnist_qsgd_b32_rep06_seed318.pt
mlp,mnist,qsgd,32,1,0.001,1.1912590606212616,0.845,7,319,9,./checkpoints_grid/cfg009_mlp_mnist_qsgd_b32_rep07_seed319.pt
mlp,mnist,qsgd,32,1,0.001,1.1620127322673797,0.852,8,320,9,./checkpoints_grid/cfg009_mlp_mnist_qsgd_b32_rep08_seed320.pt
mlp,mnist,qsgd,32,1,0.001,1.1920405397415161,0.844,9,321,9,./checkpoints_grid/cfg009_mlp_mnist_qsgd_b32_rep09_seed321.pt
mlp,mnist,qsgd,32,1,0.001,1.1678149436712264,0.828,10,322,9,./checkpoints_grid/cfg009_mlp_mnist_qsgd_b32_rep10_seed322.pt
mlp,mnist,qsgd,32,1,0.001,1.1804269342422484,0.843,11,323,9,./checkpoints_grid/cfg009_mlp_mnist_qsgd_b32_rep11_seed323.pt
mlp,mnist,qsgd,32,1,0.001,1.170707316160202,0.818,12,324,9,./checkpoints_grid/cfg009_mlp_mnist_qsgd_b32_rep12_seed324.pt
mlp,mnist,qsgd,32,1,0.001,1.1679334371089936,0.845,13,325,9,./checkpoints_grid/cfg009_mlp_mnist_qsgd_b32_rep13_seed325.pt
mlp,mnist,qsgd,32,1,0.001,1.164243957400322,0.844,14,326,9,./checkpoints_grid/cfg009_mlp_mnist_qsgd_b32_rep14_seed326.pt
mlp,mnist,qsgd,32,1,0.001,1.1682012685537337,0.853,15,327,9,./checkpoints_grid/cfg009_mlp_mnist_qsgd_b32_rep15_seed327.pt
mlp,mnist,qsgd,32,1,0.001,1.1607137590646743,0.852,16,328,9,./checkpoints_grid/cfg009_mlp_mnist_qsgd_b32_rep16_seed328.pt
mlp,mnist,qsgd,32,1,0.001,1.1596099367141723,0.832,17,329,9,./checkpoints_grid/cfg009_mlp_mnist_qsgd_b32_rep17_seed329.pt
mlp,mnist,qsgd,32,1,0.001,1.2099890158176423,0.831,18,330,9,./checkpoints_grid/cfg009_mlp_mnist_qsgd_b32_rep18_seed330.pt
mlp,mnist,qsgd,32,1,0.001,1.1758590792417527,0.829,19,331,9,./checkpoints_grid/cfg009_mlp_mnist_qsgd_b32_rep19_seed331.pt
mlp,mnist,qsgd,32,1,0.001,1.150370348930359,0.849,20,332,9,./checkpoints_grid/cfg009_mlp_mnist_qsgd_b32_rep20_seed332.pt
mlp,mnist,qsgd,32,1,0.001,1.1659941673278809,0.823,21,333,9,./checkpoints_grid/cfg009_mlp_mnist_qsgd_b32_rep21_seed333.pt
mlp,mnist,qsgd,32,1,0.001,1.143596334695816,0.856,22,334,9,./checkpoints_grid/cfg009_mlp_mnist_qsgd_b32_rep22_seed334.pt
mlp,mnist,qsgd,32,1,0.001,1.1871064356565475,0.829,23,335,9,./checkpoints_grid/cfg009_mlp_mnist_qsgd_b32_rep23_seed335.pt
mlp,mnist,qsgd,32,1,0.001,1.1760930709838868,0.824,24,336,9,./checkpoints_grid/cfg009_mlp_mnist_qsgd_b32_rep24_seed336.pt
mlp,mnist,qsgd,32,1,0.001,1.2061154642105103,0.836,25,337,9,./checkpoints_grid/cfg009_mlp_mnist_qsgd_b32_rep25_seed337.pt
mlp,mnist,qsgd,32,1,0.001,1.1644140508174896,0.856,26,338,9,./checkpoints_grid/cfg009_mlp_mnist_qsgd_b32_rep26_seed338.pt
mlp,mnist,qsgd,32,1,0.001,1.1586577887535094,0.842,27,339,9,./checkpoints_grid/cfg009_mlp_mnist_qsgd_b32_rep27_seed339.pt
mlp,mnist,qsgd,32,1,0.001,1.1783455901145936,0.849,28,340,9,./checkpoints_grid/cfg009_mlp_mnist_qsgd_b32_rep28_seed340.pt
mlp,mnist,qsgd,32,1,0.001,1.162332397699356,0.827,29,341,9,./checkpoints_grid/cfg009_mlp_mnist_qsgd_b32_rep29_seed341.pt
mlp,fashion-mnist,none,1,1,0.001,0.8657599470134014,0.726,0,342,10,./checkpoints_grid/cfg010_mlp_fashion_mnist_none_b1_rep00_seed342.pt
mlp,fashion-mnist,none,1,1,0.001,0.8768130263982313,0.783,1,343,10,./checkpoints_grid/cfg010_mlp_fashion_mnist_none_b1_rep01_seed343.pt
mlp,fashion-mnist,none,1,1,0.001,0.8768181427879078,0.737,2,344,10,./checkpoints_grid/cfg010_mlp_fashion_mnist_none_b1_rep02_seed344.pt
mlp,fashion-mnist,none,1,1,0.001,0.8804607256265242,0.773,3,345,10,./checkpoints_grid/cfg010_mlp_fashion_mnist_none_b1_rep03_seed345.pt
mlp,fashion-mnist,none,1,1,0.001,0.8664239856186122,0.749,4,346,10,./checkpoints_grid/cfg010_mlp_fashion_mnist_none_b1_rep04_seed346.pt
mlp,fashion-mnist,none,1,1,0.001,0.8741253111648095,0.766,5,347,10,./checkpoints_grid/cfg010_mlp_fashion_mnist_none_b1_rep05_seed347.pt
mlp,fashion-mnist,none,1,1,0.001,0.8600024756698814,0.701,6,348,10,./checkpoints_grid/cfg010_mlp_fashion_mnist_none_b1_rep06_seed348.pt
mlp,fashion-mnist,none,1,1,0.001,0.8771731395887771,0.751,7,349,10,./checkpoints_grid/cfg010_mlp_fashion_mnist_none_b1_rep07_seed349.pt
mlp,fashion-mnist,none,1,1,0.001,0.8736961653579915,0.773,8,350,10,./checkpoints_grid/cfg010_mlp_fashion_mnist_none_b1_rep08_seed350.pt
mlp,fashion-mnist,none,1,1,0.001,0.8831858384352618,0.763,9,351,10,./checkpoints_grid/cfg010_mlp_fashion_mnist_none_b1_rep09_seed351.pt
mlp,fashion-mnist,none,1,1,0.001,0.8659464077192736,0.769,10,352,10,./checkpoints_grid/cfg010_mlp_fashion_mnist_none_b1_rep10_seed352.pt
mlp,fashion-mnist,none,1,1,0.001,0.8637839476098255,0.739,11,353,10,./checkpoints_grid/cfg010_mlp_fashion_mnist_none_b1_rep11_seed353.pt
mlp,fashion-mnist,none,1,1,0.001,0.8622765845515407,0.769,12,354,10,./checkpoints_grid/cfg010_mlp_fashion_mnist_none_b1_rep12_seed354.pt
mlp,fashion-mnist,none,1,1,0.001,0.8666181424390288,0.725,13,355,10,./checkpoints_grid/cfg010_mlp_fashion_mnist_none_b1_rep13_seed355.pt
mlp,fashion-mnist,none,1,1,0.001,0.8718197047626975,0.655,14,356,10,./checkpoints_grid/cfg010_mlp_fashion_mnist_none_b1_rep14_seed356.pt
mlp,fashion-mnist,none,1,1,0.001,0.8519423497951484,0.642,15,357,10,./checkpoints_grid/cfg010_mlp_fashion_mnist_none_b1_rep15_seed357.pt
mlp,fashion-mnist,none,1,1,0.001,0.8602300662149085,0.749,16,358,10,./checkpoints_grid/cfg010_mlp_fashion_mnist_none_b1_rep16_seed358.pt
mlp,fashion-mnist,none,1,1,0.001,0.8693383204486065,0.729,17,359,10,./checkpoints_grid/cfg010_mlp_fashion_mnist_none_b1_rep17_seed359.pt
mlp,fashion-mnist,none,1,1,0.001,0.8708821081984521,0.763,18,360,10,./checkpoints_grid/cfg010_mlp_fashion_mnist_none_b1_rep18_seed360.pt
mlp,fashion-mnist,none,1,1,0.001,0.8485865664224511,0.746,19,361,10,./checkpoints_grid/cfg010_mlp_fashion_mnist_none_b1_rep19_seed361.pt
mlp,fashion-mnist,none,1,1,0.001,0.8681149127818326,0.781,20,362,10,./checkpoints_grid/cfg010_mlp_fashion_mnist_none_b1_rep20_seed362.pt
mlp,fashion-mnist,none,1,1,0.001,0.8738461576358596,0.768,21,363,10,./checkpoints_grid/cfg010_mlp_fashion_mnist_none_b1_rep21_seed363.pt
mlp,fashion-mnist,none,1,1,0.001,0.8709411619857329,0.765,22,364,10,./checkpoints_grid/cfg010_mlp_fashion_mnist_none_b1_rep22_seed364.pt
mlp,fashion-mnist,none,1,1,0.001,0.8730738324066892,0.698,23,365,10,./checkpoints_grid/cfg010_mlp_fashion_mnist_none_b1_rep23_seed365.pt
mlp,fashion-mnist,none,1,1,0.001,0.8651498352267212,0.76,24,366,10,./checkpoints_grid/cfg010_mlp_fashion_mnist_none_b1_rep24_seed366.pt
mlp,fashion-mnist,none,1,1,0.001,0.8904672584614975,0.737,25,367,10,./checkpoints_grid/cfg010_mlp_fashion_mnist_none_b1_rep25_seed367.pt
mlp,fashion-mnist,none,1,1,0.001,0.8981795982985395,0.722,26,368,10,./checkpoints_grid/cfg010_mlp_fashion_mnist_none_b1_rep26_seed368.pt
mlp,fashion-mnist,none,1,1,0.001,0.8703274221892193,0.767,27,369,10,./checkpoints_grid/cfg010_mlp_fashion_mnist_none_b1_rep27_seed369.pt
mlp,fashion-mnist,none,1,1,0.001,0.8723183290597849,0.766,28,370,10,./checkpoints_grid/cfg010_mlp_fashion_mnist_none_b1_rep28_seed370.pt
mlp,fashion-mnist,none,1,1,0.001,0.8858849458116999,0.678,29,371,10,./checkpoints_grid/cfg010_mlp_fashion_mnist_none_b1_rep29_seed371.pt
mlp,fashion-mnist,none,32,1,0.001,0.7548228249549865,0.787,0,372,11,./checkpoints_grid/cfg011_mlp_fashion_mnist_none_b32_rep00_seed372.pt
mlp,fashion-mnist,none,32,1,0.001,0.7550957429409028,0.78,1,373,11,./checkpoints_grid/cfg011_mlp_fashion_mnist_none_b32_rep01_seed373.pt
mlp,fashion-mnist,none,32,1,0.001,0.7459269618988037,0.782,2,374,11,./checkpoints_grid/cfg011_mlp_fashion_mnist_none_b32_rep02_seed374.pt
mlp,fashion-mnist,none,32,1,0.001,0.7559651548862457,0.775,3,375,11,./checkpoints_grid/cfg011_mlp_fashion_mnist_none_b32_rep03_seed375.pt
mlp,fashion-mnist,none,32,1,0.001,0.7640107336044312,0.81,4,376,11,./checkpoints_grid/cfg011_mlp_fashion_mnist_none_b32_rep04_seed376.pt
mlp,fashion-mnist,none,32,1,0.001,0.7574443490505218,0.769,5,377,11,./checkpoints_grid/cfg011_mlp_fashion_mnist_none_b32_rep05_seed377.pt
mlp,fashion-mnist,none,32,1,0.001,0.750871066570282,0.765,6,378,11,./checkpoints_grid/cfg011_mlp_fashion_mnist_none_b32_rep06_seed378.pt
mlp,fashion-mnist,none,32,1,0.001,0.7547120711803437,0.79,7,379,11,./checkpoints_grid/cfg011_mlp_fashion_mnist_none_b32_rep07_seed379.pt
mlp,fashion-mnist,none,32,1,0.001,0.7468240067958832,0.812,8,380,11,./checkpoints_grid/cfg011_mlp_fashion_mnist_none_b32_rep08_seed380.pt
mlp,fashion-mnist,none,32,1,0.001,0.7593848042488098,0.785,9,381,11,./checkpoints_grid/cfg011_mlp_fashion_mnist_none_b32_rep09_seed381.pt
mlp,fashion-mnist,none,32,1,0.001,0.7387420222759247,0.79,10,382,11,./checkpoints_grid/cfg011_mlp_fashion_mnist_none_b32_rep10_seed382.pt
mlp,fashion-mnist,none,32,1,0.001,0.7844430723190308,0.767,11,383,11,./checkpoints_grid/cfg011_mlp_fashion_mnist_none_b32_rep11_seed383.pt
mlp,fashion-mnist,none,32,1,0.001,0.7516116329431534,0.763,12,384,11,./checkpoints_grid/cfg011_mlp_fashion_mnist_none_b32_rep12_seed384.pt
mlp,fashion-mnist,none,32,1,0.001,0.740879855632782,0.784,13,385,11,./checkpoints_grid/cfg011_mlp_fashion_mnist_none_b32_rep13_seed385.pt
mlp,fashion-mnist,none,32,1,0.001,0.75566241979599,0.781,14,386,11,./checkpoints_grid/cfg011_mlp_fashion_mnist_none_b32_rep14_seed386.pt
mlp,fashion-mnist,none,32,1,0.001,0.7581101876497268,0.781,15,387,11,./checkpoints_grid/cfg011_mlp_fashion_mnist_none_b32_rep15_seed387.pt
mlp,fashion-mnist,none,32,1,0.001,0.7707932505607605,0.802,16,388,11,./checkpoints_grid/cfg011_mlp_fashion_mnist_none_b32_rep16_seed388.pt
mlp,fashion-mnist,none,32,1,0.001,0.7365212709903717,0.805,17,389,11,./checkpoints_grid/cfg011_mlp_fashion_mnist_none_b32_rep17_seed389.pt
mlp,fashion-mnist,none,32,1,0.001,0.7486793603897095,0.807,18,390,11,./checkpoints_grid/cfg011_mlp_fashion_mnist_none_b32_rep18_seed390.pt
mlp,fashion-mnist,none,32,1,0.001,0.777622062921524,0.807,19,391,11,./checkpoints_grid/cfg011_mlp_fashion_mnist_none_b32_rep19_seed391.pt
mlp,fashion-mnist,none,32,1,0.001,0.764855848312378,0.764,20,392,11,./checkpoints_grid/cfg011_mlp_fashion_mnist_none_b32_rep20_seed392.pt
mlp,fashion-mnist,none,32,1,0.001,0.7419656339883804,0.728,21,393,11,./checkpoints_grid/cfg011_mlp_fashion_mnist_none_b32_rep21_seed393.pt
mlp,fashion-mnist,none,32,1,0.001,0.7660634665489197,0.74,22,394,11,./checkpoints_grid/cfg011_mlp_fashion_mnist_none_b32_rep22_seed394.pt
mlp,fashion-mnist,none,32,1,0.001,0.7636826720237732,0.787,23,395,11,./checkpoints_grid/cfg011_mlp_fashion_mnist_none_b32_rep23_seed395.pt
mlp,fashion-mnist,none,32,1,0.001,0.7615149631500244,0.779,24,396,11,./checkpoints_grid/cfg011_mlp_fashion_mnist_none_b32_rep24_seed396.pt
mlp,fashion-mnist,none,32,1,0.001,0.7557318315505982,0.815,25,397,11,./checkpoints_grid/cfg011_mlp_fashion_mnist_none_b32_rep25_seed397.pt
mlp,fashion-mnist,none,32,1,0.001,0.7685932576656341,0.757,26,398,11,./checkpoints_grid/cfg011_mlp_fashion_mnist_none_b32_rep26_seed398.pt
mlp,fashion-mnist,none,32,1,0.001,0.7641852731704712,0.789,27,399,11,./checkpoints_grid/cfg011_mlp_fashion_mnist_none_b32_rep27_seed399.pt
mlp,fashion-mnist,none,32,1,0.001,0.7503570237159729,0.774,28,400,11,./checkpoints_grid/cfg011_mlp_fashion_mnist_none_b32_rep28_seed400.pt
mlp,fashion-mnist,none,32,1,0.001,0.7801014857292176,0.789,29,401,11,./checkpoints_grid/cfg011_mlp_fashion_mnist_none_b32_rep29_seed401.pt
mlp,fashion-mnist,topk,1,1,0.001,0.8504509261447786,0.76,0,402,12,./checkpoints_grid/cfg012_mlp_fashion_mnist_topk_b1_rep00_seed402.pt
mlp,fashion-mnist,topk,1,1,0.001,0.8758798910475479,0.765,1,403,12,./checkpoints_grid/cfg012_mlp_fashion_mnist_topk_b1_rep01_seed403.pt
mlp,fashion-mnist,topk,1,1,0.001,0.8729485270647132,0.768,2,404,12,./checkpoints_grid/cfg012_mlp_fashion_mnist_topk_b1_rep02_seed404.pt
mlp,fashion-mnist,topk,1,1,0.001,0.8620110765977071,0.78,3,405,12,./checkpoints_grid/cfg012_mlp_fashion_mnist_topk_b1_rep03_seed405.pt
mlp,fashion-mnist,topk,1,1,0.001,0.8679815755113348,0.765,4,406,12,./checkpoints_grid/cfg012_mlp_fashion_mnist_topk_b1_rep04_seed406.pt
mlp,fashion-mnist,topk,1,1,0.001,0.8797084864639397,0.7,5,407,12,./checkpoints_grid/cfg012_mlp_fashion_mnist_topk_b1_rep05_seed407.pt
mlp,fashion-mnist,topk,1,1,0.001,0.8781353432387108,0.703,6,408,12,./checkpoints_grid/cfg012_mlp_fashion_mnist_topk_b1_rep06_seed408.pt
mlp,fashion-mnist,topk,1,1,0.001,0.8577119375203874,0.766,7,409,12,./checkpoints_grid/cfg012_mlp_fashion_mnist_topk_b1_rep07_seed409.pt
mlp,fashion-mnist,topk,1,1,0.001,0.8802896628412109,0.745,8,410,12,./checkpoints_grid/cfg012_mlp_fashion_mnist_topk_b1_rep08_seed410.pt
mlp,fashion-mnist,topk,1,1,0.001,0.85934704003724,0.759,9,411,12,./checkpoints_grid/cfg012_mlp_fashion_mnist_topk_b1_rep09_seed411.pt
mlp,fashion-mnist,topk,1,1,0.001,0.8789439206867371,0.755,10,412,12,./checkpoints_grid/cfg012_mlp_fashion_mnist_topk_b1_rep10_seed412.pt
mlp,fashion-mnist,topk,1,1,0.001,0.8846001397551928,0.776,11,413,12,./checkpoints_grid/cfg012_mlp_fashion_mnist_topk_b1_rep11_seed413.pt
mlp,fashion-mnist,topk,1,1,0.001,0.8653558456038559,0.781,12,414,12,./checkpoints_grid/cfg012_mlp_fashion_mnist_topk_b1_rep12_seed414.pt
mlp,fashion-mnist,topk,1,1,0.001,0.8826166838332785,0.754,13,415,12,./checkpoints_grid/cfg012_mlp_fashion_mnist_topk_b1_rep13_seed415.pt
mlp,fashion-mnist,topk,1,1,0.001,0.8750209685065038,0.758,14,416,12,./checkpoints_grid/cfg012_mlp_fashion_mnist_topk_b1_rep14_seed416.pt
mlp,fashion-mnist,topk,1,1,0.001,0.8559712658536079,0.77,15,417,12,./checkpoints_grid/cfg012_mlp_fashion_mnist_topk_b1_rep15_seed417.pt
mlp,fashion-mnist,topk,1,1,0.001,0.8757528781523821,0.763,16,418,12,./checkpoints_grid/cfg012_mlp_fashion_mnist_topk_b1_rep16_seed418.pt
mlp,fashion-mnist,topk,1,1,0.001,0.8759321615404556,0.773,17,419,12,./checkpoints_grid/cfg012_mlp_fashion_mnist_topk_b1_rep17_seed419.pt
mlp,fashion-mnist,topk,1,1,0.001,0.8712204069821912,0.75,18,420,12,./checkpoints_grid/cfg012_mlp_fashion_mnist_topk_b1_rep18_seed420.pt
mlp,fashion-mnist,topk,1,1,0.001,0.8607653430643767,0.7,19,421,12,./checkpoints_grid/cfg012_mlp_fashion_mnist_topk_b1_rep19_seed421.pt
mlp,fashion-mnist,topk,1,1,0.001,0.8757977276914883,0.695,20,422,12,./checkpoints_grid/cfg012_mlp_fashion_mnist_topk_b1_rep20_seed422.pt
mlp,fashion-mnist,topk,1,1,0.001,0.8778471302730154,0.741,21,423,12,./checkpoints_grid/cfg012_mlp_fashion_mnist_topk_b1_rep21_seed423.pt
mlp,fashion-mnist,topk,1,1,0.001,0.8657707048133537,0.741,22,424,12,./checkpoints_grid/cfg012_mlp_fashion_mnist_topk_b1_rep22_seed424.pt
mlp,fashion-mnist,topk,1,1,0.001,0.8714523783045443,0.749,23,425,12,./checkpoints_grid/cfg012_mlp_fashion_mnist_topk_b1_rep23_seed425.pt
mlp,fashion-mnist,topk,1,1,0.001,0.8694410058331684,0.718,24,426,12,./checkpoints_grid/cfg012_mlp_fashion_mnist_topk_b1_rep24_seed426.pt
mlp,fashion-mnist,topk,1,1,0.001,0.8557528757849259,0.777,25,427,12,./checkpoints_grid/cfg012_mlp_fashion_mnist_topk_b1_rep25_seed427.pt
mlp,fashion-mnist,topk,1,1,0.001,0.87102937477207,0.683,26,428,12,./checkpoints_grid/cfg012_mlp_fashion_mnist_topk_b1_rep26_seed428.pt
mlp,fashion-mnist,topk,1,1,0.001,0.8566428472291172,0.784,27,429,12,./checkpoints_grid/cfg012_mlp_fashion_mnist_topk_b1_rep27_seed429.pt
mlp,fashion-mnist,topk,1,1,0.001,0.881928810018142,0.711,28,430,12,./checkpoints_grid/cfg012_mlp_fashion_mnist_topk_b1_rep28_seed430.pt
mlp,fashion-mnist,topk,1,1,0.001,0.876189785729543,0.728,29,431,12,./checkpoints_grid/cfg012_mlp_fashion_mnist_topk_b1_rep29_seed431.pt
mlp,fashion-mnist,topk,32,1,0.001,0.8362061898708344,0.781,0,432,13,./checkpoints_grid/cfg013_mlp_fashion_mnist_topk_b32_rep00_seed432.pt
mlp,fashion-mnist,topk,32,1,0.001,0.8478310935497284,0.741,1,433,13,./checkpoints_grid/cfg013_mlp_fashion_mnist_topk_b32_rep01_seed433.pt
mlp,fashion-mnist,topk,32,1,0.001,0.8536299216747284,0.761,2,434,13,./checkpoints_grid/cfg013_mlp_fashion_mnist_topk_b32_rep02_seed434.pt
mlp,fashion-mnist,topk,32,1,0.001,0.8285021893978118,0.787,3,435,13,./checkpoints_grid/cfg013_mlp_fashion_mnist_topk_b32_rep03_seed435.pt
mlp,fashion-mnist,topk,32,1,0.001,0.8400036354064941,0.778,4,436,13,./checkpoints_grid/cfg013_mlp_fashion_mnist_topk_b32_rep04_seed436.pt
mlp,fashion-mnist,topk,32,1,0.001,0.8522397575378418,0.777,5,437,13,./checkpoints_grid/cfg013_mlp_fashion_mnist_topk_b32_rep05_seed437.pt
mlp,fashion-mnist,topk,32,1,0.001,0.8576834881305695,0.788,6,438,13,./checkpoints_grid/cfg013_mlp_fashion_mnist_topk_b32_rep06_seed438.pt
mlp,fashion-mnist,topk,32,1,0.001,0.8219705183506012,0.775,7,439,13,./checkpoints_grid/cfg013_mlp_fashion_mnist_topk_b32_rep07_seed439.pt
mlp,fashion-mnist,topk,32,1,0.001,0.8348158345222473,0.785,8,440,13,./checkpoints_grid/cfg013_mlp_fashion_mnist_topk_b32_rep08_seed440.pt
mlp,fashion-mnist,topk,32,1,0.001,0.8261114573478698,0.791,9,441,13,./checkpoints_grid/cfg013_mlp_fashion_mnist_topk_b32_rep09_seed441.pt
mlp,fashion-mnist,topk,32,1,0.001,0.8301719167232513,0.772,10,442,13,./checkpoints_grid/cfg013_mlp_fashion_mnist_topk_b32_rep10_seed442.pt
mlp,fashion-mnist,topk,32,1,0.001,0.8415263810157776,0.783,11,443,13,./checkpoints_grid/cfg013_mlp_fashion_mnist_topk_b32_rep11_seed443.pt
mlp,fashion-mnist,topk,32,1,0.001,0.813837378025055,0.769,12,444,13,./checkpoints_grid/cfg013_mlp_fashion_mnist_topk_b32_rep12_seed444.pt
mlp,fashion-mnist,topk,32,1,0.001,0.8603508784770966,0.748,13,445,13,./checkpoints_grid/cfg013_mlp_fashion_mnist_topk_b32_rep13_seed445.pt
mlp,fashion-mnist,topk,32,1,0.001,0.8460839757919312,0.793,14,446,13,./checkpoints_grid/cfg013_mlp_fashion_mnist_topk_b32_rep14_seed446.pt
mlp,fashion-mnist,topk,32,1,0.001,0.8339289393424988,0.765,15,447,13,./checkpoints_grid/cfg013_mlp_fashion_mnist_topk_b32_rep15_seed447.pt
mlp,fashion-mnist,topk,32,1,0.001,0.8421639425754547,0.787,16,448,13,./checkpoints_grid/cfg013_mlp_fashion_mnist_topk_b32_rep16_seed448.pt
mlp,fashion-mnist,topk,32,1,0.001,0.8260041716098785,0.783,17,449,13,./checkpoints_grid/cfg013_mlp_fashion_mnist_topk_b32_rep17_seed449.pt
mlp,fashion-mnist,topk,32,1,0.001,0.8152189748287201,0.802,18,450,13,./checkpoints_grid/cfg013_mlp_fashion_mnist_topk_b32_rep18_seed450.pt
mlp,fashion-mnist,topk,32,1,0.001,0.8287425527572632,0.767,19,451,13,./checkpoints_grid/cfg013_mlp_fashion_mnist_topk_b32_rep19_seed451.pt
mlp,fashion-mnist,topk,32,1,0.001,0.8511030995845794,0.762,20,452,13,./checkpoints_grid/cfg013_mlp_fashion_mnist_topk_b32_rep20_seed452.pt
mlp,fashion-mnist,topk,32,1,0.001,0.8174616358280182,0.786,21,453,13,./checkpoints_grid/cfg013_mlp_fashion_mnist_topk_b32_rep21_seed453.pt
mlp,fashion-mnist,topk,32,1,0.001,0.8248699469566345,0.764,22,454,13,./checkpoints_grid/cfg013_mlp_fashion_mnist_topk_b32_rep22_seed454.pt
mlp,fashion-mnist,topk,32,1,0.001,0.8201745533943177,0.786,23,455,13,./checkpoints_grid/cfg013_mlp_fashion_mnist_topk_b32_rep23_seed455.pt
mlp,fashion-mnist,topk,32,1,0.001,0.8266672458648682,0.801,24,456,13,./checkpoints_grid/cfg013_mlp_fashion_mnist_topk_b32_rep24_seed456.pt
mlp,fashion-mnist,topk,32,1,0.001,0.8303854444026947,0.793,25,457,13,./checkpoints_grid/cfg013_mlp_fashion_mnist_topk_b32_rep25_seed457.pt
mlp,fashion-mnist,topk,32,1,0.001,0.8285926904678345,0.778,26,458,13,./checkpoints_grid/cfg013_mlp_fashion_mnist_topk_b32_rep26_seed458.pt
mlp,fashion-mnist,topk,32,1,0.001,0.8577723917961121,0.78,27,459,13,./checkpoints_grid/cfg013_mlp_fashion_mnist_topk_b32_rep27_seed459.pt
mlp,fashion-mnist,topk,32,1,0.001,0.8388175144195557,0.78,28,460,13,./checkpoints_grid/cfg013_mlp_fashion_mnist_topk_b32_rep28_seed460.pt
mlp,fashion-mnist,topk,32,1,0.001,0.8273182833194732,0.792,29,461,13,./checkpoints_grid/cfg013_mlp_fashion_mnist_topk_b32_rep29_seed461.pt
mlp,fashion-mnist,dpsgd,1,1,0.001,2.0953733261162415,0.317,0,462,14,./checkpoints_grid/cfg014_mlp_fashion_mnist_dpsgd_b1_rep00_seed462.pt
mlp,fashion-mnist,dpsgd,1,1,0.001,2.046237134903669,0.403,1,463,14,./checkpoints_grid/cfg014_mlp_fashion_mnist_dpsgd_b1_rep01_seed463.pt
mlp,fashion-mnist,dpsgd,1,1,0.001,2.0281898494362833,0.309,2,464,14,./checkpoints_grid/cfg014_mlp_fashion_mnist_dpsgd_b1_rep02_seed464.pt
mlp,fashion-mnist,dpsgd,1,1,0.001,2.0719335626773536,0.392,3,465,14,./checkpoints_grid/cfg014_mlp_fashion_mnist_dpsgd_b1_rep03_seed465.pt
mlp,fashion-mnist,dpsgd,1,1,0.001,2.075346286861226,0.335,4,466,14,./checkpoints_grid/cfg014_mlp_fashion_mnist_dpsgd_b1_rep04_seed466.pt
mlp,fashion-mnist,dpsgd,1,1,0.001,2.0317274715639653,0.403,5,467,14,./checkpoints_grid/cfg014_mlp_fashion_mnist_dpsgd_b1_rep05_seed467.pt
mlp,fashion-mnist,dpsgd,1,1,0.001,2.038768650993705,0.349,6,468,14,./checkpoints_grid/cfg014_mlp_fashion_mnist_dpsgd_b1_rep06_seed468.pt
mlp,fashion-mnist,dpsgd,1,1,0.001,2.031943511193618,0.378,7,469,14,./checkpoints_grid/cfg014_mlp_fashion_mnist_dpsgd_b1_rep07_seed469.pt
mlp,fashion-mnist,dpsgd,1,1,0.001,2.1585169896632435,0.285,8,470,14,./checkpoints_grid/cfg014_mlp_fashion_mnist_dpsgd_b1_rep08_seed470.pt
mlp,fashion-mnist,dpsgd,1,1,0.001,2.1212171474434434,0.414,9,471,14,./checkpoints_grid/cfg014_mlp_fashion_mnist_dpsgd_b1_rep09_seed471.pt
mlp,fashion-mnist,dpsgd,1,1,0.001,2.0528213907182216,0.39,10,472,14,./checkpoints_grid/cfg014_mlp_fashion_mnist_dpsgd_b1_rep10_seed472.pt
mlp,fashion-mnist,dpsgd,1,1,0.001,2.067368441745639,0.308,11,473,14,./checkpoints_grid/cfg014_mlp_fashion_mnist_dpsgd_b1_rep11_seed473.pt
mlp,fashion-mnist,dpsgd,1,1,0.001,2.140754638692364,0.283,12,474,14,./checkpoints_grid/cfg014_mlp_fashion_mnist_dpsgd_b1_rep12_seed474.pt
mlp,fashion-mnist,dpsgd,1,1,0.001,2.1954440156295894,0.316,13,475,14,./checkpoints_grid/cfg014_mlp_fashion_mnist_dpsgd_b1_rep13_seed475.pt
mlp,fashion-mnist,dpsgd,1,1,0.001,2.1571058644521983,0.336,14,476,14,./checkpoints_grid/cfg014_mlp_fashion_mnist_dpsgd_b1_rep14_seed476.pt
mlp,fashion-mnist,dpsgd,1,1,0.001,2.0744689689464866,0.34,15,477,14,./checkpoints_grid/cfg014_mlp_fashion_mnist_dpsgd_b1_rep15_seed477.pt
mlp,fashion-mnist,dpsgd,1,1,0.001,2.0914006739892064,0.345,16,478,14,./checkpoints_grid/cfg014_mlp_fashion_mnist_dpsgd_b1_rep16_seed478.pt
mlp,fashion-mnist,dpsgd,1,1,0.001,2.044405923092272,0.382,17,479,14,./checkpoints_grid/cfg014_mlp_fashion_mnist_dpsgd_b1_rep17_seed479.pt
mlp,fashion-mnist,dpsgd,1,1,0.001,2.0876480878982693,0.333,18,480,14,./checkpoints_grid/cfg014_mlp_fashion_mnist_dpsgd_b1_rep18_seed480.pt
mlp,fashion-mnist,dpsgd,1,1,0.001,1.995721643993631,0.453,19,481,14,./checkpoints_grid/cfg014_mlp_fashion_mnist_dpsgd_b1_rep19_seed481.pt
mlp,fashion-mnist,dpsgd,1,1,0.001,2.149156704418361,0.306,20,482,14,./checkpoints_grid/cfg014_mlp_fashion_mnist_dpsgd_b1_rep20_seed482.pt
mlp,fashion-mnist,dpsgd,1,1,0.001,2.1237925248369574,0.29,21,483,14,./checkpoints_grid/cfg014_mlp_fashion_mnist_dpsgd_b1_rep21_seed483.pt
mlp,fashion-mnist,dpsgd,1,1,0.001,2.078345904376358,0.368,22,484,14,./checkpoints_grid/cfg014_mlp_fashion_mnist_dpsgd_b1_rep22_seed484.pt
mlp,fashion-mnist,dpsgd,1,1,0.001,2.1522634459175167,0.307,23,485,14,./checkpoints_grid/cfg014_mlp_fashion_mnist_dpsgd_b1_rep23_seed485.pt
mlp,fashion-mnist,dpsgd,1,1,0.001,2.027002923121676,0.264,24,486,14,./checkpoints_grid/cfg014_mlp_fashion_mnist_dpsgd_b1_rep24_seed486.pt
mlp,fashion-mnist,dpsgd,1,1,0.001,2.082528664276004,0.317,25,487,14,./checkpoints_grid/cfg014_mlp_fashion_mnist_dpsgd_b1_rep25_seed487.pt
mlp,fashion-mnist,dpsgd,1,1,0.001,2.126873293289915,0.347,26,488,14,./checkpoints_grid/cfg014_mlp_fashion_mnist_dpsgd_b1_rep26_seed488.pt
mlp,fashion-mnist,dpsgd,1,1,0.001,2.1291143974289297,0.337,27,489,14,./checkpoints_grid/cfg014_mlp_fashion_mnist_dpsgd_b1_rep27_seed489.pt
mlp,fashion-mnist,dpsgd,1,1,0.001,2.0475865297336133,0.371,28,490,14,./checkpoints_grid/cfg014_mlp_fashion_mnist_dpsgd_b1_rep28_seed490.pt
mlp,fashion-mnist,dpsgd,1,1,0.001,2.0812459926642477,0.342,29,491,14,./checkpoints_grid/cfg014_mlp_fashion_mnist_dpsgd_b1_rep29_seed491.pt
mlp,fashion-mnist,dpsgd,32,1,0.001,2.2956702804565428,0.199,0,492,15,./checkpoints_grid/cfg015_mlp_fashion_mnist_dpsgd_b32_rep00_seed492.pt
mlp,fashion-mnist,dpsgd,32,1,0.001,2.277168420791626,0.124,1,493,15,./checkpoints_grid/cfg015_mlp_fashion_mnist_dpsgd_b32_rep01_seed493.pt
mlp,fashion-mnist,dpsgd,32,1,0.001,2.273244071960449,0.182,2,494,15,./checkpoints_grid/cfg015_mlp_fashion_mnist_dpsgd_b32_rep02_seed494.pt
mlp,fashion-mnist,dpsgd,32,1,0.001,2.269528600692749,0.288,3,495,15,./checkpoints_grid/cfg015_mlp_fashion_mnist_dpsgd_b32_rep03_seed495.pt
mlp,fashion-mnist,dpsgd,32,1,0.001,2.2869719200134275,0.109,4,496,15,./checkpoints_grid/cfg015_mlp_fashion_mnist_dpsgd_b32_rep04_seed496.pt
mlp,fashion-mnist,dpsgd,32,1,0.001,2.2850381813049316,0.103,5,497,15,./checkpoints_grid/cfg015_mlp_fashion_mnist_dpsgd_b32_rep05_seed497.pt
mlp,fashion-mnist,dpsgd,32,1,0.001,2.264582227706909,0.272,6,498,15,./checkpoints_grid/cfg015_mlp_fashion_mnist_dpsgd_b32_rep06_seed498.pt
mlp,fashion-mnist,dpsgd,32,1,0.001,2.2588856620788573,0.302,7,499,15,./checkpoints_grid/cfg015_mlp_fashion_mnist_dpsgd_b32_rep07_seed499.pt
mlp,fashion-mnist,dpsgd,32,1,0.001,2.2870888080596923,0.218,8,500,15,./checkpoints_grid/cfg015_mlp_fashion_mnist_dpsgd_b32_rep08_seed500.pt
mlp,fashion-mnist,dpsgd,32,1,0.001,2.264119550704956,0.259,9,501,15,./checkpoints_grid/cfg015_mlp_fashion_mnist_dpsgd_b32_rep09_seed501.pt
mlp,fashion-mnist,dpsgd,32,1,0.001,2.2793805179595945,0.236,10,502,15,./checkpoints_grid/cfg015_mlp_fashion_mnist_dpsgd_b32_rep10_seed502.pt
mlp,fashion-mnist,dpsgd,32,1,0.001,2.298111484527588,0.182,11,503,15,./checkpoints_grid/cfg015_mlp_fashion_mnist_dpsgd_b32_rep11_seed503.pt
mlp,fashion-mnist,dpsgd,32,1,0.001,2.310903184890747,0.175,12,504,15,./checkpoints_grid/cfg015_mlp_fashion_mnist_dpsgd_b32_rep12_seed504.pt
mlp,fashion-mnist,dpsgd,32,1,0.001,2.2683663063049315,0.204,13,505,15,./checkpoints_grid/cfg015_mlp_fashion_mnist_dpsgd_b32_rep13_seed505.pt
mlp,fashion-mnist,dpsgd,32,1,0.001,2.2667965564727783,0.227,14,506,15,./checkpoints_grid/cfg015_mlp_fashion_mnist_dpsgd_b32_rep14_seed506.pt
mlp,fashion-mnist,dpsgd,32,1,0.001,2.260048931121826,0.299,15,507,15,./checkpoints_grid/cfg015_mlp_fashion_mnist_dpsgd_b32_rep15_seed507.pt
mlp,fashion-mnist,dpsgd,32,1,0.001,2.2711211128234865,0.216,16,508,15,./checkpoints_grid/cfg015_mlp_fashion_mnist_dpsgd_b32_rep16_seed508.pt
mlp,fashion-mnist,dpsgd,32,1,0.001,2.276013095855713,0.142,17,509,15,./checkpoints_grid/cfg015_mlp_fashion_mnist_dpsgd_b32_rep17_seed509.pt
mlp,fashion-mnist,dpsgd,32,1,0.001,2.2838270359039305,0.188,18,510,15,./checkpoints_grid/cfg015_mlp_fashion_mnist_dpsgd_b32_rep18_seed510.pt
mlp,fashion-mnist,dpsgd,32,1,0.001,2.2670658588409425,0.242,19,511,15,./checkpoints_grid/cfg015_mlp_fashion_mnist_dpsgd_b32_rep19_seed511.pt
mlp,fashion-mnist,dpsgd,32,1,0.001,2.2704178581237793,0.228,20,512,15,./checkpoints_grid/cfg015_mlp_fashion_mnist_dpsgd_b32_rep20_seed512.pt
mlp,fashion-mnist,dpsgd,32,1,0.001,2.2805589809417723,0.168,21,513,15,./checkpoints_grid/cfg015_mlp_fashion_mnist_dpsgd_b32_rep21_seed513.pt
mlp,fashion-mnist,dpsgd,32,1,0.001,2.267006383895874,0.268,22,514,15,./checkpoints_grid/cfg015_mlp_fashion_mnist_dpsgd_b32_rep22_seed514.pt
mlp,fashion-mnist,dpsgd,32,1,0.001,2.2582345485687254,0.281,23,515,15,./checkpoints_grid/cfg015_mlp_fashion_mnist_dpsgd_b32_rep23_seed515.pt
mlp,fashion-mnist,dpsgd,32,1,0.001,2.282297523498535,0.229,24,516,15,./checkpoints_grid/cfg015_mlp_fashion_mnist_dpsgd_b32_rep24_seed516.pt
mlp,fashion-mnist,dpsgd,32,1,0.001,2.2596629123687744,0.267,25,517,15,./checkpoints_grid/cfg015_mlp_fashion_mnist_dpsgd_b32_rep25_seed517.pt
mlp,fashion-mnist,dpsgd,32,1,0.001,2.287994956970215,0.158,26,518,15,./checkpoints_grid/cfg015_mlp_fashion_mnist_dpsgd_b32_rep26_seed518.pt
mlp,fashion-mnist,dpsgd,32,1,0.001,2.2677058715820313,0.181,27,519,15,./checkpoints_grid/cfg015_mlp_fashion_mnist_dpsgd_b32_rep27_seed519.pt
mlp,fashion-mnist,dpsgd,32,1,0.001,2.266606184005737,0.287,28,520,15,./checkpoints_grid/cfg015_mlp_fashion_mnist_dpsgd_b32_rep28_seed520.pt
mlp,fashion-mnist,dpsgd,32,1,0.001,2.2825531692504883,0.195,29,521,15,./checkpoints_grid/cfg015_mlp_fashion_mnist_dpsgd_b32_rep29_seed521.pt
mlp,fashion-mnist,randomk,1,1,0.001,0.8057691785623524,0.782,0,522,16,./checkpoints_grid/cfg016_mlp_fashion_mnist_randomk_b1_rep00_seed522.pt
mlp,fashion-mnist,randomk,1,1,0.001,0.8057352171162149,0.767,1,523,16,./checkpoints_grid/cfg016_mlp_fashion_mnist_randomk_b1_rep01_seed523.pt
mlp,fashion-mnist,randomk,1,1,0.001,0.801253500454639,0.783,2,524,16,./checkpoints_grid/cfg016_mlp_fashion_mnist_randomk_b1_rep02_seed524.pt
mlp,fashion-mnist,randomk,1,1,0.001,0.8194360797278,0.76,3,525,16,./checkpoints_grid/cfg016_mlp_fashion_mnist_randomk_b1_rep03_seed525.pt
mlp,fashion-mnist,randomk,1,1,0.001,0.8064430779153591,0.769,4,526,16,./checkpoints_grid/cfg016_mlp_fashion_mnist_randomk_b1_rep04_seed526.pt
mlp,fashion-mnist,randomk,1,1,0.001,0.8130193881096393,0.782,5,527,16,./checkpoints_grid/cfg016_mlp_fashion_mnist_randomk_b1_rep05_seed527.pt
mlp,fashion-mnist,randomk,1,1,0.001,0.8010394959506465,0.713,6,528,16,./checkpoints_grid/cfg016_mlp_fashion_mnist_randomk_b1_rep06_seed528.pt
mlp,fashion-mnist,randomk,1,1,0.001,0.807125778617931,0.773,7,529,16,./checkpoints_grid/cfg016_mlp_fashion_mnist_randomk_b1_rep07_seed529.pt
mlp,fashion-mnist,randomk,1,1,0.001,0.8072511373749365,0.785,8,530,16,./checkpoints_grid/cfg016_mlp_fashion_mnist_randomk_b1_rep08_seed530.pt
mlp,fashion-mnist,randomk,1,1,0.001,0.7992725305220545,0.791,9,531,16,./checkpoints_grid/cfg016_mlp_fashion_mnist_randomk_b1_rep09_seed531.pt
mlp,fashion-mnist,randomk,1,1,0.001,0.7961579540333035,0.812,10,532,16,./checkpoints_grid/cfg016_mlp_fashion_mnist_randomk_b1_rep10_seed532.pt
mlp,fashion-mnist,randomk,1,1,0.001,0.7992845420206244,0.734,11,533,16,./checkpoints_grid/cfg016_mlp_fashion_mnist_randomk_b1_rep11_seed533.pt
mlp,fashion-mnist,randomk,1,1,0.001,0.814550086821247,0.747,12,534,16,./checkpoints_grid/cfg016_mlp_fashion_mnist_randomk_b1_rep12_seed534.pt
mlp,fashion-mnist,randomk,1,1,0.001,0.8184526749078159,0.75,13,535,16,./checkpoints_grid/cfg016_mlp_fashion_mnist_randomk_b1_rep13_seed535.pt
mlp,fashion-mnist,randomk,1,1,0.001,0.7958007916640336,0.785,14,536,16,./checkpoints_grid/cfg016_mlp_fashion_mnist_randomk_b1_rep14_seed536.pt
mlp,fashion-mnist,randomk,1,1,0.001,0.7970951202398368,0.761,15,537,16,./checkpoints_grid/cfg016_mlp_fashion_mnist_randomk_b1_rep15_seed537.pt
mlp,fashion-mnist,randomk,1,1,0.001,0.8091713868443358,0.775,16,538,16,./checkpoints_grid/cfg016_mlp_fashion_mnist_randomk_b1_rep16_seed538.pt
mlp,fashion-mnist,randomk,1,1,0.001,0.8055586417222007,0.767,17,539,16,./checkpoints_grid/cfg016_mlp_fashion_mnist_randomk_b1_rep17_seed539.pt
mlp,fashion-mnist,randomk,1,1,0.001,0.8069687873390058,0.688,18,540,16,./checkpoints_grid/cfg016_mlp_fashion_mnist_randomk_b1_rep18_seed540.pt
mlp,fashion-mnist,randomk,1,1,0.001,0.8076404061767668,0.785,19,541,16,./checkpoints_grid/cfg016_mlp_fashion_mnist_randomk_b1_rep19_seed541.pt
mlp,fashion-mnist,randomk,1,1,0.001,0.8086383397994075,0.774,20,542,16,./checkpoints_grid/cfg016_mlp_fashion_mnist_randomk_b1_rep20_seed542.pt
mlp,fashion-mnist,randomk,1,1,0.001,0.8195448487601545,0.704,21,543,16,./checkpoints_grid/cfg016_mlp_fashion_mnist_randomk_b1_rep21_seed543.pt
mlp,fashion-mnist,randomk,1,1,0.001,0.8142520757483105,0.779,22,544,16,./checkpoints_grid/cfg016_mlp_fashion_mnist_randomk_b1_rep22_seed544.pt
mlp,fashion-mnist,randomk,1,1,0.001,0.8132909084525705,0.794,23,545,16,./checkpoints_grid/cfg016_mlp_fashion_mnist_randomk_b1_rep23_seed545.pt
mlp,fashion-mnist,randomk,1,1,0.001,0.8007121259264304,0.76,24,546,16,./checkpoints_grid/cfg016_mlp_fashion_mnist_randomk_b1_rep24_seed546.pt
mlp,fashion-mnist,randomk,1,1,0.001,0.8164548084858495,0.758,25,547,16,./checkpoints_grid/cfg016_mlp_fashion_mnist_randomk_b1_rep25_seed547.pt
mlp,fashion-mnist,randomk,1,1,0.001,0.8056338608845717,0.788,26,548,16,./checkpoints_grid/cfg016_mlp_fashion_mnist_randomk_b1_rep26_seed548.pt
mlp,fashion-mnist,randomk,1,1,0.001,0.7977254641086645,0.782,27,549,16,./checkpoints_grid/cfg016_mlp_fashion_mnist_randomk_b1_rep27_seed549.pt
mlp,fashion-mnist,randomk,1,1,0.001,0.81074952429426,0.78,28,550,16,./checkpoints_grid/cfg016_mlp_fashion_mnist_randomk_b1_rep28_seed550.pt
mlp,fashion-mnist,randomk,1,1,0.001,0.8132078262112369,0.744,29,551,16,./checkpoints_grid/cfg016_mlp_fashion_mnist_randomk_b1_rep29_seed551.pt
mlp,fashion-mnist,randomk,32,1,0.001,0.922190975189209,0.773,0,552,17,./checkpoints_grid/cfg017_mlp_fashion_mnist_randomk_b32_rep00_seed552.pt
mlp,fashion-mnist,randomk,32,1,0.001,0.9256911125183106,0.765,1,553,17,./checkpoints_grid/cfg017_mlp_fashion_mnist_randomk_b32_rep01_seed553.pt
mlp,fashion-mnist,randomk,32,1,0.001,0.9114303805828095,0.802,2,554,17,./checkpoints_grid/cfg017_mlp_fashion_mnist_randomk_b32_rep02_seed554.pt
mlp,fashion-mnist,randomk,32,1,0.001,0.9220674880743027,0.77,3,555,17,./checkpoints_grid/cfg017_mlp_fashion_mnist_randomk_b32_rep03_seed555.pt
mlp,fashion-mnist,randomk,32,1,0.001,0.9207365403175354,0.767,4,556,17,./checkpoints_grid/cfg017_mlp_fashion_mnist_randomk_b32_rep04_seed556.pt
mlp,fashion-mnist,randomk,32,1,0.001,0.917822395324707,0.787,5,557,17,./checkpoints_grid/cfg017_mlp_fashion_mnist_randomk_b32_rep05_seed557.pt
mlp,fashion-mnist,randomk,32,1,0.001,0.9378707022666931,0.78,6,558,17,./checkpoints_grid/cfg017_mlp_fashion_mnist_randomk_b32_rep06_seed558.pt
mlp,fashion-mnist,randomk,32,1,0.001,0.9310566182136536,0.766,7,559,17,./checkpoints_grid/cfg017_mlp_fashion_mnist_randomk_b32_rep07_seed559.pt
mlp,fashion-mnist,randomk,32,1,0.001,0.9188765174150467,0.769,8,560,17,./checkpoints_grid/cfg017_mlp_fashion_mnist_randomk_b32_rep08_seed560.pt
mlp,fashion-mnist,randomk,32,1,0.001,0.9396044237613678,0.776,9,561,17,./checkpoints_grid/cfg017_mlp_fashion_mnist_randomk_b32_rep09_seed561.pt
mlp,fashion-mnist,randomk,32,1,0.001,0.9234563109874725,0.773,10,562,17,./checkpoints_grid/cfg017_mlp_fashion_mnist_randomk_b32_rep10_seed562.pt
mlp,fashion-mnist,randomk,32,1,0.001,0.9273867981433869,0.767,11,563,17,./checkpoints_grid/cfg017_mlp_fashion_mnist_randomk_b32_rep11_seed563.pt
mlp,fashion-mnist,randomk,32,1,0.001,0.9271747697591781,0.793,12,564,17,./checkpoints_grid/cfg017_mlp_fashion_mnist_randomk_b32_rep12_seed564.pt
mlp,fashion-mnist,randomk,32,1,0.001,0.9280548295974731,0.748,13,565,17,./checkpoints_grid/cfg017_mlp_fashion_mnist_randomk_b32_rep13_seed565.pt
mlp,fashion-mnist,randomk,32,1,0.001,0.9274597930908203,0.756,14,566,17,./checkpoints_grid/cfg017_mlp_fashion_mnist_randomk_b32_rep14_seed566.pt
mlp,fashion-mnist,randomk,32,1,0.001,0.9173559534549713,0.787,15,567,17,./checkpoints_grid/cfg017_mlp_fashion_mnist_randomk_b32_rep15_seed567.pt
mlp,fashion-mnist,randomk,32,1,0.001,0.9144905788898468,0.768,16,568,17,./checkpoints_grid/cfg017_mlp_fashion_mnist_randomk_b32_rep16_seed568.pt
mlp,fashion-mnist,randomk,32,1,0.001,0.923759572505951,0.752,17,569,17,./checkpoints_grid/cfg017_mlp_fashion_mnist_randomk_b32_rep17_seed569.pt
mlp,fashion-mnist,randomk,32,1,0.001,0.9172281301021576,0.753,18,570,17,./checkpoints_grid/cfg017_mlp_fashion_mnist_randomk_b32_rep18_seed570.pt
mlp,fashion-mnist,randomk,32,1,0.001,0.9153395476341247,0.787,19,571,17,./checkpoints_grid/cfg017_mlp_fashion_mnist_randomk_b32_rep19_seed571.pt
mlp,fashion-mnist,randomk,32,1,0.001,0.934996535539627,0.769,20,572,17,./checkpoints_grid/cfg017_mlp_fashion_mnist_randomk_b32_rep20_seed572.pt
mlp,fashion-mnist,randomk,32,1,0.001,0.9426616516113281,0.781,21,573,17,./checkpoints_grid/cfg017_mlp_fashion_mnist_randomk_b32_rep21_seed573.pt
mlp,fashion-mnist,randomk,32,1,0.001,0.9051093690395355,0.777,22,574,17,./checkpoints_grid/cfg017_mlp_fashion_mnist_randomk_b32_rep22_seed574.pt
mlp,fashion-mnist,randomk,32,1,0.001,0.9226263585090637,0.758,23,575,17,./checkpoints_grid/cfg017_mlp_fashion_mnist_randomk_b32_rep23_seed575.pt
mlp,fashion-mnist,randomk,32,1,0.001,0.9258561544418334,0.787,24,576,17,./checkpoints_grid/cfg017_mlp_fashion_mnist_randomk_b32_rep24_seed576.pt
mlp,fashion-mnist,randomk,32,1,0.001,0.9189887325763703,0.775,25,577,17,./checkpoints_grid/cfg017_mlp_fashion_mnist_randomk_b32_rep25_seed577.pt
mlp,fashion-mnist,randomk,32,1,0.001,0.9275483293533325,0.784,26,578,17,./checkpoints_grid/cfg017_mlp_fashion_mnist_randomk_b32_rep26_seed578.pt
mlp,fashion-mnist,randomk,32,1,0.001,0.9255101692676544,0.783,27,579,17,./checkpoints_grid/cfg017_mlp_fashion_mnist_randomk_b32_rep27_seed579.pt
mlp,fashion-mnist,randomk,32,1,0.001,0.929307284116745,0.796,28,580,17,./checkpoints_grid/cfg017_mlp_fashion_mnist_randomk_b32_rep28_seed580.pt
mlp,fashion-mnist,randomk,32,1,0.001,0.9327427942752838,0.789,29,581,17,./checkpoints_grid/cfg017_mlp_fashion_mnist_randomk_b32_rep29_seed581.pt
mlp,fashion-mnist,qsgd,1,1,0.001,0.7783670370927888,0.784,0,582,18,./checkpoints_grid/cfg018_mlp_fashion_mnist_qsgd_b1_rep00_seed582.pt
mlp,fashion-mnist,qsgd,1,1,0.001,0.8058252206226846,0.782,1,583,18,./checkpoints_grid/cfg018_mlp_fashion_mnist_qsgd_b1_rep01_seed583.pt
mlp,fashion-mnist,qsgd,1,1,0.001,0.7968403504960305,0.765,2,584,18,./checkpoints_grid/cfg018_mlp_fashion_mnist_qsgd_b1_rep02_seed584.pt
mlp,fashion-mnist,qsgd,1,1,0.001,0.7847203970980104,0.78,3,585,18,./checkpoints_grid/cfg018_mlp_fashion_mnist_qsgd_b1_rep03_seed585.pt
mlp,fashion-mnist,qsgd,1,1,0.001,0.7910731936627894,0.718,4,586,18,./checkpoints_grid/cfg018_mlp_fashion_mnist_qsgd_b1_rep04_seed586.pt
mlp,fashion-mnist,qsgd,1,1,0.001,0.786947190069466,0.769,5,587,18,./checkpoints_grid/cfg018_mlp_fashion_mnist_qsgd_b1_rep05_seed587.pt
mlp,fashion-mnist,qsgd,1,1,0.001,0.7845843717450189,0.774,6,588,18,./checkpoints_grid/cfg018_mlp_fashion_mnist_qsgd_b1_rep06_seed588.pt
mlp,fashion-mnist,qsgd,1,1,0.001,0.7774906626251161,0.793,7,589,18,./checkpoints_grid/cfg018_mlp_fashion_mnist_qsgd_b1_rep07_seed589.pt
mlp,fashion-mnist,qsgd,1,1,0.001,0.7900508483292847,0.768,8,590,18,./checkpoints_grid/cfg018_mlp_fashion_mnist_qsgd_b1_rep08_seed590.pt
mlp,fashion-mnist,qsgd,1,1,0.001,0.7938261121597152,0.746,9,591,18,./checkpoints_grid/cfg018_mlp_fashion_mnist_qsgd_b1_rep09_seed591.pt
mlp,fashion-mnist,qsgd,1,1,0.001,0.7917379582348665,0.785,10,592,18,./checkpoints_grid/cfg018_mlp_fashion_mnist_qsgd_b1_rep10_seed592.pt
mlp,fashion-mnist,qsgd,1,1,0.001,0.7874496099251244,0.759,11,593,18,./checkpoints_grid/cfg018_mlp_fashion_mnist_qsgd_b1_rep11_seed593.pt
mlp,fashion-mnist,qsgd,1,1,0.001,0.7909715305234631,0.793,12,594,18,./checkpoints_grid/cfg018_mlp_fashion_mnist_qsgd_b1_rep12_seed594.pt
mlp,fashion-mnist,qsgd,1,1,0.001,0.7868454078638356,0.774,13,595,18,./checkpoints_grid/cfg018_mlp_fashion_mnist_qsgd_b1_rep13_seed595.pt
mlp,fashion-mnist,qsgd,1,1,0.001,0.7889664969359624,0.728,14,596,18,./checkpoints_grid/cfg018_mlp_fashion_mnist_qsgd_b1_rep14_seed596.pt
mlp,fashion-mnist,qsgd,1,1,0.001,0.7951389714910195,0.775,15,597,18,./checkpoints_grid/cfg018_mlp_fashion_mnist_qsgd_b1_rep15_seed597.pt
mlp,fashion-mnist,qsgd,1,1,0.001,0.7895526988180046,0.79,16,598,18,./checkpoints_grid/cfg018_mlp_fashion_mnist_qsgd_b1_rep16_seed598.pt
mlp,fashion-mnist,qsgd,1,1,0.001,0.7809392007269434,0.746,17,599,18,./checkpoints_grid/cfg018_mlp_fashion_mnist_qsgd_b1_rep17_seed599.pt
mlp,fashion-mnist,qsgd,1,1,0.001,0.7913750119743268,0.781,18,600,18,./checkpoints_grid/cfg018_mlp_fashion_mnist_qsgd_b1_rep18_seed600.pt
mlp,fashion-mnist,qsgd,1,1,0.001,0.7905104773164612,0.69,19,601,18,./checkpoints_grid/cfg018_mlp_fashion_mnist_qsgd_b1_rep19_seed601.pt
mlp,fashion-mnist,qsgd,1,1,0.001,0.7898238029058235,0.751,20,602,18,./checkpoints_grid/cfg018_mlp_fashion_mnist_qsgd_b1_rep20_seed602.pt
mlp,fashion-mnist,qsgd,1,1,0.001,0.7852303830401053,0.708,21,603,18,./checkpoints_grid/cfg018_mlp_fashion_mnist_qsgd_b1_rep21_seed603.pt
mlp,fashion-mnist,qsgd,1,1,0.001,0.7983888531858562,0.76,22,604,18,./checkpoints_grid/cfg018_mlp_fashion_mnist_qsgd_b1_rep22_seed604.pt
mlp,fashion-mnist,qsgd,1,1,0.001,0.8023687359389892,0.775,23,605,18,./checkpoints_grid/cfg018_mlp_fashion_mnist_qsgd_b1_rep23_seed605.pt
mlp,fashion-mnist,qsgd,1,1,0.001,0.8043762999784563,0.771,24,606,18,./checkpoints_grid/cfg018_mlp_fashion_mnist_qsgd_b1_rep24_seed606.pt
mlp,fashion-mnist,qsgd,1,1,0.001,0.8001974133377923,0.724,25,607,18,./checkpoints_grid/cfg018_mlp_fashion_mnist_qsgd_b1_rep25_seed607.pt
mlp,fashion-mnist,qsgd,1,1,0.001,0.7920418459922418,0.771,26,608,18,./checkpoints_grid/cfg018_mlp_fashion_mnist_qsgd_b1_rep26_seed608.pt
mlp,fashion-mnist,qsgd,1,1,0.001,0.7983047741062458,0.779,27,609,18,./checkpoints_grid/cfg018_mlp_fashion_mnist_qsgd_b1_rep27_seed609.pt
mlp,fashion-mnist,qsgd,1,1,0.001,0.7916961834289834,0.76,28,610,18,./checkpoints_grid/cfg018_mlp_fashion_mnist_qsgd_b1_rep28_seed610.pt
mlp,fashion-mnist,qsgd,1,1,0.001,0.7930754885848487,0.785,29,611,18,./checkpoints_grid/cfg018_mlp_fashion_mnist_qsgd_b1_rep29_seed611.pt
mlp,fashion-mnist,qsgd,32,1,0.001,1.177618414878845,0.754,0,612,19,./checkpoints_grid/cfg019_mlp_fashion_mnist_qsgd_b32_rep00_seed612.pt
mlp,fashion-mnist,qsgd,32,1,0.001,1.1826447610855102,0.749,1,613,19,./checkpoints_grid/cfg019_mlp_fashion_mnist_qsgd_b32_rep01_seed613.pt
mlp,fashion-mnist,qsgd,32,1,0.001,1.2039798188209534,0.734,2,614,19,./checkpoints_grid/cfg019_mlp_fashion_mnist_qsgd_b32_rep02_seed614.pt
mlp,fashion-mnist,qsgd,32,1,0.001,1.1995201528072357,0.713,3,615,19,./checkpoints_grid/cfg019_mlp_fashion_mnist_qsgd_b32_rep03_seed615.pt
mlp,fashion-mnist,qsgd,32,1,0.001,1.1928355889320374,0.754,4,616,19,./checkpoints_grid/cfg019_mlp_fashion_mnist_qsgd_b32_rep04_seed616.pt
mlp,fashion-mnist,qsgd,32,1,0.001,1.1772801308631897,0.735,5,617,19,./checkpoints_grid/cfg019_mlp_fashion_mnist_qsgd_b32_rep05_seed617.pt
mlp,fashion-mnist,qsgd,32,1,0.001,1.1991335616111756,0.746,6,618,19,./checkpoints_grid/cfg019_mlp_fashion_mnist_qsgd_b32_rep06_seed618.pt
mlp,fashion-mnist,qsgd,32,1,0.001,1.1918638474941254,0.742,7,619,19,./checkpoints_grid/cfg019_mlp_fashion_mnist_qsgd_b32_rep07_seed619.pt
mlp,fashion-mnist,qsgd,32,1,0.001,1.1708891925811769,0.693,8,620,19,./checkpoints_grid/cfg019_mlp_fashion_mnist_qsgd_b32_rep08_seed620.pt
mlp,fashion-mnist,qsgd,32,1,0.001,1.209975920677185,0.742,9,621,19,./checkpoints_grid/cfg019_mlp_fashion_mnist_qsgd_b32_rep09_seed621.pt
mlp,fashion-mnist,qsgd,32,1,0.001,1.1880203158855438,0.744,10,622,19,./checkpoints_grid/cfg019_mlp_fashion_mnist_qsgd_b32_rep10_seed622.pt
mlp,fashion-mnist,qsgd,32,1,0.001,1.1524192881584168,0.745,11,623,19,./checkpoints_grid/cfg019_mlp_fashion_mnist_qsgd_b32_rep11_seed623.pt
mlp,fashion-mnist,qsgd,32,1,0.001,1.177766654729843,0.753,12,624,19,./checkpoints_grid/cfg019_mlp_fashion_mnist_qsgd_b32_rep12_seed624.pt
mlp,fashion-mnist,qsgd,32,1,0.001,1.189088580608368,0.756,13,625,19,./checkpoints_grid/cfg019_mlp_fashion_mnist_qsgd_b32_rep13_seed625.pt
mlp,fashion-mnist,qsgd,32,1,0.001,1.217059889793396,0.748,14,626,19,./checkpoints_grid/cfg019_mlp_fashion_mnist_qsgd_b32_rep14_seed626.pt
mlp,fashion-mnist,qsgd,32,1,0.001,1.1999500041007995,0.746,15,627,19,./checkpoints_grid/cfg019_mlp_fashion_mnist_qsgd_b32_rep15_seed627.pt
mlp,fashion-mnist,qsgd,32,1,0.001,1.1717082142829895,0.738,16,628,19,./checkpoints_grid/cfg019_mlp_fashion_mnist_qsgd_b32_rep16_seed628.pt
mlp,fashion-mnist,qsgd,32,1,0.001,1.1986910133361817,0.733,17,629,19,./checkpoints_grid/cfg019_mlp_fashion_mnist_qsgd_b32_rep17_seed629.pt
mlp,fashion-mnist,qsgd,32,1,0.001,1.2223114619255067,0.741,18,630,19,./checkpoints_grid/cfg019_mlp_fashion_mnist_qsgd_b32_rep18_seed630.pt
mlp,fashion-mnist,qsgd,32,1,0.001,1.2037794554233552,0.728,19,631,19,./checkpoints_grid/cfg019_mlp_fashion_mnist_qsgd_b32_rep19_seed631.pt
mlp,fashion-mnist,qsgd,32,1,0.001,1.1992155003547669,0.743,20,632,19,./checkpoints_grid/cfg019_mlp_fashion_mnist_qsgd_b32_rep20_seed632.pt
mlp,fashion-mnist,qsgd,32,1,0.001,1.2059761219024658,0.737,21,633,19,./checkpoints_grid/cfg019_mlp_fashion_mnist_qsgd_b32_rep21_seed633.pt
mlp,fashion-mnist,qsgd,32,1,0.001,1.1917197465896607,0.739,22,634,19,./checkpoints_grid/cfg019_mlp_fashion_mnist_qsgd_b32_rep22_seed634.pt
mlp,fashion-mnist,qsgd,32,1,0.001,1.2023834135532379,0.732,23,635,19,./checkpoints_grid/cfg019_mlp_fashion_mnist_qsgd_b32_rep23_seed635.pt
mlp,fashion-mnist,qsgd,32,1,0.001,1.1787860894203186,0.744,24,636,19,./checkpoints_grid/cfg019_mlp_fashion_mnist_qsgd_b32_rep24_seed636.pt
mlp,fashion-mnist,qsgd,32,1,0.001,1.1879094274044038,0.754,25,637,19,./checkpoints_grid/cfg019_mlp_fashion_mnist_qsgd_b32_rep25_seed637.pt
mlp,fashion-mnist,qsgd,32,1,0.001,1.1935185599327087,0.742,26,638,19,./checkpoints_grid/cfg019_mlp_fashion_mnist_qsgd_b32_rep26_seed638.pt
mlp,fashion-mnist,qsgd,32,1,0.001,1.2046412177085877,0.758,27,639,19,./checkpoints_grid/cfg019_mlp_fashion_mnist_qsgd_b32_rep27_seed639.pt
mlp,fashion-mnist,qsgd,32,1,0.001,1.1961569380760193,0.735,28,640,19,./checkpoints_grid/cfg019_mlp_fashion_mnist_qsgd_b32_rep28_seed640.pt
mlp,fashion-mnist,qsgd,32,1,0.001,1.1859926340579987,0.74,29,641,19,./checkpoints_grid/cfg019_mlp_fashion_mnist_qsgd_b32_rep29_seed641.pt
mlp,cifar10,none,1,1,0.001,2.265083219477121,0.24,0,642,20,./checkpoints_grid/cfg020_mlp_cifar10_none_b1_rep00_seed642.pt
mlp,cifar10,none,1,1,0.001,2.236263535878825,0.211,1,643,20,./checkpoints_grid/cfg020_mlp_cifar10_none_b1_rep01_seed643.pt
mlp,cifar10,none,1,1,0.001,2.27341959179526,0.196,2,644,20,./checkpoints_grid/cfg020_mlp_cifar10_none_b1_rep02_seed644.pt
mlp,cifar10,none,1,1,0.001,2.260870111233555,0.158,3,645,20,./checkpoints_grid/cfg020_mlp_cifar10_none_b1_rep03_seed645.pt
mlp,cifar10,none,1,1,0.001,2.273542265850443,0.212,4,646,20,./checkpoints_grid/cfg020_mlp_cifar10_none_b1_rep04_seed646.pt
mlp,cifar10,none,1,1,0.001,2.264384348518215,0.208,5,647,20,./checkpoints_grid/cfg020_mlp_cifar10_none_b1_rep05_seed647.pt
mlp,cifar10,none,1,1,0.001,2.322231495614644,0.217,6,648,20,./checkpoints_grid/cfg020_mlp_cifar10_none_b1_rep06_seed648.pt
mlp,cifar10,none,1,1,0.001,2.289667619647425,0.232,7,649,20,./checkpoints_grid/cfg020_mlp_cifar10_none_b1_rep07_seed649.pt
mlp,cifar10,none,1,1,0.001,2.296837545793387,0.193,8,650,20,./checkpoints_grid/cfg020_mlp_cifar10_none_b1_rep08_seed650.pt
mlp,cifar10,none,1,1,0.001,2.287171597920824,0.199,9,651,20,./checkpoints_grid/cfg020_mlp_cifar10_none_b1_rep09_seed651.pt
mlp,cifar10,none,1,1,0.001,2.312123443228076,0.186,10,652,20,./checkpoints_grid/cfg020_mlp_cifar10_none_b1_rep10_seed652.pt
mlp,cifar10,none,1,1,0.001,2.262144812284154,0.219,11,653,20,./checkpoints_grid/cfg020_mlp_cifar10_none_b1_rep11_seed653.pt
mlp,cifar10,none,1,1,0.001,2.3030596549268814,0.143,12,654,20,./checkpoints_grid/cfg020_mlp_cifar10_none_b1_rep12_seed654.pt
mlp,cifar10,none,1,1,0.001,2.2808429774045944,0.211,13,655,20,./checkpoints_grid/cfg020_mlp_cifar10_none_b1_rep13_seed655.pt
mlp,cifar10,none,1,1,0.001,2.2807363048156257,0.186,14,656,20,./checkpoints_grid/cfg020_mlp_cifar10_none_b1_rep14_seed656.pt
mlp,cifar10,none,1,1,0.001,2.2271004030942567,0.217,15,657,20,./checkpoints_grid/cfg020_mlp_cifar10_none_b1_rep15_seed657.pt
mlp,cifar10,none,1,1,0.001,2.276443758292452,0.157,16,658,20,./checkpoints_grid/cfg020_mlp_cifar10_none_b1_rep16_seed658.pt
mlp,cifar10,none,1,1,0.001,2.3110599950500235,0.175,17,659,20,./checkpoints_grid/cfg020_mlp_cifar10_none_b1_rep17_seed659.pt
mlp,cifar10,none,1,1,0.001,2.2863218329599184,0.209,18,660,20,./checkpoints_grid/cfg020_mlp_cifar10_none_b1_rep18_seed660.pt
mlp,cifar10,none,1,1,0.001,2.2493707121922633,0.214,19,661,20,./checkpoints_grid/cfg020_mlp_cifar10_none_b1_rep19_seed661.pt
mlp,cifar10,none,1,1,0.001,2.265945623748412,0.233,20,662,20,./checkpoints_grid/cfg020_mlp_cifar10_none_b1_rep20_seed662.pt
mlp,cifar10,none,1,1,0.001,2.263472297292639,0.143,21,663,20,./checkpoints_grid/cfg020_mlp_cifar10_none_b1_rep21_seed663.pt
mlp,cifar10,none,1,1,0.001,2.289292246308469,0.166,22,664,20,./checkpoints_grid/cfg020_mlp_cifar10_none_b1_rep22_seed664.pt
mlp,cifar10,none,1,1,0.001,2.26497055350538,0.194,23,665,20,./checkpoints_grid/cfg020_mlp_cifar10_none_b1_rep23_seed665.pt
mlp,cifar10,none,1,1,0.001,2.295066131201398,0.213,24,666,20,./checkpoints_grid/cfg020_mlp_cifar10_none_b1_rep24_seed666.pt
mlp,cifar10,none,1,1,0.001,2.264414833323157,0.206,25,667,20,./checkpoints_grid/cfg020_mlp_cifar10_none_b1_rep25_seed667.pt
mlp,cifar10,none,1,1,0.001,2.2537265613295605,0.161,26,668,20,./checkpoints_grid/cfg020_mlp_cifar10_none_b1_rep26_seed668.pt
mlp,cifar10,none,1,1,0.001,2.266540654420707,0.191,27,669,20,./checkpoints_grid/cfg020_mlp_cifar10_none_b1_rep27_seed669.pt
mlp,cifar10,none,1,1,0.001,2.291957240062409,0.189,28,670,20,./checkpoints_grid/cfg020_mlp_cifar10_none_b1_rep28_seed670.pt
mlp,cifar10,none,1,1,0.001,2.2795151287667688,0.185,29,671,20,./checkpoints_grid/cfg020_mlp_cifar10_none_b1_rep29_seed671.pt
mlp,cifar10,none,32,1,0.001,1.9419977617263795,0.345,0,672,21,./checkpoints_grid/cfg021_mlp_cifar10_none_b32_rep00_seed672.pt
mlp,cifar10,none,32,1,0.001,1.9448102388381958,0.353,1,673,21,./checkpoints_grid/cfg021_mlp_cifar10_none_b32_rep01_seed673.pt
mlp,cifar10,none,32,1,0.001,1.9296211776733398,0.358,2,674,21,./checkpoints_grid/cfg021_mlp_cifar10_none_b32_rep02_seed674.pt
mlp,cifar10,none,32,1,0.001,1.9430823249816895,0.335,3,675,21,./checkpoints_grid/cfg021_mlp_cifar10_none_b32_rep03_seed675.pt
mlp,cifar10,none,32,1,0.001,1.9352984981536865,0.335,4,676,21,./checkpoints_grid/cfg021_mlp_cifar10_none_b32_rep04_seed676.pt
mlp,cifar10,none,32,1,0.001,1.9413814878463744,0.363,5,677,21,./checkpoints_grid/cfg021_mlp_cifar10_none_b32_rep05_seed677.pt
mlp,cifar10,none,32,1,0.001,1.9304193687438964,0.317,6,678,21,./checkpoints_grid/cfg021_mlp_cifar10_none_b32_rep06_seed678.pt
mlp,cifar10,none,32,1,0.001,1.9476428918838502,0.36,7,679,21,./checkpoints_grid/cfg021_mlp_cifar10_none_b32_rep07_seed679.pt
mlp,cifar10,none,32,1,0.001,1.9349690761566163,0.352,8,680,21,./checkpoints_grid/cfg021_mlp_cifar10_none_b32_rep08_seed680.pt
mlp,cifar10,none,32,1,0.001,1.9420233516693115,0.355,9,681,21,./checkpoints_grid/cfg021_mlp_cifar10_none_b32_rep09_seed681.pt
mlp,cifar10,none,32,1,0.001,1.9427684755325318,0.344,10,682,21,./checkpoints_grid/cfg021_mlp_cifar10_none_b32_rep10_seed682.pt
mlp,cifar10,none,32,1,0.001,1.9433853549957276,0.354,11,683,21,./checkpoints_grid/cfg021_mlp_cifar10_none_b32_rep11_seed683.pt
mlp,cifar10,none,32,1,0.001,1.932278865814209,0.364,12,684,21,./checkpoints_grid/cfg021_mlp_cifar10_none_b32_rep12_seed684.pt
mlp,cifar10,none,32,1,0.001,1.9501205730438231,0.33,13,685,21,./checkpoints_grid/cfg021_mlp_cifar10_none_b32_rep13_seed685.pt
mlp,cifar10,none,32,1,0.001,1.950984902381897,0.352,14,686,21,./checkpoints_grid/cfg021_mlp_cifar10_none_b32_rep14_seed686.pt
mlp,cifar10,none,32,1,0.001,1.9440433340072631,0.35,15,687,21,./checkpoints_grid/cfg021_mlp_cifar10_none_b32_rep15_seed687.pt
mlp,cifar10,none,32,1,0.001,1.9368519277572631,0.349,16,688,21,./checkpoints_grid/cfg021_mlp_cifar10_none_b32_rep16_seed688.pt
mlp,cifar10,none,32,1,0.001,1.941907898902893,0.372,17,689,21,./checkpoints_grid/cfg021_mlp_cifar10_none_b32_rep17_seed689.pt
mlp,cifar10,none,32,1,0.001,1.9329347867965698,0.355,18,690,21,./checkpoints_grid/cfg021_mlp_cifar10_none_b32_rep18_seed690.pt
mlp,cifar10,none,32,1,0.001,1.9550835332870484,0.355,19,691,21,./checkpoints_grid/cfg021_mlp_cifar10_none_b32_rep19_seed691.pt
mlp,cifar10,none,32,1,0.001,1.9171751079559327,0.347,20,692,21,./checkpoints_grid/cfg021_mlp_cifar10_none_b32_rep20_seed692.pt
mlp,cifar10,none,32,1,0.001,1.9412392387390136,0.353,21,693,21,./checkpoints_grid/cfg021_mlp_cifar10_none_b32_rep21_seed693.pt
mlp,cifar10,none,32,1,0.001,1.9314454641342162,0.359,22,694,21,./checkpoints_grid/cfg021_mlp_cifar10_none_b32_rep22_seed694.pt
mlp,cifar10,none,32,1,0.001,1.9363065977096559,0.348,23,695,21,./checkpoints_grid/cfg021_mlp_cifar10_none_b32_rep23_seed695.pt
mlp,cifar10,none,32,1,0.001,1.929303671836853,0.362,24,696,21,./checkpoints_grid/cfg021_mlp_cifar10_none_b32_rep24_seed696.pt
mlp,cifar10,none,32,1,0.001,1.9358452844619751,0.343,25,697,21,./checkpoints_grid/cfg021_mlp_cifar10_none_b32_rep25_seed697.pt
mlp,cifar10,none,32,1,0.001,1.9503790273666382,0.362,26,698,21,./checkpoints_grid/cfg021_mlp_cifar10_none_b32_rep26_seed698.pt
mlp,cifar10,none,32,1,0.001,1.9449672718048097,0.37,27,699,21,./checkpoints_grid/cfg021_mlp_cifar10_none_b32_rep27_seed699.pt
mlp,cifar10,none,32,1,0.001,1.9512912015914916,0.381,28,700,21,./checkpoints_grid/cfg021_mlp_cifar10_none_b32_rep28_seed700.pt
mlp,cifar10,none,32,1,0.001,1.9405952959060668,0.318,29,701,21,./checkpoints_grid/cfg021_mlp_cifar10_none_b32_rep29_seed701.pt
mlp,cifar10,topk,1,1,0.001,2.2919460028164322,0.183,0,702,22,./checkpoints_grid/cfg022_mlp_cifar10_topk_b1_rep00_seed702.pt
mlp,cifar10,topk,1,1,0.001,2.307859906223559,0.197,1,703,22,./checkpoints_grid/cfg022_mlp_cifar10_topk_b1_rep01_seed703.pt
mlp,cifar10,topk,1,1,0.001,2.264194891846739,0.201,2,704,22,./checkpoints_grid/cfg022_mlp_cifar10_topk_b1_rep02_seed704.pt
mlp,cifar10,topk,1,1,0.001,2.268658543712925,0.231,3,705,22,./checkpoints_grid/cfg022_mlp_cifar10_topk_b1_rep03_seed705.pt
mlp,cifar10,topk,1,1,0.001,2.2584615409513935,0.145,4,706,22,./checkpoints_grid/cfg022_mlp_cifar10_topk_b1_rep04_seed706.pt
mlp,cifar10,topk,1,1,0.001,2.2653836469842354,0.174,5,707,22,./checkpoints_grid/cfg022_mlp_cifar10_topk_b1_rep05_seed707.pt
mlp,cifar10,topk,1,1,0.001,2.3057710749206306,0.183,6,708,22,./checkpoints_grid/cfg022_mlp_cifar10_topk_b1_rep06_seed708.pt
mlp,cifar10,topk,1,1,0.001,2.2407720650862903,0.224,7,709,22,./checkpoints_grid/cfg022_mlp_cifar10_topk_b1_rep07_seed709.pt
mlp,cifar10,topk,1,1,0.001,2.303121021234547,0.191,8,710,22,./checkpoints_grid/cfg022_mlp_cifar10_topk_b1_rep08_seed710.pt
mlp,cifar10,topk,1,1,0.001,2.2515005328101108,0.192,9,711,22,./checkpoints_grid/cfg022_mlp_cifar10_topk_b1_rep09_seed711.pt
mlp,cifar10,topk,1,1,0.001,2.2588205923750064,0.192,10,712,22,./checkpoints_grid/cfg022_mlp_cifar10_topk_b1_rep10_seed712.pt
mlp,cifar10,topk,1,1,0.001,2.2504431013567956,0.214,11,713,22,./checkpoints_grid/cfg022_mlp_cifar10_topk_b1_rep11_seed713.pt
mlp,cifar10,topk,1,1,0.001,2.2831385357945693,0.195,12,714,22,./checkpoints_grid/cfg022_mlp_cifar10_topk_b1_rep12_seed714.pt
mlp,cifar10,topk,1,1,0.001,2.2583798428084703,0.185,13,715,22,./checkpoints_grid/cfg022_mlp_cifar10_topk_b1_rep13_seed715.pt
mlp,cifar10,topk,1,1,0.001,2.2580623569763394,0.147,14,716,22,./checkpoints_grid/cfg022_mlp_cifar10_topk_b1_rep14_seed716.pt
mlp,cifar10,topk,1,1,0.001,2.267608553799335,0.152,15,717,22,./checkpoints_grid/cfg022_mlp_cifar10_topk_b1_rep15_seed717.pt
mlp,cifar10,topk,1,1,0.001,2.2638198916860857,0.193,16,718,22,./checkpoints_grid/cfg022_mlp_cifar10_topk_b1_rep16_seed718.pt
mlp,cifar10,topk,1,1,0.001,2.2543837338740342,0.165,17,719,22,./checkpoints_grid/cfg022_mlp_cifar10_topk_b1_rep17_seed719.pt
mlp,cifar10,topk,1,1,0.001,2.2816124046538606,0.22,18,720,22,./checkpoints_grid/cfg022_mlp_cifar10_topk_b1_rep18_seed720.pt
mlp,cifar10,topk,1,1,0.001,2.274179552360234,0.179,19,721,22,./checkpoints_grid/cfg022_mlp_cifar10_topk_b1_rep19_seed721.pt
mlp,cifar10,topk,1,1,0.001,2.2597243608301505,0.2,20,722,22,./checkpoints_grid/cfg022_mlp_cifar10_topk_b1_rep20_seed722.pt
mlp,cifar10,topk,1,1,0.001,2.2331473792333854,0.219,21,723,22,./checkpoints_grid/cfg022_mlp_cifar10_topk_b1_rep21_seed723.pt
mlp,cifar10,topk,1,1,0.001,2.3223415634178384,0.196,22,724,22,./checkpoints_grid/cfg022_mlp_cifar10_topk_b1_rep22_seed724.pt
mlp,cifar10,topk,1,1,0.001,2.3009244274454086,0.193,23,725,22,./checkpoints_grid/cfg022_mlp_cifar10_topk_b1_rep23_seed725.pt
mlp,cifar10,topk,1,1,0.001,2.2671027346479242,0.183,24,726,22,./checkpoints_grid/cfg022_mlp_cifar10_topk_b1_rep24_seed726.pt
mlp,cifar10,topk,1,1,0.001,2.3008596365230622,0.179,25,727,22,./checkpoints_grid/cfg022_mlp_cifar10_topk_b1_rep25_seed727.pt
mlp,cifar10,topk,1,1,0.001,2.2834037919910553,0.193,26,728,22,./checkpoints_grid/cfg022_mlp_cifar10_topk_b1_rep26_seed728.pt
mlp,cifar10,topk,1,1,0.001,2.2939958135685594,0.171,27,729,22,./checkpoints_grid/cfg022_mlp_cifar10_topk_b1_rep27_seed729.pt
mlp,cifar10,topk,1,1,0.001,2.270829582072081,0.199,28,730,22,./checkpoints_grid/cfg022_mlp_cifar10_topk_b1_rep28_seed730.pt
mlp,cifar10,topk,1,1,0.001,2.252861324170226,0.224,29,731,22,./checkpoints_grid/cfg022_mlp_cifar10_topk_b1_rep29_seed731.pt
mlp,cifar10,topk,32,1,0.001,1.955986701965332,0.321,0,732,23,./checkpoints_grid/cfg023_mlp_cifar10_topk_b32_rep00_seed732.pt
mlp,cifar10,topk,32,1,0.001,1.9603588609695435,0.319,1,733,23,./checkpoints_grid/cfg023_mlp_cifar10_topk_b32_rep01_seed733.pt
mlp,cifar10,topk,32,1,0.001,1.945512348175049,0.336,2,734,23,./checkpoints_grid/cfg023_mlp_cifar10_topk_b32_rep02_seed734.pt
mlp,cifar10,topk,32,1,0.001,1.9620031642913818,0.323,3,735,23,./checkpoints_grid/cfg023_mlp_cifar10_topk_b32_rep03_seed735.pt
mlp,cifar10,topk,32,1,0.001,1.9531190090179444,0.378,4,736,23,./checkpoints_grid/cfg023_mlp_cifar10_topk_b32_rep04_seed736.pt
mlp,cifar10,topk,32,1,0.001,1.9503240013122558,0.335,5,737,23,./checkpoints_grid/cfg023_mlp_cifar10_topk_b32_rep05_seed737.pt
mlp,cifar10,topk,32,1,0.001,1.9457712535858154,0.32,6,738,23,./checkpoints_grid/cfg023_mlp_cifar10_topk_b32_rep06_seed738.pt
mlp,cifar10,topk,32,1,0.001,1.9373243646621705,0.359,7,739,23,./checkpoints_grid/cfg023_mlp_cifar10_topk_b32_rep07_seed739.pt
mlp,cifar10,topk,32,1,0.001,1.9604490423202514,0.314,8,740,23,./checkpoints_grid/cfg023_mlp_cifar10_topk_b32_rep08_seed740.pt
mlp,cifar10,topk,32,1,0.001,1.943169460296631,0.342,9,741,23,./checkpoints_grid/cfg023_mlp_cifar10_topk_b32_rep09_seed741.pt
mlp,cifar10,topk,32,1,0.001,1.9480401496887207,0.355,10,742,23,./checkpoints_grid/cfg023_mlp_cifar10_topk_b32_rep10_seed742.pt
mlp,cifar10,topk,32,1,0.001,1.9332909297943115,0.348,11,743,23,./checkpoints_grid/cfg023_mlp_cifar10_topk_b32_rep11_seed743.pt
mlp,cifar10,topk,32,1,0.001,1.9554862298965454,0.342,12,744,23,./checkpoints_grid/cfg023_mlp_cifar10_topk_b32_rep12_seed744.pt
mlp,cifar10,topk,32,1,0.001,1.9582097272872925,0.337,13,745,23,./checkpoints_grid/cfg023_mlp_cifar10_topk_b32_rep13_seed745.pt
mlp,cifar10,topk,32,1,0.001,1.9693884725570678,0.335,14,746,23,./checkpoints_grid/cfg023_mlp_cifar10_topk_b32_rep14_seed746.pt
mlp,cifar10,topk,32,1,0.001,1.953404737472534,0.346,15,747,23,./checkpoints_grid/cfg023_mlp_cifar10_topk_b32_rep15_seed747.pt
mlp,cifar10,topk,32,1,0.001,1.949429741859436,0.315,16,748,23,./checkpoints_grid/cfg023_mlp_cifar10_topk_b32_rep16_seed748.pt
mlp,cifar10,topk,32,1,0.001,1.9390761470794677,0.337,17,749,23,./checkpoints_grid/cfg023_mlp_cifar10_topk_b32_rep17_seed749.pt
mlp,cifar10,topk,32,1,0.001,1.9451348247528075,0.363,18,750,23,./checkpoints_grid/cfg023_mlp_cifar10_topk_b32_rep18_seed750.pt
mlp,cifar10,topk,32,1,0.001,1.9456654653549195,0.312,19,751,23,./checkpoints_grid/cfg023_mlp_cifar10_topk_b32_rep19_seed751.pt
mlp,cifar10,topk,32,1,0.001,1.9533866882324218,0.327,20,752,23,./checkpoints_grid/cfg023_mlp_cifar10_topk_b32_rep20_seed752.pt
mlp,cifar10,topk,32,1,0.001,1.9306692399978638,0.351,21,753,23,./checkpoints_grid/cfg023_mlp_cifar10_topk_b32_rep21_seed753.pt
mlp,cifar10,topk,32,1,0.001,1.93913533782959,0.315,22,754,23,./checkpoints_grid/cfg023_mlp_cifar10_topk_b32_rep22_seed754.pt
mlp,cifar10,topk,32,1,0.001,1.9331489944458007,0.344,23,755,23,./checkpoints_grid/cfg023_mlp_cifar10_topk_b32_rep23_seed755.pt
mlp,cifar10,topk,32,1,0.001,1.9383850936889648,0.35,24,756,23,./checkpoints_grid/cfg023_mlp_cifar10_topk_b32_rep24_seed756.pt
mlp,cifar10,topk,32,1,0.001,1.9464179592132569,0.349,25,757,23,./checkpoints_grid/cfg023_mlp_cifar10_topk_b32_rep25_seed757.pt
mlp,cifar10,topk,32,1,0.001,1.947807607650757,0.326,26,758,23,./checkpoints_grid/cfg023_mlp_cifar10_topk_b32_rep26_seed758.pt
mlp,cifar10,topk,32,1,0.001,1.959069905281067,0.344,27,759,23,./checkpoints_grid/cfg023_mlp_cifar10_topk_b32_rep27_seed759.pt
mlp,cifar10,topk,32,1,0.001,1.9469340219497682,0.294,28,760,23,./checkpoints_grid/cfg023_mlp_cifar10_topk_b32_rep28_seed760.pt
mlp,cifar10,topk,32,1,0.001,1.9368206939697266,0.345,29,761,23,./checkpoints_grid/cfg023_mlp_cifar10_topk_b32_rep29_seed761.pt
mlp,cifar10,dpsgd,1,1,0.001,2.8591810831464826,0.12,0,762,24,./checkpoints_grid/cfg024_mlp_cifar10_dpsgd_b1_rep00_seed762.pt
mlp,cifar10,dpsgd,1,1,0.001,2.796095019029919,0.132,1,763,24,./checkpoints_grid/cfg024_mlp_cifar10_dpsgd_b1_rep01_seed763.pt
mlp,cifar10,dpsgd,1,1,0.001,2.7617431441051887,0.109,2,764,24,./checkpoints_grid/cfg024_mlp_cifar10_dpsgd_b1_rep02_seed764.pt
mlp,cifar10,dpsgd,1,1,0.001,2.8584343108749017,0.088,3,765,24,./checkpoints_grid/cfg024_mlp_cifar10_dpsgd_b1_rep03_seed765.pt
mlp,cifar10,dpsgd,1,1,0.001,2.858024725685362,0.135,4,766,24,./checkpoints_grid/cfg024_mlp_cifar10_dpsgd_b1_rep04_seed766.pt
mlp,cifar10,dpsgd,1,1,0.001,2.799443562937202,0.149,5,767,24,./checkpoints_grid/cfg024_mlp_cifar10_dpsgd_b1_rep05_seed767.pt
mlp,cifar10,dpsgd,1,1,0.001,2.7644600098161027,0.154,6,768,24,./checkpoints_grid/cfg024_mlp_cifar10_dpsgd_b1_rep06_seed768.pt
mlp,cifar10,dpsgd,1,1,0.001,2.8324527045984285,0.137,7,769,24,./checkpoints_grid/cfg024_mlp_cifar10_dpsgd_b1_rep07_seed769.pt
mlp,cifar10,dpsgd,1,1,0.001,2.8344882455118934,0.109,8,770,24,./checkpoints_grid/cfg024_mlp_cifar10_dpsgd_b1_rep08_seed770.pt
mlp,cifar10,dpsgd,1,1,0.001,2.7369550819192083,0.147,9,771,24,./checkpoints_grid/cfg024_mlp_cifar10_dpsgd_b1_rep09_seed771.pt
mlp,cifar10,dpsgd,1,1,0.001,2.8316843037296637,0.117,10,772,24,./checkpoints_grid/cfg024_mlp_cifar10_dpsgd_b1_rep10_seed772.pt
mlp,cifar10,dpsgd,1,1,0.001,2.9164837154010312,0.084,11,773,24,./checkpoints_grid/cfg024_mlp_cifar10_dpsgd_b1_rep11_seed773.pt
mlp,cifar10,dpsgd,1,1,0.001,2.793530092842877,0.135,12,774,24,./checkpoints_grid/cfg024_mlp_cifar10_dpsgd_b1_rep12_seed774.pt
mlp,cifar10,dpsgd,1,1,0.001,2.7829480471014976,0.116,13,775,24,./checkpoints_grid/cfg024_mlp_cifar10_dpsgd_b1_rep13_seed775.pt
mlp,cifar10,dpsgd,1,1,0.001,2.8249999765731046,0.149,14,776,24,./checkpoints_grid/cfg024_mlp_cifar10_dpsgd_b1_rep14_seed776.pt
mlp,cifar10,dpsgd,1,1,0.001,2.782429038096685,0.125,15,777,24,./checkpoints_grid/cfg024_mlp_cifar10_dpsgd_b1_rep15_seed777.pt
mlp,cifar10,dpsgd,1,1,0.001,2.8229767281513194,0.139,16,778,24,./checkpoints_grid/cfg024_mlp_cifar10_dpsgd_b1_rep16_seed778.pt
mlp,cifar10,dpsgd,1,1,0.001,2.8815322584435346,0.102,17,779,24,./checkpoints_grid/cfg024_mlp_cifar10_dpsgd_b1_rep17_seed779.pt
mlp,cifar10,dpsgd,1,1,0.001,2.72632928140345,0.131,18,780,24,./checkpoints_grid/cfg024_mlp_cifar10_dpsgd_b1_rep18_seed780.pt
mlp,cifar10,dpsgd,1,1,0.001,2.820456452790182,0.127,19,781,24,./checkpoints_grid/cfg024_mlp_cifar10_dpsgd_b1_rep19_seed781.pt
mlp,cifar10,dpsgd,1,1,0.001,2.7810152951898055,0.18,20,782,24,./checkpoints_grid/cfg024_mlp_cifar10_dpsgd_b1_rep20_seed782.pt
mlp,cifar10,dpsgd,1,1,0.001,2.7864017316070386,0.124,21,783,24,./checkpoints_grid/cfg024_mlp_cifar10_dpsgd_b1_rep21_seed783.pt
mlp,cifar10,dpsgd,1,1,0.001,2.7976604998195542,0.129,22,784,24,./checkpoints_grid/cfg024_mlp_cifar10_dpsgd_b1_rep22_seed784.pt
mlp,cifar10,dpsgd,1,1,0.001,2.8289930400552077,0.118,23,785,24,./checkpoints_grid/cfg024_mlp_cifar10_dpsgd_b1_rep23_seed785.pt
mlp,cifar10,dpsgd,1,1,0.001,2.7796950711868704,0.137,24,786,24,./checkpoints_grid/cfg024_mlp_cifar10_dpsgd_b1_rep24_seed786.pt
mlp,cifar10,dpsgd,1,1,0.001,2.7717389751002193,0.116,25,787,24,./checkpoints_grid/cfg024_mlp_cifar10_dpsgd_b1_rep25_seed787.pt
mlp,cifar10,dpsgd,1,1,0.001,2.8575301278056577,0.115,26,788,24,./checkpoints_grid/cfg024_mlp_cifar10_dpsgd_b1_rep26_seed788.pt
mlp,cifar10,dpsgd,1,1,0.001,2.8591967622726226,0.119,27,789,24,./checkpoints_grid/cfg024_mlp_cifar10_dpsgd_b1_rep27_seed789.pt
mlp,cifar10,dpsgd,1,1,0.001,2.7576128847994843,0.137,28,790,24,./checkpoints_grid/cfg024_mlp_cifar10_dpsgd_b1_rep28_seed790.pt
mlp,cifar10,dpsgd,1,1,0.001,2.7405897114863618,0.136,29,791,24,./checkpoints_grid/cfg024_mlp_cifar10_dpsgd_b1_rep29_seed791.pt
mlp,cifar10,dpsgd,32,1,0.001,2.2993834686279295,0.124,0,792,25,./checkpoints_grid/cfg025_mlp_cifar10_dpsgd_b32_rep00_seed792.pt
mlp,cifar10,dpsgd,32,1,0.001,2.2896550636291506,0.139,1,793,25,./checkpoints_grid/cfg025_mlp_cifar10_dpsgd_b32_rep01_seed793.pt
mlp,cifar10,dpsgd,32,1,0.001,2.298551315307617,0.093,2,794,25,./checkpoints_grid/cfg025_mlp_cifar10_dpsgd_b32_rep02_seed794.pt
mlp,cifar10,dpsgd,32,1,0.001,2.2994757022857666,0.106,3,795,25,./checkpoints_grid/cfg025_mlp_cifar10_dpsgd_b32_rep03_seed795.pt
mlp,cifar10,dpsgd,32,1,0.001,2.29413530921936,0.101,4,796,25,./checkpoints_grid/cfg025_mlp_cifar10_dpsgd_b32_rep04_seed796.pt
mlp,cifar10,dpsgd,32,1,0.001,2.3020565547943117,0.142,5,797,25,./checkpoints_grid/cfg025_mlp_cifar10_dpsgd_b32_rep05_seed797.pt
mlp,cifar10,dpsgd,32,1,0.001,2.3095041618347167,0.113,6,798,25,./checkpoints_grid/cfg025_mlp_cifar10_dpsgd_b32_rep06_seed798.pt
mlp,cifar10,dpsgd,32,1,0.001,2.3026603755950927,0.117,7,799,25,./checkpoints_grid/cfg025_mlp_cifar10_dpsgd_b32_rep07_seed799.pt
mlp,cifar10,dpsgd,32,1,0.001,2.2963487968444825,0.135,8,800,25,./checkpoints_grid/cfg025_mlp_cifar10_dpsgd_b32_rep08_seed800.pt
mlp,cifar10,dpsgd,32,1,0.001,2.2909252643585205,0.144,9,801,25,./checkpoints_grid/cfg025_mlp_cifar10_dpsgd_b32_rep09_seed801.pt
mlp,cifar10,dpsgd,32,1,0.001,2.3023948287963867,0.092,10,802,25,./checkpoints_grid/cfg025_mlp_cifar10_dpsgd_b32_rep10_seed802.pt
mlp,cifar10,dpsgd,32,1,0.001,2.3125654258728026,0.126,11,803,25,./checkpoints_grid/cfg025_mlp_cifar10_dpsgd_b32_rep11_seed803.pt
mlp,cifar10,dpsgd,32,1,0.001,2.3013020458221436,0.122,12,804,25,./checkpoints_grid/cfg025_mlp_cifar10_dpsgd_b32_rep12_seed804.pt
mlp,cifar10,dpsgd,32,1,0.001,2.293897891998291,0.129,13,805,25,./checkpoints_grid/cfg025_mlp_cifar10_dpsgd_b32_rep13_seed805.pt
mlp,cifar10,dpsgd,32,1,0.001,2.303823511123657,0.099,14,806,25,./checkpoints_grid/cfg025_mlp_cifar10_dpsgd_b32_rep14_seed806.pt
mlp,cifar10,dpsgd,32,1,0.001,2.307050703048706,0.104,15,807,25,./checkpoints_grid/cfg025_mlp_cifar10_dpsgd_b32_rep15_seed807.pt
mlp,cifar10,dpsgd,32,1,0.001,2.3026224555969237,0.126,16,808,25,./checkpoints_grid/cfg025_mlp_cifar10_dpsgd_b32_rep16_seed808.pt
mlp,cifar10,dpsgd,32,1,0.001,2.301813055038452,0.102,17,809,25,./checkpoints_grid/cfg025_mlp_cifar10_dpsgd_b32_rep17_seed809.pt
mlp,cifar10,dpsgd,32,1,0.001,2.299745838165283,0.114,18,810,25,./checkpoints_grid/cfg025_mlp_cifar10_dpsgd_b32_rep18_seed810.pt
mlp,cifar10,dpsgd,32,1,0.001,2.293786199569702,0.136,19,811,25,./checkpoints_grid/cfg025_mlp_cifar10_dpsgd_b32_rep19_seed811.pt
mlp,cifar10,dpsgd,32,1,0.001,2.3113942070007325,0.128,20,812,25,./checkpoints_grid/cfg025_mlp_cifar10_dpsgd_b32_rep20_seed812.pt
mlp,cifar10,dpsgd,32,1,0.001,2.292282232284546,0.139,21,813,25,./checkpoints_grid/cfg025_mlp_cifar10_dpsgd_b32_rep21_seed813.pt
mlp,cifar10,dpsgd,32,1,0.001,2.305829942703247,0.133,22,814,25,./checkpoints_grid/cfg025_mlp_cifar10_dpsgd_b32_rep22_seed814.pt
mlp,cifar10,dpsgd,32,1,0.001,2.298678901672363,0.125,23,815,25,./checkpoints_grid/cfg025_mlp_cifar10_dpsgd_b32_rep23_seed815.pt
mlp,cifar10,dpsgd,32,1,0.001,2.2774551181793212,0.172,24,816,25,./checkpoints_grid/cfg025_mlp_cifar10_dpsgd_b32_rep24_seed816.pt
mlp,cifar10,dpsgd,32,1,0.001,2.282688217163086,0.156,25,817,25,./checkpoints_grid/cfg025_mlp_cifar10_dpsgd_b32_rep25_seed817.pt
mlp,cifar10,dpsgd,32,1,0.001,2.2997722911834715,0.118,26,818,25,./checkpoints_grid/cfg025_mlp_cifar10_dpsgd_b32_rep26_seed818.pt
mlp,cifar10,dpsgd,32,1,0.001,2.3113491535186768,0.108,27,819,25,./checkpoints_grid/cfg025_mlp_cifar10_dpsgd_b32_rep27_seed819.pt
mlp,cifar10,dpsgd,32,1,0.001,2.299392702102661,0.105,28,820,25,./checkpoints_grid/cfg025_mlp_cifar10_dpsgd_b32_rep28_seed820.pt
mlp,cifar10,dpsgd,32,1,0.001,2.3031366119384766,0.14,29,821,25,./checkpoints_grid/cfg025_mlp_cifar10_dpsgd_b32_rep29_seed821.pt
mlp,cifar10,randomk,1,1,0.001,2.351638813959238,0.316,0,822,26,./checkpoints_grid/cfg026_mlp_cifar10_randomk_b1_rep00_seed822.pt
mlp,cifar10,randomk,1,1,0.001,2.352567394779384,0.266,1,823,26,./checkpoints_grid/cfg026_mlp_cifar10_randomk_b1_rep01_seed823.pt
mlp,cifar10,randomk,1,1,0.001,2.3620192385832635,0.247,2,824,26,./checkpoints_grid/cfg026_mlp_cifar10_randomk_b1_rep02_seed824.pt
mlp,cifar10,randomk,1,1,0.001,2.337347564665324,0.266,3,825,26,./checkpoints_grid/cfg026_mlp_cifar10_randomk_b1_rep03_seed825.pt
mlp,cifar10,randomk,1,1,0.001,2.3490094590758783,0.233,4,826,26,./checkpoints_grid/cfg026_mlp_cifar10_randomk_b1_rep04_seed826.pt
mlp,cifar10,randomk,1,1,0.001,2.362158637365792,0.248,5,827,26,./checkpoints_grid/cfg026_mlp_cifar10_randomk_b1_rep05_seed827.pt
mlp,cifar10,randomk,1,1,0.001,2.29068971437389,0.27,6,828,26,./checkpoints_grid/cfg026_mlp_cifar10_randomk_b1_rep06_seed828.pt
mlp,cifar10,randomk,1,1,0.001,2.385820121998164,0.286,7,829,26,./checkpoints_grid/cfg026_mlp_cifar10_randomk_b1_rep07_seed829.pt
mlp,cifar10,randomk,1,1,0.001,2.3661495492337163,0.289,8,830,26,./checkpoints_grid/cfg026_mlp_cifar10_randomk_b1_rep08_seed830.pt
mlp,cifar10,randomk,1,1,0.001,2.3353095502741397,0.266,9,831,26,./checkpoints_grid/cfg026_mlp_cifar10_randomk_b1_rep09_seed831.pt
mlp,cifar10,randomk,1,1,0.001,2.3099750221854483,0.269,10,832,26,./checkpoints_grid/cfg026_mlp_cifar10_randomk_b1_rep10_seed832.pt
mlp,cifar10,randomk,1,1,0.001,2.377630029876319,0.275,11,833,26,./checkpoints_grid/cfg026_mlp_cifar10_randomk_b1_rep11_seed833.pt
mlp,cifar10,randomk,1,1,0.001,2.3471568425936566,0.266,12,834,26,./checkpoints_grid/cfg026_mlp_cifar10_randomk_b1_rep12_seed834.pt
mlp,cifar10,randomk,1,1,0.001,2.354162070962266,0.251,13,835,26,./checkpoints_grid/cfg026_mlp_cifar10_randomk_b1_rep13_seed835.pt
mlp,cifar10,randomk,1,1,0.001,2.4034495503190048,0.275,14,836,26,./checkpoints_grid/cfg026_mlp_cifar10_randomk_b1_rep14_seed836.pt
mlp,cifar10,randomk,1,1,0.001,2.2673166409566767,0.279,15,837,26,./checkpoints_grid/cfg026_mlp_cifar10_randomk_b1_rep15_seed837.pt
mlp,cifar10,randomk,1,1,0.001,2.3601541331447953,0.273,16,838,26,./checkpoints_grid/cfg026_mlp_cifar10_randomk_b1_rep16_seed838.pt
mlp,cifar10,randomk,1,1,0.001,2.33759543565628,0.296,17,839,26,./checkpoints_grid/cfg026_mlp_cifar10_randomk_b1_rep17_seed839.pt
mlp,cifar10,randomk,1,1,0.001,2.3896231579370504,0.281,18,840,26,./checkpoints_grid/cfg026_mlp_cifar10_randomk_b1_rep18_seed840.pt
mlp,cifar10,randomk,1,1,0.001,2.328753325099795,0.288,19,841,26,./checkpoints_grid/cfg026_mlp_cifar10_randomk_b1_rep19_seed841.pt
mlp,cifar10,randomk,1,1,0.001,2.3148605118188716,0.27,20,842,26,./checkpoints_grid/cfg026_mlp_cifar10_randomk_b1_rep20_seed842.pt
mlp,cifar10,randomk,1,1,0.001,2.3077305823748064,0.292,21,843,26,./checkpoints_grid/cfg026_mlp_cifar10_randomk_b1_rep21_seed843.pt
mlp,cifar10,randomk,1,1,0.001,2.333496193122647,0.283,22,844,26,./checkpoints_grid/cfg026_mlp_cifar10_randomk_b1_rep22_seed844.pt
mlp,cifar10,randomk,1,1,0.001,2.389642444476427,0.303,23,845,26,./checkpoints_grid/cfg026_mlp_cifar10_randomk_b1_rep23_seed845.pt
mlp,cifar10,randomk,1,1,0.001,2.368116052988018,0.256,24,846,26,./checkpoints_grid/cfg026_mlp_cifar10_randomk_b1_rep24_seed846.pt
mlp,cifar10,randomk,1,1,0.001,2.3441242431661666,0.258,25,847,26,./checkpoints_grid/cfg026_mlp_cifar10_randomk_b1_rep25_seed847.pt
mlp,cifar10,randomk,1,1,0.001,2.360271128112421,0.262,26,848,26,./checkpoints_grid/cfg026_mlp_cifar10_randomk_b1_rep26_seed848.pt
mlp,cifar10,randomk,1,1,0.001,2.3667033235291712,0.251,27,849,26,./checkpoints_grid/cfg026_mlp_cifar10_randomk_b1_rep27_seed849.pt
mlp,cifar10,randomk,1,1,0.001,2.2975726408883927,0.246,28,850,26,./checkpoints_grid/cfg026_mlp_cifar10_randomk_b1_rep28_seed850.pt
mlp,cifar10,randomk,1,1,0.001,2.314555472031174,0.245,29,851,26,./checkpoints_grid/cfg026_mlp_cifar10_randomk_b1_rep29_seed851.pt
mlp,cifar10,randomk,32,1,0.001,1.9072998294830321,0.365,0,852,27,./checkpoints_grid/cfg027_mlp_cifar10_randomk_b32_rep00_seed852.pt
mlp,cifar10,randomk,32,1,0.001,1.9189879846572877,0.342,1,853,27,./checkpoints_grid/cfg027_mlp_cifar10_randomk_b32_rep01_seed853.pt
mlp,cifar10,randomk,32,1,0.001,1.9104764528274536,0.37,2,854,27,./checkpoints_grid/cfg027_mlp_cifar10_randomk_b32_rep02_seed854.pt
mlp,cifar10,randomk,32,1,0.001,1.9062244262695311,0.372,3,855,27,./checkpoints_grid/cfg027_mlp_cifar10_randomk_b32_rep03_seed855.pt
mlp,cifar10,randomk,32,1,0.001,1.9133123474121094,0.346,4,856,27,./checkpoints_grid/cfg027_mlp_cifar10_randomk_b32_rep04_seed856.pt
mlp,cifar10,randomk,32,1,0.001,1.9100898542404174,0.347,5,857,27,./checkpoints_grid/cfg027_mlp_cifar10_randomk_b32_rep05_seed857.pt
mlp,cifar10,randomk,32,1,0.001,1.9176014165878297,0.369,6,858,27,./checkpoints_grid/cfg027_mlp_cifar10_randomk_b32_rep06_seed858.pt
mlp,cifar10,randomk,32,1,0.001,1.923459966659546,0.344,7,859,27,./checkpoints_grid/cfg027_mlp_cifar10_randomk_b32_rep07_seed859.pt
mlp,cifar10,randomk,32,1,0.001,1.9131106004714966,0.353,8,860,27,./checkpoints_grid/cfg027_mlp_cifar10_randomk_b32_rep08_seed860.pt
mlp,cifar10,randomk,32,1,0.001,1.9041945524215698,0.333,9,861,27,./checkpoints_grid/cfg027_mlp_cifar10_randomk_b32_rep09_seed861.pt
mlp,cifar10,randomk,32,1,0.001,1.920813328742981,0.383,10,862,27,./checkpoints_grid/cfg027_mlp_cifar10_randomk_b32_rep10_seed862.pt
mlp,cifar10,randomk,32,1,0.001,1.907350287437439,0.356,11,863,27,./checkpoints_grid/cfg027_mlp_cifar10_randomk_b32_rep11_seed863.pt
mlp,cifar10,randomk,32,1,0.001,1.9026004447937013,0.386,12,864,27,./checkpoints_grid/cfg027_mlp_cifar10_randomk_b32_rep12_seed864.pt
mlp,cifar10,randomk,32,1,0.001,1.9219323482513428,0.368,13,865,27,./checkpoints_grid/cfg027_mlp_cifar10_randomk_b32_rep13_seed865.pt
mlp,cifar10,randomk,32,1,0.001,1.922554889678955,0.364,14,866,27,./checkpoints_grid/cfg027_mlp_cifar10_randomk_b32_rep14_seed866.pt
mlp,cifar10,randomk,32,1,0.001,1.9110717706680298,0.379,15,867,27,./checkpoints_grid/cfg027_mlp_cifar10_randomk_b32_rep15_seed867.pt
mlp,cifar10,randomk,32,1,0.001,1.9126081867218017,0.372,16,868,27,./checkpoints_grid/cfg027_mlp_cifar10_randomk_b32_rep16_seed868.pt
mlp,cifar10,randomk,32,1,0.001,1.917085319519043,0.346,17,869,27,./checkpoints_grid/cfg027_mlp_cifar10_randomk_b32_rep17_seed869.pt
mlp,cifar10,randomk,32,1,0.001,1.9065894899368285,0.368,18,870,27,./checkpoints_grid/cfg027_mlp_cifar10_randomk_b32_rep18_seed870.pt
mlp,cifar10,randomk,32,1,0.001,1.9178509569168092,0.367,19,871,27,./checkpoints_grid/cfg027_mlp_cifar10_randomk_b32_rep19_seed871.pt
mlp,cifar10,randomk,32,1,0.001,1.9145282440185547,0.372,20,872,27,./checkpoints_grid/cfg027_mlp_cifar10_randomk_b32_rep20_seed872.pt
mlp,cifar10,randomk,32,1,0.001,1.9062122230529785,0.374,21,873,27,./checkpoints_grid/cfg027_mlp_cifar10_randomk_b32_rep21_seed873.pt
mlp,cifar10,randomk,32,1,0.001,1.9220867805480957,0.349,22,874,27,./checkpoints_grid/cfg027_mlp_cifar10_randomk_b32_rep22_seed874.pt
mlp,cifar10,randomk,32,1,0.001,1.9142058353424072,0.36,23,875,27,./checkpoints_grid/cfg027_mlp_cifar10_randomk_b32_rep23_seed875.pt
mlp,cifar10,randomk,32,1,0.001,1.9099383134841919,0.376,24,876,27,./checkpoints_grid/cfg027_mlp_cifar10_randomk_b32_rep24_seed876.pt
mlp,cifar10,randomk,32,1,0.001,1.9123368978500366,0.372,25,877,27,./checkpoints_grid/cfg027_mlp_cifar10_randomk_b32_rep25_seed877.pt
mlp,cifar10,randomk,32,1,0.001,1.8940431871414185,0.361,26,878,27,./checkpoints_grid/cfg027_mlp_cifar10_randomk_b32_rep26_seed878.pt
mlp,cifar10,randomk,32,1,0.001,1.9213982391357423,0.372,27,879,27,./checkpoints_grid/cfg027_mlp_cifar10_randomk_b32_rep27_seed879.pt
mlp,cifar10,randomk,32,1,0.001,1.9147702312469483,0.367,28,880,27,./checkpoints_grid/cfg027_mlp_cifar10_randomk_b32_rep28_seed880.pt
mlp,cifar10,randomk,32,1,0.001,1.914401843070984,0.372,29,881,27,./checkpoints_grid/cfg027_mlp_cifar10_randomk_b32_rep29_seed881.pt
mlp,cifar10,qsgd,1,1,0.001,2.0305749325104987,0.304,0,882,28,./checkpoints_grid/cfg028_mlp_cifar10_qsgd_b1_rep00_seed882.pt
mlp,cifar10,qsgd,1,1,0.001,2.0328072893532227,0.302,1,883,28,./checkpoints_grid/cfg028_mlp_cifar10_qsgd_b1_rep01_seed883.pt
mlp,cifar10,qsgd,1,1,0.001,2.019227354558214,0.296,2,884,28,./checkpoints_grid/cfg028_mlp_cifar10_qsgd_b1_rep02_seed884.pt
mlp,cifar10,qsgd,1,1,0.001,2.0428278728246223,0.356,3,885,28,./checkpoints_grid/cfg028_mlp_cifar10_qsgd_b1_rep03_seed885.pt
mlp,cifar10,qsgd,1,1,0.001,2.036852990401472,0.295,4,886,28,./checkpoints_grid/cfg028_mlp_cifar10_qsgd_b1_rep04_seed886.pt
mlp,cifar10,qsgd,1,1,0.001,2.025730425608577,0.325,5,887,28,./checkpoints_grid/cfg028_mlp_cifar10_qsgd_b1_rep05_seed887.pt
mlp,cifar10,qsgd,1,1,0.001,2.0352139837436845,0.308,6,888,28,./checkpoints_grid/cfg028_mlp_cifar10_qsgd_b1_rep06_seed888.pt
mlp,cifar10,qsgd,1,1,0.001,2.0344063446837244,0.244,7,889,28,./checkpoints_grid/cfg028_mlp_cifar10_qsgd_b1_rep07_seed889.pt
mlp,cifar10,qsgd,1,1,0.001,2.013718773225468,0.302,8,890,28,./checkpoints_grid/cfg028_mlp_cifar10_qsgd_b1_rep08_seed890.pt
mlp,cifar10,qsgd,1,1,0.001,2.0431238238540246,0.321,9,891,28,./checkpoints_grid/cfg028_mlp_cifar10_qsgd_b1_rep09_seed891.pt
mlp,cifar10,qsgd,1,1,0.001,2.0390443528477333,0.307,10,892,28,./checkpoints_grid/cfg028_mlp_cifar10_qsgd_b1_rep10_seed892.pt
mlp,cifar10,qsgd,1,1,0.001,2.016114263908879,0.322,11,893,28,./checkpoints_grid/cfg028_mlp_cifar10_qsgd_b1_rep11_seed893.pt
mlp,cifar10,qsgd,1,1,0.001,2.04009394955638,0.287,12,894,28,./checkpoints_grid/cfg028_mlp_cifar10_qsgd_b1_rep12_seed894.pt
mlp,cifar10,qsgd,1,1,0.001,2.0348197124646976,0.285,13,895,28,./checkpoints_grid/cfg028_mlp_cifar10_qsgd_b1_rep13_seed895.pt
mlp,cifar10,qsgd,1,1,0.001,2.029245341087575,0.308,14,896,28,./checkpoints_grid/cfg028_mlp_cifar10_qsgd_b1_rep14_seed896.pt
mlp,cifar10,qsgd,1,1,0.001,2.0407949576959945,0.34,15,897,28,./checkpoints_grid/cfg028_mlp_cifar10_qsgd_b1_rep15_seed897.pt
mlp,cifar10,qsgd,1,1,0.001,2.039860427247826,0.326,16,898,28,./checkpoints_grid/cfg028_mlp_cifar10_qsgd_b1_rep16_seed898.pt
mlp,cifar10,qsgd,1,1,0.001,2.0420305329381665,0.319,17,899,28,./checkpoints_grid/cfg028_mlp_cifar10_qsgd_b1_rep17_seed899.pt
mlp,cifar10,qsgd,1,1,0.001,2.018089526762604,0.303,18,900,28,./checkpoints_grid/cfg028_mlp_cifar10_qsgd_b1_rep18_seed900.pt
mlp,cifar10,qsgd,1,1,0.001,2.050121366443578,0.311,19,901,28,./checkpoints_grid/cfg028_mlp_cifar10_qsgd_b1_rep19_seed901.pt
mlp,cifar10,qsgd,1,1,0.001,2.01361332708993,0.364,20,902,28,./checkpoints_grid/cfg028_mlp_cifar10_qsgd_b1_rep20_seed902.pt
mlp,cifar10,qsgd,1,1,0.001,2.0368904995888006,0.327,21,903,28,./checkpoints_grid/cfg028_mlp_cifar10_qsgd_b1_rep21_seed903.pt
mlp,cifar10,qsgd,1,1,0.001,2.0328680727193134,0.314,22,904,28,./checkpoints_grid/cfg028_mlp_cifar10_qsgd_b1_rep22_seed904.pt
mlp,cifar10,qsgd,1,1,0.001,2.021911706940329,0.327,23,905,28,./checkpoints_grid/cfg028_mlp_cifar10_qsgd_b1_rep23_seed905.pt
mlp,cifar10,qsgd,1,1,0.001,2.0261193933277974,0.316,24,906,28,./checkpoints_grid/cfg028_mlp_cifar10_qsgd_b1_rep24_seed906.pt
mlp,cifar10,qsgd,1,1,0.001,2.022931581280085,0.321,25,907,28,./checkpoints_grid/cfg028_mlp_cifar10_qsgd_b1_rep25_seed907.pt
mlp,cifar10,qsgd,1,1,0.001,2.025125496909721,0.35,26,908,28,./checkpoints_grid/cfg028_mlp_cifar10_qsgd_b1_rep26_seed908.pt
mlp,cifar10,qsgd,1,1,0.001,2.0452856737654654,0.322,27,909,28,./checkpoints_grid/cfg028_mlp_cifar10_qsgd_b1_rep27_seed909.pt
mlp,cifar10,qsgd,1,1,0.001,2.0353280095582886,0.318,28,910,28,./checkpoints_grid/cfg028_mlp_cifar10_qsgd_b1_rep28_seed910.pt
mlp,cifar10,qsgd,1,1,0.001,2.041790021243971,0.332,29,911,28,./checkpoints_grid/cfg028_mlp_cifar10_qsgd_b1_rep29_seed911.pt
mlp,cifar10,qsgd,32,1,0.001,2.013610591888428,0.35,0,912,29,./checkpoints_grid/cfg029_mlp_cifar10_qsgd_b32_rep00_seed912.pt
mlp,cifar10,qsgd,32,1,0.001,2.010414432525635,0.339,1,913,29,./checkpoints_grid/cfg029_mlp_cifar10_qsgd_b32_rep01_seed913.pt
mlp,cifar10,qsgd,32,1,0.001,2.0127435445785524,0.353,2,914,29,./checkpoints_grid/cfg029_mlp_cifar10_qsgd_b32_rep02_seed914.pt
mlp,cifar10,qsgd,32,1,0.001,2.0284178371429444,0.342,3,915,29,./checkpoints_grid/cfg029_mlp_cifar10_qsgd_b32_rep03_seed915.pt
mlp,cifar10,qsgd,32,1,0.001,2.0206452865600584,0.349,4,916,29,./checkpoints_grid/cfg029_mlp_cifar10_qsgd_b32_rep04_seed916.pt
mlp,cifar10,qsgd,32,1,0.001,2.0114068946838377,0.347,5,917,29,./checkpoints_grid/cfg029_mlp_cifar10_qsgd_b32_rep05_seed917.pt
mlp,cifar10,qsgd,32,1,0.001,2.0263721380233766,0.338,6,918,29,./checkpoints_grid/cfg029_mlp_cifar10_qsgd_b32_rep06_seed918.pt
mlp,cifar10,qsgd,32,1,0.001,2.014375955581665,0.346,7,919,29,./checkpoints_grid/cfg029_mlp_cifar10_qsgd_b32_rep07_seed919.pt
mlp,cifar10,qsgd,32,1,0.001,2.021882719993591,0.33,8,920,29,./checkpoints_grid/cfg029_mlp_cifar10_qsgd_b32_rep08_seed920.pt
mlp,cifar10,qsgd,32,1,0.001,2.0056465549468996,0.342,9,921,29,./checkpoints_grid/cfg029_mlp_cifar10_qsgd_b32_rep09_seed921.pt
mlp,cifar10,qsgd,32,1,0.001,2.0306141223907472,0.34,10,922,29,./checkpoints_grid/cfg029_mlp_cifar10_qsgd_b32_rep10_seed922.pt
mlp,cifar10,qsgd,32,1,0.001,2.02145419216156,0.348,11,923,29,./checkpoints_grid/cfg029_mlp_cifar10_qsgd_b32_rep11_seed923.pt
mlp,cifar10,qsgd,32,1,0.001,2.0224639682769774,0.306,12,924,29,./checkpoints_grid/cfg029_mlp_cifar10_qsgd_b32_rep12_seed924.pt
mlp,cifar10,qsgd,32,1,0.001,2.0113369350433348,0.343,13,925,29,./checkpoints_grid/cfg029_mlp_cifar10_qsgd_b32_rep13_seed925.pt
mlp,cifar10,qsgd,32,1,0.001,2.0142041511535647,0.329,14,926,29,./checkpoints_grid/cfg029_mlp_cifar10_qsgd_b32_rep14_seed926.pt
mlp,cifar10,qsgd,32,1,0.001,2.0290686798095705,0.342,15,927,29,./checkpoints_grid/cfg029_mlp_cifar10_qsgd_b32_rep15_seed927.pt
mlp,cifar10,qsgd,32,1,0.001,2.0186666431427,0.349,16,928,29,./checkpoints_grid/cfg029_mlp_cifar10_qsgd_b32_rep16_seed928.pt
mlp,cifar10,qsgd,32,1,0.001,2.031182559967041,0.341,17,929,29,./checkpoints_grid/cfg029_mlp_cifar10_qsgd_b32_rep17_seed929.pt
mlp,cifar10,qsgd,32,1,0.001,2.029241291999817,0.329,18,930,29,./checkpoints_grid/cfg029_mlp_cifar10_qsgd_b32_rep18_seed930.pt
mlp,cifar10,qsgd,32,1,0.001,2.006837703704834,0.345,19,931,29,./checkpoints_grid/cfg029_mlp_cifar10_qsgd_b32_rep19_seed931.pt
mlp,cifar10,qsgd,32,1,0.001,2.023754312515259,0.343,20,932,29,./checkpoints_grid/cfg029_mlp_cifar10_qsgd_b32_rep20_seed932.pt
mlp,cifar10,qsgd,32,1,0.001,2.009675349235535,0.336,21,933,29,./checkpoints_grid/cfg029_mlp_cifar10_qsgd_b32_rep21_seed933.pt
mlp,cifar10,qsgd,32,1,0.001,2.021271556854248,0.336,22,934,29,./checkpoints_grid/cfg029_mlp_cifar10_qsgd_b32_rep22_seed934.pt
mlp,cifar10,qsgd,32,1,0.001,2.0145970811843874,0.339,23,935,29,./checkpoints_grid/cfg029_mlp_cifar10_qsgd_b32_rep23_seed935.pt
mlp,cifar10,qsgd,32,1,0.001,2.018230757713318,0.344,24,936,29,./checkpoints_grid/cfg029_mlp_cifar10_qsgd_b32_rep24_seed936.pt
mlp,cifar10,qsgd,32,1,0.001,2.028614246368408,0.351,25,937,29,./checkpoints_grid/cfg029_mlp_cifar10_qsgd_b32_rep25_seed937.pt
mlp,cifar10,qsgd,32,1,0.001,2.022556116104126,0.35,26,938,29,./checkpoints_grid/cfg029_mlp_cifar10_qsgd_b32_rep26_seed938.pt
mlp,cifar10,qsgd,32,1,0.001,2.0174889059066774,0.345,27,939,29,./checkpoints_grid/cfg029_mlp_cifar10_qsgd_b32_rep27_seed939.pt
mlp,cifar10,qsgd,32,1,0.001,2.0140508375167845,0.323,28,940,29,./checkpoints_grid/cfg029_mlp_cifar10_qsgd_b32_rep28_seed940.pt
mlp,cifar10,qsgd,32,1,0.001,2.0153993759155275,0.356,29,941,29,./checkpoints_grid/cfg029_mlp_cifar10_qsgd_b32_rep29_seed941.pt
cnn,mnist,none,1,1,0.001,0.34282084276411656,0.945,0,942,30,./checkpoints_grid/cfg030_cnn_mnist_none_b1_rep00_seed942.pt
cnn,mnist,none,1,1,0.001,0.33297819195869494,0.96,1,943,30,./checkpoints_grid/cfg030_cnn_mnist_none_b1_rep01_seed943.pt
cnn,mnist,none,1,1,0.001,0.34339348956744686,0.941,2,944,30,./checkpoints_grid/cfg030_cnn_mnist_none_b1_rep02_seed944.pt
cnn,mnist,none,1,1,0.001,0.32258524524309046,0.942,3,945,30,./checkpoints_grid/cfg030_cnn_mnist_none_b1_rep03_seed945.pt
cnn,mnist,none,1,1,0.001,0.3181509648640531,0.938,4,946,30,./checkpoints_grid/cfg030_cnn_mnist_none_b1_rep04_seed946.pt
cnn,mnist,none,1,1,0.001,0.34389860233272584,0.93,5,947,30,./checkpoints_grid/cfg030_cnn_mnist_none_b1_rep05_seed947.pt
cnn,mnist,none,1,1,0.001,0.3392552168269565,0.92,6,948,30,./checkpoints_grid/cfg030_cnn_mnist_none_b1_rep06_seed948.pt
cnn,mnist,none,1,1,0.001,0.34972275661361185,0.945,7,949,30,./checkpoints_grid/cfg030_cnn_mnist_none_b1_rep07_seed949.pt
cnn,mnist,none,1,1,0.001,0.3444098107980481,0.928,8,950,30,./checkpoints_grid/cfg030_cnn_mnist_none_b1_rep08_seed950.pt
cnn,mnist,none,1,1,0.001,0.33204569915623416,0.945,9,951,30,./checkpoints_grid/cfg030_cnn_mnist_none_b1_rep09_seed951.pt
cnn,mnist,none,1,1,0.001,0.33650215152349666,0.955,10,952,30,./checkpoints_grid/cfg030_cnn_mnist_none_b1_rep10_seed952.pt
cnn,mnist,none,1,1,0.001,0.3512035701529689,0.939,11,953,30,./checkpoints_grid/cfg030_cnn_mnist_none_b1_rep11_seed953.pt
cnn,mnist,none,1,1,0.001,0.33818915732256105,0.946,12,954,30,./checkpoints_grid/cfg030_cnn_mnist_none_b1_rep12_seed954.pt
cnn,mnist,none,1,1,0.001,0.34814677331511357,0.954,13,955,30,./checkpoints_grid/cfg030_cnn_mnist_none_b1_rep13_seed955.pt
cnn,mnist,none,1,1,0.001,0.3887625903053143,0.921,14,956,30,./checkpoints_grid/cfg030_cnn_mnist_none_b1_rep14_seed956.pt
cnn,mnist,none,1,1,0.001,0.3632875361108881,0.952,15,957,30,./checkpoints_grid/cfg030_cnn_mnist_none_b1_rep15_seed957.pt
cnn,mnist,none,1,1,0.001,0.3439870363126585,0.943,16,958,30,./checkpoints_grid/cfg030_cnn_mnist_none_b1_rep16_seed958.pt
cnn,mnist,none,1,1,0.001,0.33830888282133903,0.93,17,959,30,./checkpoints_grid/cfg030_cnn_mnist_none_b1_rep17_seed959.pt
cnn,mnist,none,1,1,0.001,0.34605213130579393,0.945,18,960,30,./checkpoints_grid/cfg030_cnn_mnist_none_b1_rep18_seed960.pt
cnn,mnist,none,1,1,0.001,0.3514027460978992,0.939,19,961,30,./checkpoints_grid/cfg030_cnn_mnist_none_b1_rep19_seed961.pt
cnn,mnist,none,1,1,0.001,0.37335406113716013,0.929,20,962,30,./checkpoints_grid/cfg030_cnn_mnist_none_b1_rep20_seed962.pt
cnn,mnist,none,1,1,0.001,0.34361500080714025,0.906,21,963,30,./checkpoints_grid/cfg030_cnn_mnist_none_b1_rep21_seed963.pt
cnn,mnist,none,1,1,0.001,0.3903888741318003,0.932,22,964,30,./checkpoints_grid/cfg030_cnn_mnist_none_b1_rep22_seed964.pt
cnn,mnist,none,1,1,0.001,0.34742871118700547,0.946,23,965,30,./checkpoints_grid/cfg030_cnn_mnist_none_b1_rep23_seed965.pt
cnn,mnist,none,1,1,0.001,0.34942920549306744,0.961,24,966,30,./checkpoints_grid/cfg030_cnn_mnist_none_b1_rep24_seed966.pt
cnn,mnist,none,1,1,0.001,0.33654658380779223,0.867,25,967,30,./checkpoints_grid/cfg030_cnn_mnist_none_b1_rep25_seed967.pt
cnn,mnist,none,1,1,0.001,0.3129001304307659,0.923,26,968,30,./checkpoints_grid/cfg030_cnn_mnist_none_b1_rep26_seed968.pt
cnn,mnist,none,1,1,0.001,0.3484491064639351,0.938,27,969,30,./checkpoints_grid/cfg030_cnn_mnist_none_b1_rep27_seed969.pt
cnn,mnist,none,1,1,0.001,0.34942585512066254,0.949,28,970,30,./checkpoints_grid/cfg030_cnn_mnist_none_b1_rep28_seed970.pt
cnn,mnist,none,1,1,0.001,0.3228409648172375,0.946,29,971,30,./checkpoints_grid/cfg030_cnn_mnist_none_b1_rep29_seed971.pt
cnn,mnist,none,32,1,0.001,0.4896499204039574,0.93,0,972,31,./checkpoints_grid/cfg031_cnn_mnist_none_b32_rep00_seed972.pt
cnn,mnist,none,32,1,0.001,0.478619315803051,0.936,1,973,31,./checkpoints_grid/cfg031_cnn_mnist_none_b32_rep01_seed973.pt
cnn,mnist,none,32,1,0.001,0.5108475649058819,0.94,2,974,31,./checkpoints_grid/cfg031_cnn_mnist_none_b32_rep02_seed974.pt
cnn,mnist,none,32,1,0.001,0.5163175423443317,0.951,3,975,31,./checkpoints_grid/cfg031_cnn_mnist_none_b32_rep03_seed975.pt
cnn,mnist,none,32,1,0.001,0.49735636043548587,0.932,4,976,31,./checkpoints_grid/cfg031_cnn_mnist_none_b32_rep04_seed976.pt
cnn,mnist,none,32,1,0.001,0.4947864203453064,0.936,5,977,31,./checkpoints_grid/cfg031_cnn_mnist_none_b32_rep05_seed977.pt
cnn,mnist,none,32,1,0.001,0.46725978469848634,0.942,6,978,31,./checkpoints_grid/cfg031_cnn_mnist_none_b32_rep06_seed978.pt
cnn,mnist,none,32,1,0.001,0.4929090391099453,0.942,7,979,31,./checkpoints_grid/cfg031_cnn_mnist_none_b32_rep07_seed979.pt
cnn,mnist,none,32,1,0.001,0.5130557977259159,0.921,8,980,31,./checkpoints_grid/cfg031_cnn_mnist_none_b32_rep08_seed980.pt
cnn,mnist,none,32,1,0.001,0.4841122615337372,0.944,9,981,31,./checkpoints_grid/cfg031_cnn_mnist_none_b32_rep09_seed981.pt
cnn,mnist,none,32,1,0.001,0.5183378595113755,0.919,10,982,31,./checkpoints_grid/cfg031_cnn_mnist_none_b32_rep10_seed982.pt
cnn,mnist,none,32,1,0.001,0.539273698747158,0.936,11,983,31,./checkpoints_grid/cfg031_cnn_mnist_none_b32_rep11_seed983.pt
cnn,mnist,none,32,1,0.001,0.49142696225643157,0.936,12,984,31,./checkpoints_grid/cfg031_cnn_mnist_none_b32_rep12_seed984.pt
cnn,mnist,none,32,1,0.001,0.46934233579039575,0.95,13,985,31,./checkpoints_grid/cfg031_cnn_mnist_none_b32_rep13_seed985.pt
cnn,mnist,none,32,1,0.001,0.492889240950346,0.946,14,986,31,./checkpoints_grid/cfg031_cnn_mnist_none_b32_rep14_seed986.pt
cnn,mnist,none,32,1,0.001,0.44097245144844055,0.935,15,987,31,./checkpoints_grid/cfg031_cnn_mnist_none_b32_rep15_seed987.pt
cnn,mnist,none,32,1,0.001,0.47654468266665934,0.919,16,988,31,./checkpoints_grid/cfg031_cnn_mnist_none_b32_rep16_seed988.pt
cnn,mnist,none,32,1,0.001,0.4838336913436651,0.939,17,989,31,./checkpoints_grid/cfg031_cnn_mnist_none_b32_rep17_seed989.pt
cnn,mnist,none,32,1,0.001,0.5279948696494102,0.939,18,990,31,./checkpoints_grid/cfg031_cnn_mnist_none_b32_rep18_seed990.pt
cnn,mnist,none,32,1,0.001,0.4774029261469841,0.954,19,991,31,./checkpoints_grid/cfg031_cnn_mnist_none_b32_rep19_seed991.pt
cnn,mnist,none,32,1,0.001,0.5382819371670484,0.933,20,992,31,./checkpoints_grid/cfg031_cnn_mnist_none_b32_rep20_seed992.pt
cnn,mnist,none,32,1,0.001,0.47284623643755913,0.941,21,993,31,./checkpoints_grid/cfg031_cnn_mnist_none_b32_rep21_seed993.pt
cnn,mnist,none,32,1,0.001,0.46728972747921943,0.932,22,994,31,./checkpoints_grid/cfg031_cnn_mnist_none_b32_rep22_seed994.pt
cnn,mnist,none,32,1,0.001,0.4782164805531502,0.949,23,995,31,./checkpoints_grid/cfg031_cnn_mnist_none_b32_rep23_seed995.pt
cnn,mnist,none,32,1,0.001,0.498555439889431,0.942,24,996,31,./checkpoints_grid/cfg031_cnn_mnist_none_b32_rep24_seed996.pt
cnn,mnist,none,32,1,0.001,0.5324906946122646,0.935,25,997,31,./checkpoints_grid/cfg031_cnn_mnist_none_b32_rep25_seed997.pt
cnn,mnist,none,32,1,0.001,0.5088791733682155,0.922,26,998,31,./checkpoints_grid/cfg031_cnn_mnist_none_b32_rep26_seed998.pt
cnn,mnist,none,32,1,0.001,0.5073336356729269,0.94,27,999,31,./checkpoints_grid/cfg031_cnn_mnist_none_b32_rep27_seed999.pt
cnn,mnist,none,32,1,0.001,0.4781701720058918,0.931,28,1000,31,./checkpoints_grid/cfg031_cnn_mnist_none_b32_rep28_seed1000.pt
cnn,mnist,none,32,1,0.001,0.5016165541410447,0.926,29,1001,31,./checkpoints_grid/cfg031_cnn_mnist_none_b32_rep29_seed1001.pt
cnn,mnist,topk,1,1,0.001,0.32905854206676916,0.91,0,1002,32,./checkpoints_grid/cfg032_cnn_mnist_topk_b1_rep00_seed1002.pt
cnn,mnist,topk,1,1,0.001,0.37297121857818444,0.948,1,1003,32,./checkpoints_grid/cfg032_cnn_mnist_topk_b1_rep01_seed1003.pt
cnn,mnist,topk,1,1,0.001,0.3536931261466004,0.927,2,1004,32,./checkpoints_grid/cfg032_cnn_mnist_topk_b1_rep02_seed1004.pt
cnn,mnist,topk,1,1,0.001,0.3297390297513356,0.948,3,1005,32,./checkpoints_grid/cfg032_cnn_mnist_topk_b1_rep03_seed1005.pt
cnn,mnist,topk,1,1,0.001,0.3406967606910704,0.934,4,1006,32,./checkpoints_grid/cfg032_cnn_mnist_topk_b1_rep04_seed1006.pt
cnn,mnist,topk,1,1,0.001,0.35437198713740875,0.918,5,1007,32,./checkpoints_grid/cfg032_cnn_mnist_topk_b1_rep05_seed1007.pt
cnn,mnist,topk,1,1,0.001,0.35699055674186764,0.933,6,1008,32,./checkpoints_grid/cfg032_cnn_mnist_topk_b1_rep06_seed1008.pt
cnn,mnist,topk,1,1,0.001,0.3538510064952915,0.946,7,1009,32,./checkpoints_grid/cfg032_cnn_mnist_topk_b1_rep07_seed1009.pt
cnn,mnist,topk,1,1,0.001,0.34437692217950894,0.933,8,1010,32,./checkpoints_grid/cfg032_cnn_mnist_topk_b1_rep08_seed1010.pt
cnn,mnist,topk,1,1,0.001,0.33146362886481573,0.941,9,1011,32,./checkpoints_grid/cfg032_cnn_mnist_topk_b1_rep09_seed1011.pt
cnn,mnist,topk,1,1,0.001,0.3433602551153425,0.919,10,1012,32,./checkpoints_grid/cfg032_cnn_mnist_topk_b1_rep10_seed1012.pt
cnn,mnist,topk,1,1,0.001,0.3446233460661038,0.917,11,1013,32,./checkpoints_grid/cfg032_cnn_mnist_topk_b1_rep11_seed1013.pt
cnn,mnist,topk,1,1,0.001,0.3180315755691446,0.94,12,1014,32,./checkpoints_grid/cfg032_cnn_mnist_topk_b1_rep12_seed1014.pt
cnn,mnist,topk,1,1,0.001,0.32677801680013513,0.95,13,1015,32,./checkpoints_grid/cfg032_cnn_mnist_topk_b1_rep13_seed1015.pt
cnn,mnist,topk,1,1,0.001,0.3362942839537457,0.922,14,1016,32,./checkpoints_grid/cfg032_cnn_mnist_topk_b1_rep14_seed1016.pt
cnn,mnist,topk,1,1,0.001,0.3110280603154763,0.911,15,1017,32,./checkpoints_grid/cfg032_cnn_mnist_topk_b1_rep15_seed1017.pt
cnn,mnist,topk,1,1,0.001,0.3574241924842608,0.914,16,1018,32,./checkpoints_grid/cfg032_cnn_mnist_topk_b1_rep16_seed1018.pt
cnn,mnist,topk,1,1,0.001,0.3676241915526564,0.949,17,1019,32,./checkpoints_grid/cfg032_cnn_mnist_topk_b1_rep17_seed1019.pt
cnn,mnist,topk,1,1,0.001,0.3418915216247,0.952,18,1020,32,./checkpoints_grid/cfg032_cnn_mnist_topk_b1_rep18_seed1020.pt
cnn,mnist,topk,1,1,0.001,0.3507292938170704,0.936,19,1021,32,./checkpoints_grid/cfg032_cnn_mnist_topk_b1_rep19_seed1021.pt
cnn,mnist,topk,1,1,0.001,0.3462150296352912,0.909,20,1022,32,./checkpoints_grid/cfg032_cnn_mnist_topk_b1_rep20_seed1022.pt
cnn,mnist,topk,1,1,0.001,0.33937244505034375,0.937,21,1023,32,./checkpoints_grid/cfg032_cnn_mnist_topk_b1_rep21_seed1023.pt
cnn,mnist,topk,1,1,0.001,0.3406420065427932,0.95,22,1024,32,./checkpoints_grid/cfg032_cnn_mnist_topk_b1_rep22_seed1024.pt
cnn,mnist,topk,1,1,0.001,0.35122301959724506,0.93,23,1025,32,./checkpoints_grid/cfg032_cnn_mnist_topk_b1_rep23_seed1025.pt
cnn,mnist,topk,1,1,0.001,0.3354004533984244,0.926,24,1026,32,./checkpoints_grid/cfg032_cnn_mnist_topk_b1_rep24_seed1026.pt
cnn,mnist,topk,1,1,0.001,0.34899411058372887,0.944,25,1027,32,./checkpoints_grid/cfg032_cnn_mnist_topk_b1_rep25_seed1027.pt
cnn,mnist,topk,1,1,0.001,0.3293805911298996,0.956,26,1028,32,./checkpoints_grid/cfg032_cnn_mnist_topk_b1_rep26_seed1028.pt
cnn,mnist,topk,1,1,0.001,0.328313597974382,0.947,27,1029,32,./checkpoints_grid/cfg032_cnn_mnist_topk_b1_rep27_seed1029.pt
cnn,mnist,topk,1,1,0.001,0.35152418935396507,0.876,28,1030,32,./checkpoints_grid/cfg032_cnn_mnist_topk_b1_rep28_seed1030.pt
cnn,mnist,topk,1,1,0.001,0.35703485123657175,0.924,29,1031,32,./checkpoints_grid/cfg032_cnn_mnist_topk_b1_rep29_seed1031.pt
cnn,mnist,topk,32,1,0.001,0.5650292672514915,0.936,0,1032,33,./checkpoints_grid/cfg033_cnn_mnist_topk_b32_rep00_seed1032.pt
cnn,mnist,topk,32,1,0.001,0.5483402673900127,0.93,1,1033,33,./checkpoints_grid/cfg033_cnn_mnist_topk_b32_rep01_seed1033.pt
cnn,mnist,topk,32,1,0.001,0.5478804688453675,0.895,2,1034,33,./checkpoints_grid/cfg033_cnn_mnist_topk_b32_rep02_seed1034.pt
cnn,mnist,topk,32,1,0.001,0.5563115750551224,0.927,3,1035,33,./checkpoints_grid/cfg033_cnn_mnist_topk_b32_rep03_seed1035.pt
cnn,mnist,topk,32,1,0.001,0.5399154731035233,0.93,4,1036,33,./checkpoints_grid/cfg033_cnn_mnist_topk_b32_rep04_seed1036.pt
cnn,mnist,topk,32,1,0.001,0.5516123698949814,0.91,5,1037,33,./checkpoints_grid/cfg033_cnn_mnist_topk_b32_rep05_seed1037.pt
cnn,mnist,topk,32,1,0.001,0.5359299829304218,0.929,6,1038,33,./checkpoints_grid/cfg033_cnn_mnist_topk_b32_rep06_seed1038.pt
cnn,mnist,topk,32,1,0.001,0.5512490313053131,0.93,7,1039,33,./checkpoints_grid/cfg033_cnn_mnist_topk_b32_rep07_seed1039.pt
cnn,mnist,topk,32,1,0.001,0.5546002452373504,0.949,8,1040,33,./checkpoints_grid/cfg033_cnn_mnist_topk_b32_rep08_seed1040.pt
cnn,mnist,topk,32,1,0.001,0.6168692575395107,0.937,9,1041,33,./checkpoints_grid/cfg033_cnn_mnist_topk_b32_rep09_seed1041.pt
cnn,mnist,topk,32,1,0.001,0.581951555877924,0.941,10,1042,33,./checkpoints_grid/cfg033_cnn_mnist_topk_b32_rep10_seed1042.pt
cnn,mnist,topk,32,1,0.001,0.5036204377412796,0.939,11,1043,33,./checkpoints_grid/cfg033_cnn_mnist_topk_b32_rep11_seed1043.pt
cnn,mnist,topk,32,1,0.001,0.5791979117393493,0.933,12,1044,33,./checkpoints_grid/cfg033_cnn_mnist_topk_b32_rep12_seed1044.pt
cnn,mnist,topk,32,1,0.001,0.5692257570326328,0.927,13,1045,33,./checkpoints_grid/cfg033_cnn_mnist_topk_b32_rep13_seed1045.pt
cnn,mnist,topk,32,1,0.001,0.6038749274611473,0.938,14,1046,33,./checkpoints_grid/cfg033_cnn_mnist_topk_b32_rep14_seed1046.pt
cnn,mnist,topk,32,1,0.001,0.5806977225840092,0.937,15,1047,33,./checkpoints_grid/cfg033_cnn_mnist_topk_b32_rep15_seed1047.pt
cnn,mnist,topk,32,1,0.001,0.5434414087533951,0.927,16,1048,33,./checkpoints_grid/cfg033_cnn_mnist_topk_b32_rep16_seed1048.pt
cnn,mnist,topk,32,1,0.001,0.5891626867651939,0.934,17,1049,33,./checkpoints_grid/cfg033_cnn_mnist_topk_b32_rep17_seed1049.pt
cnn,mnist,topk,32,1,0.001,0.5776800872981548,0.928,18,1050,33,./checkpoints_grid/cfg033_cnn_mnist_topk_b32_rep18_seed1050.pt
cnn,mnist,topk,32,1,0.001,0.5710107973217964,0.912,19,1051,33,./checkpoints_grid/cfg033_cnn_mnist_topk_b32_rep19_seed1051.pt
cnn,mnist,topk,32,1,0.001,0.5796850268244743,0.924,20,1052,33,./checkpoints_grid/cfg033_cnn_mnist_topk_b32_rep20_seed1052.pt
cnn,mnist,topk,32,1,0.001,0.5143275478780269,0.906,21,1053,33,./checkpoints_grid/cfg033_cnn_mnist_topk_b32_rep21_seed1053.pt
cnn,mnist,topk,32,1,0.001,0.5594863230288029,0.919,22,1054,33,./checkpoints_grid/cfg033_cnn_mnist_topk_b32_rep22_seed1054.pt
cnn,mnist,topk,32,1,0.001,0.5458427212834358,0.937,23,1055,33,./checkpoints_grid/cfg033_cnn_mnist_topk_b32_rep23_seed1055.pt
cnn,mnist,topk,32,1,0.001,0.5991577460765839,0.911,24,1056,33,./checkpoints_grid/cfg033_cnn_mnist_topk_b32_rep24_seed1056.pt
cnn,mnist,topk,32,1,0.001,0.5855042798519134,0.934,25,1057,33,./checkpoints_grid/cfg033_cnn_mnist_topk_b32_rep25_seed1057.pt
cnn,mnist,topk,32,1,0.001,0.5232892336547375,0.923,26,1058,33,./checkpoints_grid/cfg033_cnn_mnist_topk_b32_rep26_seed1058.pt
cnn,mnist,topk,32,1,0.001,0.5738969410657883,0.924,27,1059,33,./checkpoints_grid/cfg033_cnn_mnist_topk_b32_rep27_seed1059.pt
cnn,mnist,topk,32,1,0.001,0.5633340593576431,0.914,28,1060,33,./checkpoints_grid/cfg033_cnn_mnist_topk_b32_rep28_seed1060.pt
cnn,mnist,topk,32,1,0.001,0.5638560121655464,0.931,29,1061,33,./checkpoints_grid/cfg033_cnn_mnist_topk_b32_rep29_seed1061.pt
cnn,mnist,dpsgd,1,1,0.001,2.3377943763136866,0.203,0,1062,34,./checkpoints_grid/cfg034_cnn_mnist_dpsgd_b1_rep00_seed1062.pt
cnn,mnist,dpsgd,1,1,0.001,2.143950481429696,0.327,1,1063,34,./checkpoints_grid/cfg034_cnn_mnist_dpsgd_b1_rep01_seed1063.pt
cnn,mnist,dpsgd,1,1,0.001,2.2640007060319185,0.164,2,1064,34,./checkpoints_grid/cfg034_cnn_mnist_dpsgd_b1_rep02_seed1064.pt
cnn,mnist,dpsgd,1,1,0.001,2.2638392189890144,0.221,3,1065,34,./checkpoints_grid/cfg034_cnn_mnist_dpsgd_b1_rep03_seed1065.pt
cnn,mnist,dpsgd,1,1,0.001,2.2863270725309848,0.22,4,1066,34,./checkpoints_grid/cfg034_cnn_mnist_dpsgd_b1_rep04_seed1066.pt
cnn,mnist,dpsgd,1,1,0.001,2.272016241867095,0.196,5,1067,34,./checkpoints_grid/cfg034_cnn_mnist_dpsgd_b1_rep05_seed1067.pt
cnn,mnist,dpsgd,1,1,0.001,2.2763969054818154,0.255,6,1068,34,./checkpoints_grid/cfg034_cnn_mnist_dpsgd_b1_rep06_seed1068.pt
cnn,mnist,dpsgd,1,1,0.001,2.234842413008213,0.264,7,1069,34,./checkpoints_grid/cfg034_cnn_mnist_dpsgd_b1_rep07_seed1069.pt
cnn,mnist,dpsgd,1,1,0.001,2.289225734464824,0.227,8,1070,34,./checkpoints_grid/cfg034_cnn_mnist_dpsgd_b1_rep08_seed1070.pt
cnn,mnist,dpsgd,1,1,0.001,2.1312850996777417,0.233,9,1071,34,./checkpoints_grid/cfg034_cnn_mnist_dpsgd_b1_rep09_seed1071.pt
cnn,mnist,dpsgd,1,1,0.001,2.228408793054521,0.186,10,1072,34,./checkpoints_grid/cfg034_cnn_mnist_dpsgd_b1_rep10_seed1072.pt
cnn,mnist,dpsgd,1,1,0.001,2.2756511128917336,0.196,11,1073,34,./checkpoints_grid/cfg034_cnn_mnist_dpsgd_b1_rep11_seed1073.pt
cnn,mnist,dpsgd,1,1,0.001,2.2748042395934465,0.227,12,1074,34,./checkpoints_grid/cfg034_cnn_mnist_dpsgd_b1_rep12_seed1074.pt
cnn,mnist,dpsgd,1,1,0.001,2.146526991210878,0.348,13,1075,34,./checkpoints_grid/cfg034_cnn_mnist_dpsgd_b1_rep13_seed1075.pt
cnn,mnist,dpsgd,1,1,0.001,2.265144327826798,0.227,14,1076,34,./checkpoints_grid/cfg034_cnn_mnist_dpsgd_b1_rep14_seed1076.pt
cnn,mnist,dpsgd,1,1,0.001,2.217759096711874,0.319,15,1077,34,./checkpoints_grid/cfg034_cnn_mnist_dpsgd_b1_rep15_seed1077.pt
cnn,mnist,dpsgd,1,1,0.001,2.2550495142564175,0.281,16,1078,34,./checkpoints_grid/cfg034_cnn_mnist_dpsgd_b1_rep16_seed1078.pt
cnn,mnist,dpsgd,1,1,0.001,2.2854464703686537,0.153,17,1079,34,./checkpoints_grid/cfg034_cnn_mnist_dpsgd_b1_rep17_seed1079.pt
cnn,mnist,dpsgd,1,1,0.001,2.2037122582420707,0.319,18,1080,34,./checkpoints_grid/cfg034_cnn_mnist_dpsgd_b1_rep18_seed1080.pt
cnn,mnist,dpsgd,1,1,0.001,2.244157131206244,0.248,19,1081,34,./checkpoints_grid/cfg034_cnn_mnist_dpsgd_b1_rep19_seed1081.pt
cnn,mnist,dpsgd,1,1,0.001,2.238369407363236,0.295,20,1082,34,./checkpoints_grid/cfg034_cnn_mnist_dpsgd_b1_rep20_seed1082.pt
cnn,mnist,dpsgd,1,1,0.001,2.2157539416104557,0.199,21,1083,34,./checkpoints_grid/cfg034_cnn_mnist_dpsgd_b1_rep21_seed1083.pt
cnn,mnist,dpsgd,1,1,0.001,2.3224072454944253,0.24,22,1084,34,./checkpoints_grid/cfg034_cnn_mnist_dpsgd_b1_rep22_seed1084.pt
cnn,mnist,dpsgd,1,1,0.001,2.326727759629488,0.2,23,1085,34,./checkpoints_grid/cfg034_cnn_mnist_dpsgd_b1_rep23_seed1085.pt
cnn,mnist,dpsgd,1,1,0.001,2.2847446170151233,0.197,24,1086,34,./checkpoints_grid/cfg034_cnn_mnist_dpsgd_b1_rep24_seed1086.pt
cnn,mnist,dpsgd,1,1,0.001,2.2468728341069073,0.194,25,1087,34,./checkpoints_grid/cfg034_cnn_mnist_dpsgd_b1_rep25_seed1087.pt
cnn,mnist,dpsgd,1,1,0.001,2.2620148129984736,0.24,26,1088,34,./checkpoints_grid/cfg034_cnn_mnist_dpsgd_b1_rep26_seed1088.pt
cnn,mnist,dpsgd,1,1,0.001,2.235100613024086,0.228,27,1089,34,./checkpoints_grid/cfg034_cnn_mnist_dpsgd_b1_rep27_seed1089.pt
cnn,mnist,dpsgd,1,1,0.001,2.2241422888711093,0.21,28,1090,34,./checkpoints_grid/cfg034_cnn_mnist_dpsgd_b1_rep28_seed1090.pt
cnn,mnist,dpsgd,1,1,0.001,2.2851248293966053,0.207,29,1091,34,./checkpoints_grid/cfg034_cnn_mnist_dpsgd_b1_rep29_seed1091.pt
cnn,mnist,dpsgd,32,1,0.001,2.297289638519287,0.218,0,1092,35,./checkpoints_grid/cfg035_cnn_mnist_dpsgd_b32_rep00_seed1092.pt
cnn,mnist,dpsgd,32,1,0.001,2.286789936065674,0.134,1,1093,35,./checkpoints_grid/cfg035_cnn_mnist_dpsgd_b32_rep01_seed1093.pt
cnn,mnist,dpsgd,32,1,0.001,2.2967268867492674,0.195,2,1094,35,./checkpoints_grid/cfg035_cnn_mnist_dpsgd_b32_rep02_seed1094.pt
cnn,mnist,dpsgd,32,1,0.001,2.2858012218475343,0.173,3,1095,35,./checkpoints_grid/cfg035_cnn_mnist_dpsgd_b32_rep03_seed1095.pt
cnn,mnist,dpsgd,32,1,0.001,2.292620943069458,0.133,4,1096,35,./checkpoints_grid/cfg035_cnn_mnist_dpsgd_b32_rep04_seed1096.pt
cnn,mnist,dpsgd,32,1,0.001,2.2967725715637206,0.132,5,1097,35,./checkpoints_grid/cfg035_cnn_mnist_dpsgd_b32_rep05_seed1097.pt
cnn,mnist,dpsgd,32,1,0.001,2.2917038135528562,0.123,6,1098,35,./checkpoints_grid/cfg035_cnn_mnist_dpsgd_b32_rep06_seed1098.pt
cnn,mnist,dpsgd,32,1,0.001,2.29529602432251,0.145,7,1099,35,./checkpoints_grid/cfg035_cnn_mnist_dpsgd_b32_rep07_seed1099.pt
cnn,mnist,dpsgd,32,1,0.001,2.2840747871398928,0.207,8,1100,35,./checkpoints_grid/cfg035_cnn_mnist_dpsgd_b32_rep08_seed1100.pt
cnn,mnist,dpsgd,32,1,0.001,2.283442352294922,0.207,9,1101,35,./checkpoints_grid/cfg035_cnn_mnist_dpsgd_b32_rep09_seed1101.pt
cnn,mnist,dpsgd,32,1,0.001,2.2906920413970946,0.168,10,1102,35,./checkpoints_grid/cfg035_cnn_mnist_dpsgd_b32_rep10_seed1102.pt
cnn,mnist,dpsgd,32,1,0.001,2.281238061904907,0.272,11,1103,35,./checkpoints_grid/cfg035_cnn_mnist_dpsgd_b32_rep11_seed1103.pt
cnn,mnist,dpsgd,32,1,0.001,2.2942962741851805,0.203,12,1104,35,./checkpoints_grid/cfg035_cnn_mnist_dpsgd_b32_rep12_seed1104.pt
cnn,mnist,dpsgd,32,1,0.001,2.2776375179290773,0.179,13,1105,35,./checkpoints_grid/cfg035_cnn_mnist_dpsgd_b32_rep13_seed1105.pt
cnn,mnist,dpsgd,32,1,0.001,2.281531749725342,0.193,14,1106,35,./checkpoints_grid/cfg035_cnn_mnist_dpsgd_b32_rep14_seed1106.pt
cnn,mnist,dpsgd,32,1,0.001,2.2940096950531004,0.142,15,1107,35,./checkpoints_grid/cfg035_cnn_mnist_dpsgd_b32_rep15_seed1107.pt
cnn,mnist,dpsgd,32,1,0.001,2.2856730308532716,0.269,16,1108,35,./checkpoints_grid/cfg035_cnn_mnist_dpsgd_b32_rep16_seed1108.pt
cnn,mnist,dpsgd,32,1,0.001,2.2843435535430907,0.125,17,1109,35,./checkpoints_grid/cfg035_cnn_mnist_dpsgd_b32_rep17_seed1109.pt
cnn,mnist,dpsgd,32,1,0.001,2.2905526542663575,0.126,18,1110,35,./checkpoints_grid/cfg035_cnn_mnist_dpsgd_b32_rep18_seed1110.pt
cnn,mnist,dpsgd,32,1,0.001,2.30266397857666,0.133,19,1111,35,./checkpoints_grid/cfg035_cnn_mnist_dpsgd_b32_rep19_seed1111.pt
cnn,mnist,dpsgd,32,1,0.001,2.289856897354126,0.191,20,1112,35,./checkpoints_grid/cfg035_cnn_mnist_dpsgd_b32_rep20_seed1112.pt
cnn,mnist,dpsgd,32,1,0.001,2.2842600326538087,0.144,21,1113,35,./checkpoints_grid/cfg035_cnn_mnist_dpsgd_b32_rep21_seed1113.pt
cnn,mnist,dpsgd,32,1,0.001,2.2855115127563477,0.153,22,1114,35,./checkpoints_grid/cfg035_cnn_mnist_dpsgd_b32_rep22_seed1114.pt
cnn,mnist,dpsgd,32,1,0.001,2.283505729675293,0.114,23,1115,35,./checkpoints_grid/cfg035_cnn_mnist_dpsgd_b32_rep23_seed1115.pt
cnn,mnist,dpsgd,32,1,0.001,2.284408657073975,0.163,24,1116,35,./checkpoints_grid/cfg035_cnn_mnist_dpsgd_b32_rep24_seed1116.pt
cnn,mnist,dpsgd,32,1,0.001,2.2875915832519533,0.16,25,1117,35,./checkpoints_grid/cfg035_cnn_mnist_dpsgd_b32_rep25_seed1117.pt
cnn,mnist,dpsgd,32,1,0.001,2.275438976287842,0.222,26,1118,35,./checkpoints_grid/cfg035_cnn_mnist_dpsgd_b32_rep26_seed1118.pt
cnn,mnist,dpsgd,32,1,0.001,2.2680449962615965,0.192,27,1119,35,./checkpoints_grid/cfg035_cnn_mnist_dpsgd_b32_rep27_seed1119.pt
cnn,mnist,dpsgd,32,1,0.001,2.3086797275543214,0.133,28,1120,35,./checkpoints_grid/cfg035_cnn_mnist_dpsgd_b32_rep28_seed1120.pt
cnn,mnist,dpsgd,32,1,0.001,2.289007944107056,0.197,29,1121,35,./checkpoints_grid/cfg035_cnn_mnist_dpsgd_b32_rep29_seed1121.pt
cnn,mnist,randomk,1,1,0.001,0.4048810994548267,0.907,0,1122,36,./checkpoints_grid/cfg036_cnn_mnist_randomk_b1_rep00_seed1122.pt
cnn,mnist,randomk,1,1,0.001,0.3837454517800552,0.93,1,1123,36,./checkpoints_grid/cfg036_cnn_mnist_randomk_b1_rep01_seed1123.pt
cnn,mnist,randomk,1,1,0.001,0.3853359244486593,0.925,2,1124,36,./checkpoints_grid/cfg036_cnn_mnist_randomk_b1_rep02_seed1124.pt
cnn,mnist,randomk,1,1,0.001,0.38786447848050126,0.928,3,1125,36,./checkpoints_grid/cfg036_cnn_mnist_randomk_b1_rep03_seed1125.pt
cnn,mnist,randomk,1,1,0.001,0.3982799489558694,0.945,4,1126,36,./checkpoints_grid/cfg036_cnn_mnist_randomk_b1_rep04_seed1126.pt
cnn,mnist,randomk,1,1,0.001,0.37933042212844725,0.949,5,1127,36,./checkpoints_grid/cfg036_cnn_mnist_randomk_b1_rep05_seed1127.pt
cnn,mnist,randomk,1,1,0.001,0.39500063449316103,0.959,6,1128,36,./checkpoints_grid/cfg036_cnn_mnist_randomk_b1_rep06_seed1128.pt
cnn,mnist,randomk,1,1,0.001,0.397584382311384,0.82,7,1129,36,./checkpoints_grid/cfg036_cnn_mnist_randomk_b1_rep07_seed1129.pt
cnn,mnist,randomk,1,1,0.001,0.39531938079701545,0.922,8,1130,36,./checkpoints_grid/cfg036_cnn_mnist_randomk_b1_rep08_seed1130.pt
cnn,mnist,randomk,1,1,0.001,0.3979830798715322,0.907,9,1131,36,./checkpoints_grid/cfg036_cnn_mnist_randomk_b1_rep09_seed1131.pt
cnn,mnist,randomk,1,1,0.001,0.3972848637583474,0.912,10,1132,36,./checkpoints_grid/cfg036_cnn_mnist_randomk_b1_rep10_seed1132.pt
cnn,mnist,randomk,1,1,0.001,0.3775956625452713,0.911,11,1133,36,./checkpoints_grid/cfg036_cnn_mnist_randomk_b1_rep11_seed1133.pt
cnn,mnist,randomk,1,1,0.001,0.3895417542322199,0.941,12,1134,36,./checkpoints_grid/cfg036_cnn_mnist_randomk_b1_rep12_seed1134.pt
cnn,mnist,randomk,1,1,0.001,0.377004311813458,0.942,13,1135,36,./checkpoints_grid/cfg036_cnn_mnist_randomk_b1_rep13_seed1135.pt
cnn,mnist,randomk,1,1,0.001,0.39225584738635644,0.948,14,1136,36,./checkpoints_grid/cfg036_cnn_mnist_randomk_b1_rep14_seed1136.pt
cnn,mnist,randomk,1,1,0.001,0.37696869026956176,0.938,15,1137,36,./checkpoints_grid/cfg036_cnn_mnist_randomk_b1_rep15_seed1137.pt
cnn,mnist,randomk,1,1,0.001,0.3992549829451455,0.935,16,1138,36,./checkpoints_grid/cfg036_cnn_mnist_randomk_b1_rep16_seed1138.pt
cnn,mnist,randomk,1,1,0.001,0.3848438456027136,0.952,17,1139,36,./checkpoints_grid/cfg036_cnn_mnist_randomk_b1_rep17_seed1139.pt
cnn,mnist,randomk,1,1,0.001,0.370216749682178,0.936,18,1140,36,./checkpoints_grid/cfg036_cnn_mnist_randomk_b1_rep18_seed1140.pt
cnn,mnist,randomk,1,1,0.001,0.3691874557607493,0.934,19,1141,36,./checkpoints_grid/cfg036_cnn_mnist_randomk_b1_rep19_seed1141.pt
cnn,mnist,randomk,1,1,0.001,0.40604039740956455,0.935,20,1142,36,./checkpoints_grid/cfg036_cnn_mnist_randomk_b1_rep20_seed1142.pt
cnn,mnist,randomk,1,1,0.001,0.3653166873457363,0.945,21,1143,36,./checkpoints_grid/cfg036_cnn_mnist_randomk_b1_rep21_seed1143.pt
cnn,mnist,randomk,1,1,0.001,0.3778812578442159,0.913,22,1144,36,./checkpoints_grid/cfg036_cnn_mnist_randomk_b1_rep22_seed1144.pt
cnn,mnist,randomk,1,1,0.001,0.3986475958212948,0.939,23,1145,36,./checkpoints_grid/cfg036_cnn_mnist_randomk_b1_rep23_seed1145.pt
cnn,mnist,randomk,1,1,0.001,0.3838928511842206,0.944,24,1146,36,./checkpoints_grid/cfg036_cnn_mnist_randomk_b1_rep24_seed1146.pt
cnn,mnist,randomk,1,1,0.001,0.3815601144184777,0.946,25,1147,36,./checkpoints_grid/cfg036_cnn_mnist_randomk_b1_rep25_seed1147.pt
cnn,mnist,randomk,1,1,0.001,0.38056346583223266,0.938,26,1148,36,./checkpoints_grid/cfg036_cnn_mnist_randomk_b1_rep26_seed1148.pt
cnn,mnist,randomk,1,1,0.001,0.3725530373931289,0.918,27,1149,36,./checkpoints_grid/cfg036_cnn_mnist_randomk_b1_rep27_seed1149.pt
cnn,mnist,randomk,1,1,0.001,0.3697377374359031,0.94,28,1150,36,./checkpoints_grid/cfg036_cnn_mnist_randomk_b1_rep28_seed1150.pt
cnn,mnist,randomk,1,1,0.001,0.3729520343127151,0.943,29,1151,36,./checkpoints_grid/cfg036_cnn_mnist_randomk_b1_rep29_seed1151.pt
cnn,mnist,randomk,32,1,0.001,0.8508206694126129,0.888,0,1152,37,./checkpoints_grid/cfg037_cnn_mnist_randomk_b32_rep00_seed1152.pt
cnn,mnist,randomk,32,1,0.001,0.7938779180049896,0.91,1,1153,37,./checkpoints_grid/cfg037_cnn_mnist_randomk_b32_rep01_seed1153.pt
cnn,mnist,randomk,32,1,0.001,0.7804792794585228,0.898,2,1154,37,./checkpoints_grid/cfg037_cnn_mnist_randomk_b32_rep02_seed1154.pt
cnn,mnist,randomk,32,1,0.001,0.8043783776760102,0.893,3,1155,37,./checkpoints_grid/cfg037_cnn_mnist_randomk_b32_rep03_seed1155.pt
cnn,mnist,randomk,32,1,0.001,0.8456891787052154,0.882,4,1156,37,./checkpoints_grid/cfg037_cnn_mnist_randomk_b32_rep04_seed1156.pt
cnn,mnist,randomk,32,1,0.001,0.8340720357894897,0.894,5,1157,37,./checkpoints_grid/cfg037_cnn_mnist_randomk_b32_rep05_seed1157.pt
cnn,mnist,randomk,32,1,0.001,0.8061858654022217,0.903,6,1158,37,./checkpoints_grid/cfg037_cnn_mnist_randomk_b32_rep06_seed1158.pt
cnn,mnist,randomk,32,1,0.001,0.8178882483243942,0.9,7,1159,37,./checkpoints_grid/cfg037_cnn_mnist_randomk_b32_rep07_seed1159.pt
cnn,mnist,randomk,32,1,0.001,0.8781052500605583,0.885,8,1160,37,./checkpoints_grid/cfg037_cnn_mnist_randomk_b32_rep08_seed1160.pt
cnn,mnist,randomk,32,1,0.001,0.8219432439208031,0.895,9,1161,37,./checkpoints_grid/cfg037_cnn_mnist_randomk_b32_rep09_seed1161.pt
cnn,mnist,randomk,32,1,0.001,0.7960958958864212,0.888,10,1162,37,./checkpoints_grid/cfg037_cnn_mnist_randomk_b32_rep10_seed1162.pt
cnn,mnist,randomk,32,1,0.001,0.8193786854147911,0.899,11,1163,37,./checkpoints_grid/cfg037_cnn_mnist_randomk_b32_rep11_seed1163.pt
cnn,mnist,randomk,32,1,0.001,0.846761848449707,0.908,12,1164,37,./checkpoints_grid/cfg037_cnn_mnist_randomk_b32_rep12_seed1164.pt
cnn,mnist,randomk,32,1,0.001,0.7633248090744018,0.893,13,1165,37,./checkpoints_grid/cfg037_cnn_mnist_randomk_b32_rep13_seed1165.pt
cnn,mnist,randomk,32,1,0.001,0.8466003423929215,0.904,14,1166,37,./checkpoints_grid/cfg037_cnn_mnist_randomk_b32_rep14_seed1166.pt
cnn,mnist,randomk,32,1,0.001,0.7338428838253022,0.883,15,1167,37,./checkpoints_grid/cfg037_cnn_mnist_randomk_b32_rep15_seed1167.pt
cnn,mnist,randomk,32,1,0.001,0.7643102533221244,0.898,16,1168,37,./checkpoints_grid/cfg037_cnn_mnist_randomk_b32_rep16_seed1168.pt
cnn,mnist,randomk,32,1,0.001,0.8279897676110267,0.869,17,1169,37,./checkpoints_grid/cfg037_cnn_mnist_randomk_b32_rep17_seed1169.pt
cnn,mnist,randomk,32,1,0.001,0.7822712399363517,0.897,18,1170,37,./checkpoints_grid/cfg037_cnn_mnist_randomk_b32_rep18_seed1170.pt
cnn,mnist,randomk,32,1,0.001,0.7689245724081993,0.894,19,1171,37,./checkpoints_grid/cfg037_cnn_mnist_randomk_b32_rep19_seed1171.pt
cnn,mnist,randomk,32,1,0.001,0.795937108874321,0.874,20,1172,37,./checkpoints_grid/cfg037_cnn_mnist_randomk_b32_rep20_seed1172.pt
cnn,mnist,randomk,32,1,0.001,0.8177723255753517,0.888,21,1173,37,./checkpoints_grid/cfg037_cnn_mnist_randomk_b32_rep21_seed1173.pt
cnn,mnist,randomk,32,1,0.001,0.8273912982940674,0.897,22,1174,37,./checkpoints_grid/cfg037_cnn_mnist_randomk_b32_rep22_seed1174.pt
cnn,mnist,randomk,32,1,0.001,0.8440530025959014,0.894,23,1175,37,./checkpoints_grid/cfg037_cnn_mnist_randomk_b32_rep23_seed1175.pt
cnn,mnist,randomk,32,1,0.001,0.8190033529996872,0.875,24,1176,37,./checkpoints_grid/cfg037_cnn_mnist_randomk_b32_rep24_seed1176.pt
cnn,mnist,randomk,32,1,0.001,0.823941829919815,0.893,25,1177,37,./checkpoints_grid/cfg037_cnn_mnist_randomk_b32_rep25_seed1177.pt
cnn,mnist,randomk,32,1,0.001,0.7920136209726334,0.904,26,1178,37,./checkpoints_grid/cfg037_cnn_mnist_randomk_b32_rep26_seed1178.pt
cnn,mnist,randomk,32,1,0.001,0.7571778771281242,0.895,27,1179,37,./checkpoints_grid/cfg037_cnn_mnist_randomk_b32_rep27_seed1179.pt
cnn,mnist,randomk,32,1,0.001,0.8144787956476212,0.899,28,1180,37,./checkpoints_grid/cfg037_cnn_mnist_randomk_b32_rep28_seed1180.pt
cnn,mnist,randomk,32,1,0.001,0.827364256978035,0.891,29,1181,37,./checkpoints_grid/cfg037_cnn_mnist_randomk_b32_rep29_seed1181.pt
cnn,mnist,qsgd,1,1,0.001,0.44041670526437615,0.948,0,1182,38,./checkpoints_grid/cfg038_cnn_mnist_qsgd_b1_rep00_seed1182.pt
cnn,mnist,qsgd,1,1,0.001,0.4210734475194258,0.93,1,1183,38,./checkpoints_grid/cfg038_cnn_mnist_qsgd_b1_rep01_seed1183.pt
cnn,mnist,qsgd,1,1,0.001,0.43592115443706836,0.944,2,1184,38,./checkpoints_grid/cfg038_cnn_mnist_qsgd_b1_rep02_seed1184.pt
cnn,mnist,qsgd,1,1,0.001,0.429350323814279,0.937,3,1185,38,./checkpoints_grid/cfg038_cnn_mnist_qsgd_b1_rep03_seed1185.pt
cnn,mnist,qsgd,1,1,0.001,0.43028301077114717,0.937,4,1186,38,./checkpoints_grid/cfg038_cnn_mnist_qsgd_b1_rep04_seed1186.pt
cnn,mnist,qsgd,1,1,0.001,0.44452024882815305,0.902,5,1187,38,./checkpoints_grid/cfg038_cnn_mnist_qsgd_b1_rep05_seed1187.pt
cnn,mnist,qsgd,1,1,0.001,0.41897470539570425,0.915,6,1188,38,./checkpoints_grid/cfg038_cnn_mnist_qsgd_b1_rep06_seed1188.pt
cnn,mnist,qsgd,1,1,0.001,0.4305603348688175,0.941,7,1189,38,./checkpoints_grid/cfg038_cnn_mnist_qsgd_b1_rep07_seed1189.pt
cnn,mnist,qsgd,1,1,0.001,0.3849447871178359,0.917,8,1190,38,./checkpoints_grid/cfg038_cnn_mnist_qsgd_b1_rep08_seed1190.pt
cnn,mnist,qsgd,1,1,0.001,0.43592700230343456,0.93,9,1191,38,./checkpoints_grid/cfg038_cnn_mnist_qsgd_b1_rep09_seed1191.pt
cnn,mnist,qsgd,1,1,0.001,0.443498941497363,0.802,10,1192,38,./checkpoints_grid/cfg038_cnn_mnist_qsgd_b1_rep10_seed1192.pt
cnn,mnist,qsgd,1,1,0.001,0.4120445539040518,0.923,11,1193,38,./checkpoints_grid/cfg038_cnn_mnist_qsgd_b1_rep11_seed1193.pt
cnn,mnist,qsgd,1,1,0.001,0.40889238624349766,0.931,12,1194,38,./checkpoints_grid/cfg038_cnn_mnist_qsgd_b1_rep12_seed1194.pt
cnn,mnist,qsgd,1,1,0.001,0.40951326891798834,0.923,13,1195,38,./checkpoints_grid/cfg038_cnn_mnist_qsgd_b1_rep13_seed1195.pt
cnn,mnist,qsgd,1,1,0.001,0.4177091483262165,0.93,14,1196,38,./checkpoints_grid/cfg038_cnn_mnist_qsgd_b1_rep14_seed1196.pt
cnn,mnist,qsgd,1,1,0.001,0.4382860721500561,0.908,15,1197,38,./checkpoints_grid/cfg038_cnn_mnist_qsgd_b1_rep15_seed1197.pt
cnn,mnist,qsgd,1,1,0.001,0.43655113784345506,0.924,16,1198,38,./checkpoints_grid/cfg038_cnn_mnist_qsgd_b1_rep16_seed1198.pt
cnn,mnist,qsgd,1,1,0.001,0.4330133653546237,0.934,17,1199,38,./checkpoints_grid/cfg038_cnn_mnist_qsgd_b1_rep17_seed1199.pt
cnn,mnist,qsgd,1,1,0.001,0.41736168598113577,0.932,18,1200,38,./checkpoints_grid/cfg038_cnn_mnist_qsgd_b1_rep18_seed1200.pt
cnn,mnist,qsgd,1,1,0.001,0.4421978762040279,0.944,19,1201,38,./checkpoints_grid/cfg038_cnn_mnist_qsgd_b1_rep19_seed1201.pt
cnn,mnist,qsgd,1,1,0.001,0.4128004636307246,0.94,20,1202,38,./checkpoints_grid/cfg038_cnn_mnist_qsgd_b1_rep20_seed1202.pt
cnn,mnist,qsgd,1,1,0.001,0.40601979667548654,0.911,21,1203,38,./checkpoints_grid/cfg038_cnn_mnist_qsgd_b1_rep21_seed1203.pt
cnn,mnist,qsgd,1,1,0.001,0.44364012024659155,0.929,22,1204,38,./checkpoints_grid/cfg038_cnn_mnist_qsgd_b1_rep22_seed1204.pt
cnn,mnist,qsgd,1,1,0.001,0.4249556583292992,0.93,23,1205,38,./checkpoints_grid/cfg038_cnn_mnist_qsgd_b1_rep23_seed1205.pt
cnn,mnist,qsgd,1,1,0.001,0.45394640109765716,0.928,24,1206,38,./checkpoints_grid/cfg038_cnn_mnist_qsgd_b1_rep24_seed1206.pt
cnn,mnist,qsgd,1,1,0.001,0.41634098342597553,0.922,25,1207,38,./checkpoints_grid/cfg038_cnn_mnist_qsgd_b1_rep25_seed1207.pt
cnn,mnist,qsgd,1,1,0.001,0.4293081847781625,0.931,26,1208,38,./checkpoints_grid/cfg038_cnn_mnist_qsgd_b1_rep26_seed1208.pt
cnn,mnist,qsgd,1,1,0.001,0.41641397123541524,0.929,27,1209,38,./checkpoints_grid/cfg038_cnn_mnist_qsgd_b1_rep27_seed1209.pt
cnn,mnist,qsgd,1,1,0.001,0.4499064644013949,0.915,28,1210,38,./checkpoints_grid/cfg038_cnn_mnist_qsgd_b1_rep28_seed1210.pt
cnn,mnist,qsgd,1,1,0.001,0.4446471210831255,0.932,29,1211,38,./checkpoints_grid/cfg038_cnn_mnist_qsgd_b1_rep29_seed1211.pt
cnn,mnist,qsgd,32,1,0.001,1.1121141959428786,0.841,0,1212,39,./checkpoints_grid/cfg039_cnn_mnist_qsgd_b32_rep00_seed1212.pt
cnn,mnist,qsgd,32,1,0.001,1.0620474004745484,0.847,1,1213,39,./checkpoints_grid/cfg039_cnn_mnist_qsgd_b32_rep01_seed1213.pt
cnn,mnist,qsgd,32,1,0.001,1.0749392876625061,0.858,2,1214,39,./checkpoints_grid/cfg039_cnn_mnist_qsgd_b32_rep02_seed1214.pt
cnn,mnist,qsgd,32,1,0.001,1.1450149737596511,0.846,3,1215,39,./checkpoints_grid/cfg039_cnn_mnist_qsgd_b32_rep03_seed1215.pt
cnn,mnist,qsgd,32,1,0.001,1.1546265544891356,0.841,4,1216,39,./checkpoints_grid/cfg039_cnn_mnist_qsgd_b32_rep04_seed1216.pt
cnn,mnist,qsgd,32,1,0.001,1.075849051475525,0.837,5,1217,39,./checkpoints_grid/cfg039_cnn_mnist_qsgd_b32_rep05_seed1217.pt
cnn,mnist,qsgd,32,1,0.001,1.1208646463155747,0.826,6,1218,39,./checkpoints_grid/cfg039_cnn_mnist_qsgd_b32_rep06_seed1218.pt
cnn,mnist,qsgd,32,1,0.001,1.0656337361335755,0.847,7,1219,39,./checkpoints_grid/cfg039_cnn_mnist_qsgd_b32_rep07_seed1219.pt
cnn,mnist,qsgd,32,1,0.001,1.1169680272340774,0.857,8,1220,39,./checkpoints_grid/cfg039_cnn_mnist_qsgd_b32_rep08_seed1220.pt
cnn,mnist,qsgd,32,1,0.001,1.1170622320175172,0.841,9,1221,39,./checkpoints_grid/cfg039_cnn_mnist_qsgd_b32_rep09_seed1221.pt
cnn,mnist,qsgd,32,1,0.001,1.1227523555755616,0.815,10,1222,39,./checkpoints_grid/cfg039_cnn_mnist_qsgd_b32_rep10_seed1222.pt
cnn,mnist,qsgd,32,1,0.001,1.0486431391239166,0.85,11,1223,39,./checkpoints_grid/cfg039_cnn_mnist_qsgd_b32_rep11_seed1223.pt
cnn,mnist,qsgd,32,1,0.001,1.0830227997303008,0.814,12,1224,39,./checkpoints_grid/cfg039_cnn_mnist_qsgd_b32_rep12_seed1224.pt
cnn,mnist,qsgd,32,1,0.001,1.1400389149188996,0.831,13,1225,39,./checkpoints_grid/cfg039_cnn_mnist_qsgd_b32_rep13_seed1225.pt
cnn,mnist,qsgd,32,1,0.001,1.0740302650928497,0.851,14,1226,39,./checkpoints_grid/cfg039_cnn_mnist_qsgd_b32_rep14_seed1226.pt
cnn,mnist,qsgd,32,1,0.001,1.1668917561769485,0.854,15,1227,39,./checkpoints_grid/cfg039_cnn_mnist_qsgd_b32_rep15_seed1227.pt
cnn,mnist,qsgd,32,1,0.001,1.154775652885437,0.827,16,1228,39,./checkpoints_grid/cfg039_cnn_mnist_qsgd_b32_rep16_seed1228.pt
cnn,mnist,qsgd,32,1,0.001,1.163487432718277,0.815,17,1229,39,./checkpoints_grid/cfg039_cnn_mnist_qsgd_b32_rep17_seed1229.pt
cnn,mnist,qsgd,32,1,0.001,1.0682313725948334,0.874,18,1230,39,./checkpoints_grid/cfg039_cnn_mnist_qsgd_b32_rep18_seed1230.pt
cnn,mnist,qsgd,32,1,0.001,1.1496199824810027,0.81,19,1231,39,./checkpoints_grid/cfg039_cnn_mnist_qsgd_b32_rep19_seed1231.pt
cnn,mnist,qsgd,32,1,0.001,1.0992815034389496,0.831,20,1232,39,./checkpoints_grid/cfg039_cnn_mnist_qsgd_b32_rep20_seed1232.pt
cnn,mnist,qsgd,32,1,0.001,1.0989747695922851,0.843,21,1233,39,./checkpoints_grid/cfg039_cnn_mnist_qsgd_b32_rep21_seed1233.pt
cnn,mnist,qsgd,32,1,0.001,1.0880599290132522,0.85,22,1234,39,./checkpoints_grid/cfg039_cnn_mnist_qsgd_b32_rep22_seed1234.pt
cnn,mnist,qsgd,32,1,0.001,1.0961173251867293,0.779,23,1235,39,./checkpoints_grid/cfg039_cnn_mnist_qsgd_b32_rep23_seed1235.pt
cnn,mnist,qsgd,32,1,0.001,1.130410910487175,0.835,24,1236,39,./checkpoints_grid/cfg039_cnn_mnist_qsgd_b32_rep24_seed1236.pt
cnn,mnist,qsgd,32,1,0.001,1.101752542257309,0.83,25,1237,39,./checkpoints_grid/cfg039_cnn_mnist_qsgd_b32_rep25_seed1237.pt
cnn,mnist,qsgd,32,1,0.001,1.1208339791297912,0.805,26,1238,39,./checkpoints_grid/cfg039_cnn_mnist_qsgd_b32_rep26_seed1238.pt
cnn,mnist,qsgd,32,1,0.001,1.0810641728639603,0.849,27,1239,39,./checkpoints_grid/cfg039_cnn_mnist_qsgd_b32_rep27_seed1239.pt
cnn,mnist,qsgd,32,1,0.001,1.1254985086917877,0.842,28,1240,39,./checkpoints_grid/cfg039_cnn_mnist_qsgd_b32_rep28_seed1240.pt
cnn,mnist,qsgd,32,1,0.001,1.0912861955165862,0.824,29,1241,39,./checkpoints_grid/cfg039_cnn_mnist_qsgd_b32_rep29_seed1241.pt
cnn,fashion-mnist,none,1,1,0.001,0.7015547597672418,0.79,0,1242,40,./checkpoints_grid/cfg040_cnn_fashion_mnist_none_b1_rep00_seed1242.pt
cnn,fashion-mnist,none,1,1,0.001,0.6912092941379517,0.808,1,1243,40,./checkpoints_grid/cfg040_cnn_fashion_mnist_none_b1_rep01_seed1243.pt
cnn,fashion-mnist,none,1,1,0.001,0.7026185361798288,0.796,2,1244,40,./checkpoints_grid/cfg040_cnn_fashion_mnist_none_b1_rep02_seed1244.pt
cnn,fashion-mnist,none,1,1,0.001,0.6916014715459141,0.822,3,1245,40,./checkpoints_grid/cfg040_cnn_fashion_mnist_none_b1_rep03_seed1245.pt
cnn,fashion-mnist,none,1,1,0.001,0.6933108000331863,0.785,4,1246,40,./checkpoints_grid/cfg040_cnn_fashion_mnist_none_b1_rep04_seed1246.pt
cnn,fashion-mnist,none,1,1,0.001,0.708338920486551,0.816,5,1247,40,./checkpoints_grid/cfg040_cnn_fashion_mnist_none_b1_rep05_seed1247.pt
cnn,fashion-mnist,none,1,1,0.001,0.6874098899920323,0.814,6,1248,40,./checkpoints_grid/cfg040_cnn_fashion_mnist_none_b1_rep06_seed1248.pt
cnn,fashion-mnist,none,1,1,0.001,0.706116878359805,0.804,7,1249,40,./checkpoints_grid/cfg040_cnn_fashion_mnist_none_b1_rep07_seed1249.pt
cnn,fashion-mnist,none,1,1,0.001,0.7317944652628661,0.808,8,1250,40,./checkpoints_grid/cfg040_cnn_fashion_mnist_none_b1_rep08_seed1250.pt
cnn,fashion-mnist,none,1,1,0.001,0.704691859680494,0.804,9,1251,40,./checkpoints_grid/cfg040_cnn_fashion_mnist_none_b1_rep09_seed1251.pt
cnn,fashion-mnist,none,1,1,0.001,0.6981362731833689,0.794,10,1252,40,./checkpoints_grid/cfg040_cnn_fashion_mnist_none_b1_rep10_seed1252.pt
cnn,fashion-mnist,none,1,1,0.001,0.6984006653875977,0.818,11,1253,40,./checkpoints_grid/cfg040_cnn_fashion_mnist_none_b1_rep11_seed1253.pt
cnn,fashion-mnist,none,1,1,0.001,0.7365097759147011,0.792,12,1254,40,./checkpoints_grid/cfg040_cnn_fashion_mnist_none_b1_rep12_seed1254.pt
cnn,fashion-mnist,none,1,1,0.001,0.692894645072679,0.817,13,1255,40,./checkpoints_grid/cfg040_cnn_fashion_mnist_none_b1_rep13_seed1255.pt
cnn,fashion-mnist,none,1,1,0.001,0.6984626421917282,0.805,14,1256,40,./checkpoints_grid/cfg040_cnn_fashion_mnist_none_b1_rep14_seed1256.pt
cnn,fashion-mnist,none,1,1,0.001,0.7114397790366512,0.789,15,1257,40,./checkpoints_grid/cfg040_cnn_fashion_mnist_none_b1_rep15_seed1257.pt
cnn,fashion-mnist,none,1,1,0.001,0.6871899665293782,0.792,16,1258,40,./checkpoints_grid/cfg040_cnn_fashion_mnist_none_b1_rep16_seed1258.pt
cnn,fashion-mnist,none,1,1,0.001,0.7266285789942388,0.803,17,1259,40,./checkpoints_grid/cfg040_cnn_fashion_mnist_none_b1_rep17_seed1259.pt
cnn,fashion-mnist,none,1,1,0.001,0.711772370692527,0.796,18,1260,40,./checkpoints_grid/cfg040_cnn_fashion_mnist_none_b1_rep18_seed1260.pt
cnn,fashion-mnist,none,1,1,0.001,0.7210743716069631,0.793,19,1261,40,./checkpoints_grid/cfg040_cnn_fashion_mnist_none_b1_rep19_seed1261.pt
cnn,fashion-mnist,none,1,1,0.001,0.7053462330927148,0.818,20,1262,40,./checkpoints_grid/cfg040_cnn_fashion_mnist_none_b1_rep20_seed1262.pt
cnn,fashion-mnist,none,1,1,0.001,0.6913863406862424,0.815,21,1263,40,./checkpoints_grid/cfg040_cnn_fashion_mnist_none_b1_rep21_seed1263.pt
cnn,fashion-mnist,none,1,1,0.001,0.6942715555335089,0.798,22,1264,40,./checkpoints_grid/cfg040_cnn_fashion_mnist_none_b1_rep22_seed1264.pt
cnn,fashion-mnist,none,1,1,0.001,0.6923667968684054,0.812,23,1265,40,./checkpoints_grid/cfg040_cnn_fashion_mnist_none_b1_rep23_seed1265.pt
cnn,fashion-mnist,none,1,1,0.001,0.7143297689917704,0.795,24,1266,40,./checkpoints_grid/cfg040_cnn_fashion_mnist_none_b1_rep24_seed1266.pt
cnn,fashion-mnist,none,1,1,0.001,0.7227892569243304,0.801,25,1267,40,./checkpoints_grid/cfg040_cnn_fashion_mnist_none_b1_rep25_seed1267.pt
cnn,fashion-mnist,none,1,1,0.001,0.7249809943464588,0.799,26,1268,40,./checkpoints_grid/cfg040_cnn_fashion_mnist_none_b1_rep26_seed1268.pt
cnn,fashion-mnist,none,1,1,0.001,0.6977349896116742,0.809,27,1269,40,./checkpoints_grid/cfg040_cnn_fashion_mnist_none_b1_rep27_seed1269.pt
cnn,fashion-mnist,none,1,1,0.001,0.7130423911596281,0.809,28,1270,40,./checkpoints_grid/cfg040_cnn_fashion_mnist_none_b1_rep28_seed1270.pt
cnn,fashion-mnist,none,1,1,0.001,0.7151720265541778,0.806,29,1271,40,./checkpoints_grid/cfg040_cnn_fashion_mnist_none_b1_rep29_seed1271.pt
cnn,fashion-mnist,none,32,1,0.001,0.807390332698822,0.77,0,1272,41,./checkpoints_grid/cfg041_cnn_fashion_mnist_none_b32_rep00_seed1272.pt
cnn,fashion-mnist,none,32,1,0.001,0.7688599416017532,0.806,1,1273,41,./checkpoints_grid/cfg041_cnn_fashion_mnist_none_b32_rep01_seed1273.pt
cnn,fashion-mnist,none,32,1,0.001,0.7986076421737671,0.793,2,1274,41,./checkpoints_grid/cfg041_cnn_fashion_mnist_none_b32_rep02_seed1274.pt
cnn,fashion-mnist,none,32,1,0.001,0.7964908952713012,0.796,3,1275,41,./checkpoints_grid/cfg041_cnn_fashion_mnist_none_b32_rep03_seed1275.pt
cnn,fashion-mnist,none,32,1,0.001,0.7909591314792633,0.789,4,1276,41,./checkpoints_grid/cfg041_cnn_fashion_mnist_none_b32_rep04_seed1276.pt
cnn,fashion-mnist,none,32,1,0.001,0.7924932391643524,0.797,5,1277,41,./checkpoints_grid/cfg041_cnn_fashion_mnist_none_b32_rep05_seed1277.pt
cnn,fashion-mnist,none,32,1,0.001,0.7914805362224578,0.799,6,1278,41,./checkpoints_grid/cfg041_cnn_fashion_mnist_none_b32_rep06_seed1278.pt
cnn,fashion-mnist,none,32,1,0.001,0.7812962131500244,0.791,7,1279,41,./checkpoints_grid/cfg041_cnn_fashion_mnist_none_b32_rep07_seed1279.pt
cnn,fashion-mnist,none,32,1,0.001,0.7826257908344268,0.791,8,1280,41,./checkpoints_grid/cfg041_cnn_fashion_mnist_none_b32_rep08_seed1280.pt
cnn,fashion-mnist,none,32,1,0.001,0.7710428845882416,0.793,9,1281,41,./checkpoints_grid/cfg041_cnn_fashion_mnist_none_b32_rep09_seed1281.pt
cnn,fashion-mnist,none,32,1,0.001,0.7528466010093688,0.815,10,1282,41,./checkpoints_grid/cfg041_cnn_fashion_mnist_none_b32_rep10_seed1282.pt
cnn,fashion-mnist,none,32,1,0.001,0.793854677438736,0.814,11,1283,41,./checkpoints_grid/cfg041_cnn_fashion_mnist_none_b32_rep11_seed1283.pt
cnn,fashion-mnist,none,32,1,0.001,0.8109362628459931,0.783,12,1284,41,./checkpoints_grid/cfg041_cnn_fashion_mnist_none_b32_rep12_seed1284.pt
cnn,fashion-mnist,none,32,1,0.001,0.7958582520484925,0.782,13,1285,41,./checkpoints_grid/cfg041_cnn_fashion_mnist_none_b32_rep13_seed1285.pt
cnn,fashion-mnist,none,32,1,0.001,0.7895499663352966,0.818,14,1286,41,./checkpoints_grid/cfg041_cnn_fashion_mnist_none_b32_rep14_seed1286.pt
cnn,fashion-mnist,none,32,1,0.001,0.7882579946517945,0.787,15,1287,41,./checkpoints_grid/cfg041_cnn_fashion_mnist_none_b32_rep15_seed1287.pt
cnn,fashion-mnist,none,32,1,0.001,0.78133553981781,0.792,16,1288,41,./checkpoints_grid/cfg041_cnn_fashion_mnist_none_b32_rep16_seed1288.pt
cnn,fashion-mnist,none,32,1,0.001,0.7880657534599305,0.783,17,1289,41,./checkpoints_grid/cfg041_cnn_fashion_mnist_none_b32_rep17_seed1289.pt
cnn,fashion-mnist,none,32,1,0.001,0.7903859043121337,0.796,18,1290,41,./checkpoints_grid/cfg041_cnn_fashion_mnist_none_b32_rep18_seed1290.pt
cnn,fashion-mnist,none,32,1,0.001,0.7955018479824066,0.788,19,1291,41,./checkpoints_grid/cfg041_cnn_fashion_mnist_none_b32_rep19_seed1291.pt
cnn,fashion-mnist,none,32,1,0.001,0.7954086874723434,0.78,20,1292,41,./checkpoints_grid/cfg041_cnn_fashion_mnist_none_b32_rep20_seed1292.pt
cnn,fashion-mnist,none,32,1,0.001,0.776740895986557,0.808,21,1293,41,./checkpoints_grid/cfg041_cnn_fashion_mnist_none_b32_rep21_seed1293.pt
cnn,fashion-mnist,none,32,1,0.001,0.7997703816890717,0.776,22,1294,41,./checkpoints_grid/cfg041_cnn_fashion_mnist_none_b32_rep22_seed1294.pt
cnn,fashion-mnist,none,32,1,0.001,0.8154514305591584,0.8,23,1295,41,./checkpoints_grid/cfg041_cnn_fashion_mnist_none_b32_rep23_seed1295.pt
cnn,fashion-mnist,none,32,1,0.001,0.7812105040550232,0.779,24,1296,41,./checkpoints_grid/cfg041_cnn_fashion_mnist_none_b32_rep24_seed1296.pt
cnn,fashion-mnist,none,32,1,0.001,0.787650086402893,0.806,25,1297,41,./checkpoints_grid/cfg041_cnn_fashion_mnist_none_b32_rep25_seed1297.pt
cnn,fashion-mnist,none,32,1,0.001,0.8199719822406769,0.817,26,1298,41,./checkpoints_grid/cfg041_cnn_fashion_mnist_none_b32_rep26_seed1298.pt
cnn,fashion-mnist,none,32,1,0.001,0.8118790626525879,0.818,27,1299,41,./checkpoints_grid/cfg041_cnn_fashion_mnist_none_b32_rep27_seed1299.pt
cnn,fashion-mnist,none,32,1,0.001,0.7935585983991623,0.772,28,1300,41,./checkpoints_grid/cfg041_cnn_fashion_mnist_none_b32_rep28_seed1300.pt
cnn,fashion-mnist,none,32,1,0.001,0.7751360640525818,0.805,29,1301,41,./checkpoints_grid/cfg041_cnn_fashion_mnist_none_b32_rep29_seed1301.pt
cnn,fashion-mnist,topk,1,1,0.001,0.7037953314344496,0.817,0,1302,42,./checkpoints_grid/cfg042_cnn_fashion_mnist_topk_b1_rep00_seed1302.pt
cnn,fashion-mnist,topk,1,1,0.001,0.7078539907932011,0.833,1,1303,42,./checkpoints_grid/cfg042_cnn_fashion_mnist_topk_b1_rep01_seed1303.pt
cnn,fashion-mnist,topk,1,1,0.001,0.7171314618105125,0.821,2,1304,42,./checkpoints_grid/cfg042_cnn_fashion_mnist_topk_b1_rep02_seed1304.pt
cnn,fashion-mnist,topk,1,1,0.001,0.6951085282216254,0.832,3,1305,42,./checkpoints_grid/cfg042_cnn_fashion_mnist_topk_b1_rep03_seed1305.pt
cnn,fashion-mnist,topk,1,1,0.001,0.692657573576502,0.822,4,1306,42,./checkpoints_grid/cfg042_cnn_fashion_mnist_topk_b1_rep04_seed1306.pt
cnn,fashion-mnist,topk,1,1,0.001,0.6916630368379925,0.808,5,1307,42,./checkpoints_grid/cfg042_cnn_fashion_mnist_topk_b1_rep05_seed1307.pt
cnn,fashion-mnist,topk,1,1,0.001,0.6739295709501021,0.774,6,1308,42,./checkpoints_grid/cfg042_cnn_fashion_mnist_topk_b1_rep06_seed1308.pt
cnn,fashion-mnist,topk,1,1,0.001,0.7050591834587429,0.79,7,1309,42,./checkpoints_grid/cfg042_cnn_fashion_mnist_topk_b1_rep07_seed1309.pt
cnn,fashion-mnist,topk,1,1,0.001,0.6977170763204854,0.8,8,1310,42,./checkpoints_grid/cfg042_cnn_fashion_mnist_topk_b1_rep08_seed1310.pt
cnn,fashion-mnist,topk,1,1,0.001,0.7024537072929099,0.826,9,1311,42,./checkpoints_grid/cfg042_cnn_fashion_mnist_topk_b1_rep09_seed1311.pt
cnn,fashion-mnist,topk,1,1,0.001,0.6960711463793617,0.834,10,1312,42,./checkpoints_grid/cfg042_cnn_fashion_mnist_topk_b1_rep10_seed1312.pt
cnn,fashion-mnist,topk,1,1,0.001,0.6965111035523947,0.792,11,1313,42,./checkpoints_grid/cfg042_cnn_fashion_mnist_topk_b1_rep11_seed1313.pt
cnn,fashion-mnist,topk,1,1,0.001,0.6948182110219504,0.814,12,1314,42,./checkpoints_grid/cfg042_cnn_fashion_mnist_topk_b1_rep12_seed1314.pt
cnn,fashion-mnist,topk,1,1,0.001,0.7034130151978506,0.818,13,1315,42,./checkpoints_grid/cfg042_cnn_fashion_mnist_topk_b1_rep13_seed1315.pt
cnn,fashion-mnist,topk,1,1,0.001,0.7080738752814835,0.808,14,1316,42,./checkpoints_grid/cfg042_cnn_fashion_mnist_topk_b1_rep14_seed1316.pt
cnn,fashion-mnist,topk,1,1,0.001,0.7080181539722202,0.825,15,1317,42,./checkpoints_grid/cfg042_cnn_fashion_mnist_topk_b1_rep15_seed1317.pt
cnn,fashion-mnist,topk,1,1,0.001,0.6925283017299494,0.8,16,1318,42,./checkpoints_grid/cfg042_cnn_fashion_mnist_topk_b1_rep16_seed1318.pt
cnn,fashion-mnist,topk,1,1,0.001,0.6814630998175035,0.807,17,1319,42,./checkpoints_grid/cfg042_cnn_fashion_mnist_topk_b1_rep17_seed1319.pt
cnn,fashion-mnist,topk,1,1,0.001,0.6841032686556997,0.808,18,1320,42,./checkpoints_grid/cfg042_cnn_fashion_mnist_topk_b1_rep18_seed1320.pt
cnn,fashion-mnist,topk,1,1,0.001,0.6946066831156009,0.8,19,1321,42,./checkpoints_grid/cfg042_cnn_fashion_mnist_topk_b1_rep19_seed1321.pt
cnn,fashion-mnist,topk,1,1,0.001,0.6884494429992383,0.814,20,1322,42,./checkpoints_grid/cfg042_cnn_fashion_mnist_topk_b1_rep20_seed1322.pt
cnn,fashion-mnist,topk,1,1,0.001,0.7024376977136885,0.794,21,1323,42,./checkpoints_grid/cfg042_cnn_fashion_mnist_topk_b1_rep21_seed1323.pt
cnn,fashion-mnist,topk,1,1,0.001,0.6848541782819738,0.822,22,1324,42,./checkpoints_grid/cfg042_cnn_fashion_mnist_topk_b1_rep22_seed1324.pt
cnn,fashion-mnist,topk,1,1,0.001,0.7011958811538269,0.785,23,1325,42,./checkpoints_grid/cfg042_cnn_fashion_mnist_topk_b1_rep23_seed1325.pt
cnn,fashion-mnist,topk,1,1,0.001,0.6914034982554118,0.808,24,1326,42,./checkpoints_grid/cfg042_cnn_fashion_mnist_topk_b1_rep24_seed1326.pt
cnn,fashion-mnist,topk,1,1,0.001,0.7032860857647543,0.797,25,1327,42,./checkpoints_grid/cfg042_cnn_fashion_mnist_topk_b1_rep25_seed1327.pt
cnn,fashion-mnist,topk,1,1,0.001,0.6859087468597104,0.756,26,1328,42,./checkpoints_grid/cfg042_cnn_fashion_mnist_topk_b1_rep26_seed1328.pt
cnn,fashion-mnist,topk,1,1,0.001,0.6880407134794578,0.825,27,1329,42,./checkpoints_grid/cfg042_cnn_fashion_mnist_topk_b1_rep27_seed1329.pt
cnn,fashion-mnist,topk,1,1,0.001,0.7199889843646389,0.777,28,1330,42,./checkpoints_grid/cfg042_cnn_fashion_mnist_topk_b1_rep28_seed1330.pt
cnn,fashion-mnist,topk,1,1,0.001,0.6789996108520913,0.816,29,1331,42,./checkpoints_grid/cfg042_cnn_fashion_mnist_topk_b1_rep29_seed1331.pt
cnn,fashion-mnist,topk,32,1,0.001,0.8631550550460816,0.799,0,1332,43,./checkpoints_grid/cfg043_cnn_fashion_mnist_topk_b32_rep00_seed1332.pt
cnn,fashion-mnist,topk,32,1,0.001,0.8961607942581177,0.753,1,1333,43,./checkpoints_grid/cfg043_cnn_fashion_mnist_topk_b32_rep01_seed1333.pt
cnn,fashion-mnist,topk,32,1,0.001,0.8903824987411499,0.771,2,1334,43,./checkpoints_grid/cfg043_cnn_fashion_mnist_topk_b32_rep02_seed1334.pt
cnn,fashion-mnist,topk,32,1,0.001,0.8764904797077179,0.789,3,1335,43,./checkpoints_grid/cfg043_cnn_fashion_mnist_topk_b32_rep03_seed1335.pt
cnn,fashion-mnist,topk,32,1,0.001,0.8731079661846161,0.785,4,1336,43,./checkpoints_grid/cfg043_cnn_fashion_mnist_topk_b32_rep04_seed1336.pt
cnn,fashion-mnist,topk,32,1,0.001,0.8693178117275238,0.791,5,1337,43,./checkpoints_grid/cfg043_cnn_fashion_mnist_topk_b32_rep05_seed1337.pt
cnn,fashion-mnist,topk,32,1,0.001,0.8658388457298278,0.757,6,1338,43,./checkpoints_grid/cfg043_cnn_fashion_mnist_topk_b32_rep06_seed1338.pt
cnn,fashion-mnist,topk,32,1,0.001,0.8792069301605224,0.754,7,1339,43,./checkpoints_grid/cfg043_cnn_fashion_mnist_topk_b32_rep07_seed1339.pt
cnn,fashion-mnist,topk,32,1,0.001,0.8893427321910858,0.789,8,1340,43,./checkpoints_grid/cfg043_cnn_fashion_mnist_topk_b32_rep08_seed1340.pt
cnn,fashion-mnist,topk,32,1,0.001,0.8817699191570282,0.746,9,1341,43,./checkpoints_grid/cfg043_cnn_fashion_mnist_topk_b32_rep09_seed1341.pt
cnn,fashion-mnist,topk,32,1,0.001,0.8534310789108276,0.793,10,1342,43,./checkpoints_grid/cfg043_cnn_fashion_mnist_topk_b32_rep10_seed1342.pt
cnn,fashion-mnist,topk,32,1,0.001,0.8827052772045135,0.773,11,1343,43,./checkpoints_grid/cfg043_cnn_fashion_mnist_topk_b32_rep11_seed1343.pt
cnn,fashion-mnist,topk,32,1,0.001,0.8677589087486267,0.78,12,1344,43,./checkpoints_grid/cfg043_cnn_fashion_mnist_topk_b32_rep12_seed1344.pt
cnn,fashion-mnist,topk,32,1,0.001,0.8472861683368683,0.772,13,1345,43,./checkpoints_grid/cfg043_cnn_fashion_mnist_topk_b32_rep13_seed1345.pt
cnn,fashion-mnist,topk,32,1,0.001,0.8657365887165069,0.795,14,1346,43,./checkpoints_grid/cfg043_cnn_fashion_mnist_topk_b32_rep14_seed1346.pt
cnn,fashion-mnist,topk,32,1,0.001,0.8854129784107209,0.771,15,1347,43,./checkpoints_grid/cfg043_cnn_fashion_mnist_topk_b32_rep15_seed1347.pt
cnn,fashion-mnist,topk,32,1,0.001,0.8700275473594665,0.777,16,1348,43,./checkpoints_grid/cfg043_cnn_fashion_mnist_topk_b32_rep16_seed1348.pt
cnn,fashion-mnist,topk,32,1,0.001,0.8511406462192536,0.802,17,1349,43,./checkpoints_grid/cfg043_cnn_fashion_mnist_topk_b32_rep17_seed1349.pt
cnn,fashion-mnist,topk,32,1,0.001,0.8424041302204132,0.784,18,1350,43,./checkpoints_grid/cfg043_cnn_fashion_mnist_topk_b32_rep18_seed1350.pt
cnn,fashion-mnist,topk,32,1,0.001,0.8710857830047607,0.724,19,1351,43,./checkpoints_grid/cfg043_cnn_fashion_mnist_topk_b32_rep19_seed1351.pt
cnn,fashion-mnist,topk,32,1,0.001,0.8637578916549683,0.79,20,1352,43,./checkpoints_grid/cfg043_cnn_fashion_mnist_topk_b32_rep20_seed1352.pt
cnn,fashion-mnist,topk,32,1,0.001,0.8768309891223908,0.751,21,1353,43,./checkpoints_grid/cfg043_cnn_fashion_mnist_topk_b32_rep21_seed1353.pt
cnn,fashion-mnist,topk,32,1,0.001,0.9009241514205932,0.782,22,1354,43,./checkpoints_grid/cfg043_cnn_fashion_mnist_topk_b32_rep22_seed1354.pt
cnn,fashion-mnist,topk,32,1,0.001,0.8754995890855789,0.761,23,1355,43,./checkpoints_grid/cfg043_cnn_fashion_mnist_topk_b32_rep23_seed1355.pt
cnn,fashion-mnist,topk,32,1,0.001,0.8479288337230683,0.805,24,1356,43,./checkpoints_grid/cfg043_cnn_fashion_mnist_topk_b32_rep24_seed1356.pt
cnn,fashion-mnist,topk,32,1,0.001,0.8690569858551025,0.748,25,1357,43,./checkpoints_grid/cfg043_cnn_fashion_mnist_topk_b32_rep25_seed1357.pt
cnn,fashion-mnist,topk,32,1,0.001,0.8668247406482696,0.776,26,1358,43,./checkpoints_grid/cfg043_cnn_fashion_mnist_topk_b32_rep26_seed1358.pt
cnn,fashion-mnist,topk,32,1,0.001,0.8687591462135315,0.796,27,1359,43,./checkpoints_grid/cfg043_cnn_fashion_mnist_topk_b32_rep27_seed1359.pt
cnn,fashion-mnist,topk,32,1,0.001,0.8940001356601716,0.762,28,1360,43,./checkpoints_grid/cfg043_cnn_fashion_mnist_topk_b32_rep28_seed1360.pt
cnn,fashion-mnist,topk,32,1,0.001,0.8863856937885285,0.704,29,1361,43,./checkpoints_grid/cfg043_cnn_fashion_mnist_topk_b32_rep29_seed1361.pt
cnn,fashion-mnist,dpsgd,1,1,0.001,2.151738201081753,0.318,0,1362,44,./checkpoints_grid/cfg044_cnn_fashion_mnist_dpsgd_b1_rep00_seed1362.pt
cnn,fashion-mnist,dpsgd,1,1,0.001,2.2000025371313097,0.313,1,1363,44,./checkpoints_grid/cfg044_cnn_fashion_mnist_dpsgd_b1_rep01_seed1363.pt
cnn,fashion-mnist,dpsgd,1,1,0.001,2.208039904795587,0.243,2,1364,44,./checkpoints_grid/cfg044_cnn_fashion_mnist_dpsgd_b1_rep02_seed1364.pt
cnn,fashion-mnist,dpsgd,1,1,0.001,2.1482571837753057,0.29,3,1365,44,./checkpoints_grid/cfg044_cnn_fashion_mnist_dpsgd_b1_rep03_seed1365.pt
cnn,fashion-mnist,dpsgd,1,1,0.001,2.148411532752216,0.3,4,1366,44,./checkpoints_grid/cfg044_cnn_fashion_mnist_dpsgd_b1_rep04_seed1366.pt
cnn,fashion-mnist,dpsgd,1,1,0.001,2.2342644386664032,0.216,5,1367,44,./checkpoints_grid/cfg044_cnn_fashion_mnist_dpsgd_b1_rep05_seed1367.pt
cnn,fashion-mnist,dpsgd,1,1,0.001,2.184636885194108,0.248,6,1368,44,./checkpoints_grid/cfg044_cnn_fashion_mnist_dpsgd_b1_rep06_seed1368.pt
cnn,fashion-mnist,dpsgd,1,1,0.001,2.205975015848875,0.255,7,1369,44,./checkpoints_grid/cfg044_cnn_fashion_mnist_dpsgd_b1_rep07_seed1369.pt
cnn,fashion-mnist,dpsgd,1,1,0.001,2.2217233301326633,0.269,8,1370,44,./checkpoints_grid/cfg044_cnn_fashion_mnist_dpsgd_b1_rep08_seed1370.pt
cnn,fashion-mnist,dpsgd,1,1,0.001,2.18022969276458,0.28,9,1371,44,./checkpoints_grid/cfg044_cnn_fashion_mnist_dpsgd_b1_rep09_seed1371.pt
cnn,fashion-mnist,dpsgd,1,1,0.001,2.157098738089204,0.32,10,1372,44,./checkpoints_grid/cfg044_cnn_fashion_mnist_dpsgd_b1_rep10_seed1372.pt
cnn,fashion-mnist,dpsgd,1,1,0.001,2.0999156739525495,0.371,11,1373,44,./checkpoints_grid/cfg044_cnn_fashion_mnist_dpsgd_b1_rep11_seed1373.pt
cnn,fashion-mnist,dpsgd,1,1,0.001,2.1745939958393574,0.256,12,1374,44,./checkpoints_grid/cfg044_cnn_fashion_mnist_dpsgd_b1_rep12_seed1374.pt
cnn,fashion-mnist,dpsgd,1,1,0.001,2.1824571918100117,0.306,13,1375,44,./checkpoints_grid/cfg044_cnn_fashion_mnist_dpsgd_b1_rep13_seed1375.pt
cnn,fashion-mnist,dpsgd,1,1,0.001,2.1122586104162036,0.314,14,1376,44,./checkpoints_grid/cfg044_cnn_fashion_mnist_dpsgd_b1_rep14_seed1376.pt
cnn,fashion-mnist,dpsgd,1,1,0.001,2.1369234947562217,0.287,15,1377,44,./checkpoints_grid/cfg044_cnn_fashion_mnist_dpsgd_b1_rep15_seed1377.pt
cnn,fashion-mnist,dpsgd,1,1,0.001,2.14582118255645,0.346,16,1378,44,./checkpoints_grid/cfg044_cnn_fashion_mnist_dpsgd_b1_rep16_seed1378.pt
cnn,fashion-mnist,dpsgd,1,1,0.001,2.195087890893221,0.2,17,1379,44,./checkpoints_grid/cfg044_cnn_fashion_mnist_dpsgd_b1_rep17_seed1379.pt
cnn,fashion-mnist,dpsgd,1,1,0.001,2.1342203463986515,0.27,18,1380,44,./checkpoints_grid/cfg044_cnn_fashion_mnist_dpsgd_b1_rep18_seed1380.pt
cnn,fashion-mnist,dpsgd,1,1,0.001,2.140527510330081,0.237,19,1381,44,./checkpoints_grid/cfg044_cnn_fashion_mnist_dpsgd_b1_rep19_seed1381.pt
cnn,fashion-mnist,dpsgd,1,1,0.001,2.1691090430058537,0.344,20,1382,44,./checkpoints_grid/cfg044_cnn_fashion_mnist_dpsgd_b1_rep20_seed1382.pt
cnn,fashion-mnist,dpsgd,1,1,0.001,2.0670934599787,0.357,21,1383,44,./checkpoints_grid/cfg044_cnn_fashion_mnist_dpsgd_b1_rep21_seed1383.pt
cnn,fashion-mnist,dpsgd,1,1,0.001,2.1096776173030958,0.418,22,1384,44,./checkpoints_grid/cfg044_cnn_fashion_mnist_dpsgd_b1_rep22_seed1384.pt
cnn,fashion-mnist,dpsgd,1,1,0.001,2.1989700732827187,0.251,23,1385,44,./checkpoints_grid/cfg044_cnn_fashion_mnist_dpsgd_b1_rep23_seed1385.pt
cnn,fashion-mnist,dpsgd,1,1,0.001,2.140989187084138,0.342,24,1386,44,./checkpoints_grid/cfg044_cnn_fashion_mnist_dpsgd_b1_rep24_seed1386.pt
cnn,fashion-mnist,dpsgd,1,1,0.001,2.0849320125803352,0.358,25,1387,44,./checkpoints_grid/cfg044_cnn_fashion_mnist_dpsgd_b1_rep25_seed1387.pt
cnn,fashion-mnist,dpsgd,1,1,0.001,2.1472221407443284,0.326,26,1388,44,./checkpoints_grid/cfg044_cnn_fashion_mnist_dpsgd_b1_rep26_seed1388.pt
cnn,fashion-mnist,dpsgd,1,1,0.001,2.058689870148897,0.335,27,1389,44,./checkpoints_grid/cfg044_cnn_fashion_mnist_dpsgd_b1_rep27_seed1389.pt
cnn,fashion-mnist,dpsgd,1,1,0.001,2.2127045664973557,0.274,28,1390,44,./checkpoints_grid/cfg044_cnn_fashion_mnist_dpsgd_b1_rep28_seed1390.pt
cnn,fashion-mnist,dpsgd,1,1,0.001,2.1937028879076244,0.27,29,1391,44,./checkpoints_grid/cfg044_cnn_fashion_mnist_dpsgd_b1_rep29_seed1391.pt
cnn,fashion-mnist,dpsgd,32,1,0.001,2.293647005081177,0.202,0,1392,45,./checkpoints_grid/cfg045_cnn_fashion_mnist_dpsgd_b32_rep00_seed1392.pt
cnn,fashion-mnist,dpsgd,32,1,0.001,2.288887310028076,0.229,1,1393,45,./checkpoints_grid/cfg045_cnn_fashion_mnist_dpsgd_b32_rep01_seed1393.pt
cnn,fashion-mnist,dpsgd,32,1,0.001,2.282568130493164,0.163,2,1394,45,./checkpoints_grid/cfg045_cnn_fashion_mnist_dpsgd_b32_rep02_seed1394.pt
cnn,fashion-mnist,dpsgd,32,1,0.001,2.2779101829528807,0.155,3,1395,45,./checkpoints_grid/cfg045_cnn_fashion_mnist_dpsgd_b32_rep03_seed1395.pt
cnn,fashion-mnist,dpsgd,32,1,0.001,2.2904183254241945,0.222,4,1396,45,./checkpoints_grid/cfg045_cnn_fashion_mnist_dpsgd_b32_rep04_seed1396.pt
cnn,fashion-mnist,dpsgd,32,1,0.001,2.3010314960479734,0.157,5,1397,45,./checkpoints_grid/cfg045_cnn_fashion_mnist_dpsgd_b32_rep05_seed1397.pt
cnn,fashion-mnist,dpsgd,32,1,0.001,2.2877709579467775,0.115,6,1398,45,./checkpoints_grid/cfg045_cnn_fashion_mnist_dpsgd_b32_rep06_seed1398.pt
cnn,fashion-mnist,dpsgd,32,1,0.001,2.285577781677246,0.169,7,1399,45,./checkpoints_grid/cfg045_cnn_fashion_mnist_dpsgd_b32_rep07_seed1399.pt
cnn,fashion-mnist,dpsgd,32,1,0.001,2.287415340423584,0.299,8,1400,45,./checkpoints_grid/cfg045_cnn_fashion_mnist_dpsgd_b32_rep08_seed1400.pt
cnn,fashion-mnist,dpsgd,32,1,0.001,2.2721051807403563,0.137,9,1401,45,./checkpoints_grid/cfg045_cnn_fashion_mnist_dpsgd_b32_rep09_seed1401.pt
cnn,fashion-mnist,dpsgd,32,1,0.001,2.2804972133636476,0.095,10,1402,45,./checkpoints_grid/cfg045_cnn_fashion_mnist_dpsgd_b32_rep10_seed1402.pt
cnn,fashion-mnist,dpsgd,32,1,0.001,2.2855368595123293,0.19,11,1403,45,./checkpoints_grid/cfg045_cnn_fashion_mnist_dpsgd_b32_rep11_seed1403.pt
cnn,fashion-mnist,dpsgd,32,1,0.001,2.2840132331848144,0.234,12,1404,45,./checkpoints_grid/cfg045_cnn_fashion_mnist_dpsgd_b32_rep12_seed1404.pt
cnn,fashion-mnist,dpsgd,32,1,0.001,2.276271738052368,0.107,13,1405,45,./checkpoints_grid/cfg045_cnn_fashion_mnist_dpsgd_b32_rep13_seed1405.pt
cnn,fashion-mnist,dpsgd,32,1,0.001,2.2809571952819825,0.145,14,1406,45,./checkpoints_grid/cfg045_cnn_fashion_mnist_dpsgd_b32_rep14_seed1406.pt
cnn,fashion-mnist,dpsgd,32,1,0.001,2.2815534076690676,0.15,15,1407,45,./checkpoints_grid/cfg045_cnn_fashion_mnist_dpsgd_b32_rep15_seed1407.pt
cnn,fashion-mnist,dpsgd,32,1,0.001,2.27583695602417,0.201,16,1408,45,./checkpoints_grid/cfg045_cnn_fashion_mnist_dpsgd_b32_rep16_seed1408.pt
cnn,fashion-mnist,dpsgd,32,1,0.001,2.29034818649292,0.193,17,1409,45,./checkpoints_grid/cfg045_cnn_fashion_mnist_dpsgd_b32_rep17_seed1409.pt
cnn,fashion-mnist,dpsgd,32,1,0.001,2.2837383556365967,0.201,18,1410,45,./checkpoints_grid/cfg045_cnn_fashion_mnist_dpsgd_b32_rep18_seed1410.pt
cnn,fashion-mnist,dpsgd,32,1,0.001,2.2882228183746336,0.194,19,1411,45,./checkpoints_grid/cfg045_cnn_fashion_mnist_dpsgd_b32_rep19_seed1411.pt
cnn,fashion-mnist,dpsgd,32,1,0.001,2.281616329193115,0.197,20,1412,45,./checkpoints_grid/cfg045_cnn_fashion_mnist_dpsgd_b32_rep20_seed1412.pt
cnn,fashion-mnist,dpsgd,32,1,0.001,2.2921010971069338,0.131,21,1413,45,./checkpoints_grid/cfg045_cnn_fashion_mnist_dpsgd_b32_rep21_seed1413.pt
cnn,fashion-mnist,dpsgd,32,1,0.001,2.2821645679473876,0.157,22,1414,45,./checkpoints_grid/cfg045_cnn_fashion_mnist_dpsgd_b32_rep22_seed1414.pt
cnn,fashion-mnist,dpsgd,32,1,0.001,2.285337366104126,0.288,23,1415,45,./checkpoints_grid/cfg045_cnn_fashion_mnist_dpsgd_b32_rep23_seed1415.pt
cnn,fashion-mnist,dpsgd,32,1,0.001,2.293774789810181,0.17,24,1416,45,./checkpoints_grid/cfg045_cnn_fashion_mnist_dpsgd_b32_rep24_seed1416.pt
cnn,fashion-mnist,dpsgd,32,1,0.001,2.280445533752441,0.277,25,1417,45,./checkpoints_grid/cfg045_cnn_fashion_mnist_dpsgd_b32_rep25_seed1417.pt
cnn,fashion-mnist,dpsgd,32,1,0.001,2.283612594604492,0.266,26,1418,45,./checkpoints_grid/cfg045_cnn_fashion_mnist_dpsgd_b32_rep26_seed1418.pt
cnn,fashion-mnist,dpsgd,32,1,0.001,2.286181917190552,0.191,27,1419,45,./checkpoints_grid/cfg045_cnn_fashion_mnist_dpsgd_b32_rep27_seed1419.pt
cnn,fashion-mnist,dpsgd,32,1,0.001,2.2891599254608153,0.15,28,1420,45,./checkpoints_grid/cfg045_cnn_fashion_mnist_dpsgd_b32_rep28_seed1420.pt
cnn,fashion-mnist,dpsgd,32,1,0.001,2.2908357124328615,0.153,29,1421,45,./checkpoints_grid/cfg045_cnn_fashion_mnist_dpsgd_b32_rep29_seed1421.pt
cnn,fashion-mnist,randomk,1,1,0.001,0.7221679639122618,0.801,0,1422,46,./checkpoints_grid/cfg046_cnn_fashion_mnist_randomk_b1_rep00_seed1422.pt
cnn,fashion-mnist,randomk,1,1,0.001,0.7444004712371424,0.803,1,1423,46,./checkpoints_grid/cfg046_cnn_fashion_mnist_randomk_b1_rep01_seed1423.pt
cnn,fashion-mnist,randomk,1,1,0.001,0.7500800355879348,0.787,2,1424,46,./checkpoints_grid/cfg046_cnn_fashion_mnist_randomk_b1_rep02_seed1424.pt
cnn,fashion-mnist,randomk,1,1,0.001,0.7365223743268164,0.806,3,1425,46,./checkpoints_grid/cfg046_cnn_fashion_mnist_randomk_b1_rep03_seed1425.pt
cnn,fashion-mnist,randomk,1,1,0.001,0.7233563087739101,0.823,4,1426,46,./checkpoints_grid/cfg046_cnn_fashion_mnist_randomk_b1_rep04_seed1426.pt
cnn,fashion-mnist,randomk,1,1,0.001,0.7330941708295102,0.797,5,1427,46,./checkpoints_grid/cfg046_cnn_fashion_mnist_randomk_b1_rep05_seed1427.pt
cnn,fashion-mnist,randomk,1,1,0.001,0.7461831634507574,0.782,6,1428,46,./checkpoints_grid/cfg046_cnn_fashion_mnist_randomk_b1_rep06_seed1428.pt
cnn,fashion-mnist,randomk,1,1,0.001,0.7351990991029476,0.732,7,1429,46,./checkpoints_grid/cfg046_cnn_fashion_mnist_randomk_b1_rep07_seed1429.pt
cnn,fashion-mnist,randomk,1,1,0.001,0.736811340686173,0.827,8,1430,46,./checkpoints_grid/cfg046_cnn_fashion_mnist_randomk_b1_rep08_seed1430.pt
cnn,fashion-mnist,randomk,1,1,0.001,0.7512379987941614,0.796,9,1431,46,./checkpoints_grid/cfg046_cnn_fashion_mnist_randomk_b1_rep09_seed1431.pt
cnn,fashion-mnist,randomk,1,1,0.001,0.7471634780629381,0.818,10,1432,46,./checkpoints_grid/cfg046_cnn_fashion_mnist_randomk_b1_rep10_seed1432.pt
cnn,fashion-mnist,randomk,1,1,0.001,0.7431409779257082,0.776,11,1433,46,./checkpoints_grid/cfg046_cnn_fashion_mnist_randomk_b1_rep11_seed1433.pt
cnn,fashion-mnist,randomk,1,1,0.001,0.7272082427021551,0.718,12,1434,46,./checkpoints_grid/cfg046_cnn_fashion_mnist_randomk_b1_rep12_seed1434.pt
cnn,fashion-mnist,randomk,1,1,0.001,0.7334063462488123,0.79,13,1435,46,./checkpoints_grid/cfg046_cnn_fashion_mnist_randomk_b1_rep13_seed1435.pt
cnn,fashion-mnist,randomk,1,1,0.001,0.7463216021866829,0.785,14,1436,46,./checkpoints_grid/cfg046_cnn_fashion_mnist_randomk_b1_rep14_seed1436.pt
cnn,fashion-mnist,randomk,1,1,0.001,0.7315090113500123,0.801,15,1437,46,./checkpoints_grid/cfg046_cnn_fashion_mnist_randomk_b1_rep15_seed1437.pt
cnn,fashion-mnist,randomk,1,1,0.001,0.7493438427136054,0.772,16,1438,46,./checkpoints_grid/cfg046_cnn_fashion_mnist_randomk_b1_rep16_seed1438.pt
cnn,fashion-mnist,randomk,1,1,0.001,0.7469892488808832,0.808,17,1439,46,./checkpoints_grid/cfg046_cnn_fashion_mnist_randomk_b1_rep17_seed1439.pt
cnn,fashion-mnist,randomk,1,1,0.001,0.7374721801062541,0.794,18,1440,46,./checkpoints_grid/cfg046_cnn_fashion_mnist_randomk_b1_rep18_seed1440.pt
cnn,fashion-mnist,randomk,1,1,0.001,0.7396412327301328,0.791,19,1441,46,./checkpoints_grid/cfg046_cnn_fashion_mnist_randomk_b1_rep19_seed1441.pt
cnn,fashion-mnist,randomk,1,1,0.001,0.7305613722646115,0.766,20,1442,46,./checkpoints_grid/cfg046_cnn_fashion_mnist_randomk_b1_rep20_seed1442.pt
cnn,fashion-mnist,randomk,1,1,0.001,0.7262522450428954,0.802,21,1443,46,./checkpoints_grid/cfg046_cnn_fashion_mnist_randomk_b1_rep21_seed1443.pt
cnn,fashion-mnist,randomk,1,1,0.001,0.736295742194686,0.764,22,1444,46,./checkpoints_grid/cfg046_cnn_fashion_mnist_randomk_b1_rep22_seed1444.pt
cnn,fashion-mnist,randomk,1,1,0.001,0.7250917217610829,0.765,23,1445,46,./checkpoints_grid/cfg046_cnn_fashion_mnist_randomk_b1_rep23_seed1445.pt
cnn,fashion-mnist,randomk,1,1,0.001,0.7480774578299795,0.805,24,1446,46,./checkpoints_grid/cfg046_cnn_fashion_mnist_randomk_b1_rep24_seed1446.pt
cnn,fashion-mnist,randomk,1,1,0.001,0.759838120291208,0.793,25,1447,46,./checkpoints_grid/cfg046_cnn_fashion_mnist_randomk_b1_rep25_seed1447.pt
cnn,fashion-mnist,randomk,1,1,0.001,0.7386577054322325,0.781,26,1448,46,./checkpoints_grid/cfg046_cnn_fashion_mnist_randomk_b1_rep26_seed1448.pt
cnn,fashion-mnist,randomk,1,1,0.001,0.7551143084527336,0.798,27,1449,46,./checkpoints_grid/cfg046_cnn_fashion_mnist_randomk_b1_rep27_seed1449.pt
cnn,fashion-mnist,randomk,1,1,0.001,0.739392655894777,0.815,28,1450,46,./checkpoints_grid/cfg046_cnn_fashion_mnist_randomk_b1_rep28_seed1450.pt
cnn,fashion-mnist,randomk,1,1,0.001,0.7514980371524275,0.789,29,1451,46,./checkpoints_grid/cfg046_cnn_fashion_mnist_randomk_b1_rep29_seed1451.pt
cnn,fashion-mnist,randomk,32,1,0.001,1.0003395595550537,0.751,0,1452,47,./checkpoints_grid/cfg047_cnn_fashion_mnist_randomk_b32_rep00_seed1452.pt
cnn,fashion-mnist,randomk,32,1,0.001,1.0116761145591735,0.723,1,1453,47,./checkpoints_grid/cfg047_cnn_fashion_mnist_randomk_b32_rep01_seed1453.pt
cnn,fashion-mnist,randomk,32,1,0.001,1.018905259370804,0.746,2,1454,47,./checkpoints_grid/cfg047_cnn_fashion_mnist_randomk_b32_rep02_seed1454.pt
cnn,fashion-mnist,randomk,32,1,0.001,0.9894602410793304,0.762,3,1455,47,./checkpoints_grid/cfg047_cnn_fashion_mnist_randomk_b32_rep03_seed1455.pt
cnn,fashion-mnist,randomk,32,1,0.001,0.9713258626461029,0.775,4,1456,47,./checkpoints_grid/cfg047_cnn_fashion_mnist_randomk_b32_rep04_seed1456.pt
cnn,fashion-mnist,randomk,32,1,0.001,0.9769320011138916,0.758,5,1457,47,./checkpoints_grid/cfg047_cnn_fashion_mnist_randomk_b32_rep05_seed1457.pt
cnn,fashion-mnist,randomk,32,1,0.001,0.9770969741344452,0.753,6,1458,47,./checkpoints_grid/cfg047_cnn_fashion_mnist_randomk_b32_rep06_seed1458.pt
cnn,fashion-mnist,randomk,32,1,0.001,1.0043125567436217,0.75,7,1459,47,./checkpoints_grid/cfg047_cnn_fashion_mnist_randomk_b32_rep07_seed1459.pt
cnn,fashion-mnist,randomk,32,1,0.001,0.9907528743743896,0.737,8,1460,47,./checkpoints_grid/cfg047_cnn_fashion_mnist_randomk_b32_rep08_seed1460.pt
cnn,fashion-mnist,randomk,32,1,0.001,0.9501744663715362,0.767,9,1461,47,./checkpoints_grid/cfg047_cnn_fashion_mnist_randomk_b32_rep09_seed1461.pt
cnn,fashion-mnist,randomk,32,1,0.001,0.9846687612533569,0.753,10,1462,47,./checkpoints_grid/cfg047_cnn_fashion_mnist_randomk_b32_rep10_seed1462.pt
cnn,fashion-mnist,randomk,32,1,0.001,0.9759576916694641,0.753,11,1463,47,./checkpoints_grid/cfg047_cnn_fashion_mnist_randomk_b32_rep11_seed1463.pt
cnn,fashion-mnist,randomk,32,1,0.001,0.9949140799045563,0.769,12,1464,47,./checkpoints_grid/cfg047_cnn_fashion_mnist_randomk_b32_rep12_seed1464.pt
cnn,fashion-mnist,randomk,32,1,0.001,0.9830728623867034,0.783,13,1465,47,./checkpoints_grid/cfg047_cnn_fashion_mnist_randomk_b32_rep13_seed1465.pt
cnn,fashion-mnist,randomk,32,1,0.001,0.9913346440792083,0.768,14,1466,47,./checkpoints_grid/cfg047_cnn_fashion_mnist_randomk_b32_rep14_seed1466.pt
cnn,fashion-mnist,randomk,32,1,0.001,0.9646188988685608,0.766,15,1467,47,./checkpoints_grid/cfg047_cnn_fashion_mnist_randomk_b32_rep15_seed1467.pt
cnn,fashion-mnist,randomk,32,1,0.001,0.9633675770759582,0.774,16,1468,47,./checkpoints_grid/cfg047_cnn_fashion_mnist_randomk_b32_rep16_seed1468.pt
cnn,fashion-mnist,randomk,32,1,0.001,0.9950904655456543,0.767,17,1469,47,./checkpoints_grid/cfg047_cnn_fashion_mnist_randomk_b32_rep17_seed1469.pt
cnn,fashion-mnist,randomk,32,1,0.001,0.9860350415706635,0.756,18,1470,47,./checkpoints_grid/cfg047_cnn_fashion_mnist_randomk_b32_rep18_seed1470.pt
cnn,fashion-mnist,randomk,32,1,0.001,0.9425146312713623,0.726,19,1471,47,./checkpoints_grid/cfg047_cnn_fashion_mnist_randomk_b32_rep19_seed1471.pt
cnn,fashion-mnist,randomk,32,1,0.001,0.9924928593635559,0.744,20,1472,47,./checkpoints_grid/cfg047_cnn_fashion_mnist_randomk_b32_rep20_seed1472.pt
cnn,fashion-mnist,randomk,32,1,0.001,0.9782565925121307,0.781,21,1473,47,./checkpoints_grid/cfg047_cnn_fashion_mnist_randomk_b32_rep21_seed1473.pt
cnn,fashion-mnist,randomk,32,1,0.001,0.9561897232532501,0.786,22,1474,47,./checkpoints_grid/cfg047_cnn_fashion_mnist_randomk_b32_rep22_seed1474.pt
cnn,fashion-mnist,randomk,32,1,0.001,1.009354811191559,0.703,23,1475,47,./checkpoints_grid/cfg047_cnn_fashion_mnist_randomk_b32_rep23_seed1475.pt
cnn,fashion-mnist,randomk,32,1,0.001,1.0114498963356018,0.711,24,1476,47,./checkpoints_grid/cfg047_cnn_fashion_mnist_randomk_b32_rep24_seed1476.pt
cnn,fashion-mnist,randomk,32,1,0.001,1.0128033723831176,0.762,25,1477,47,./checkpoints_grid/cfg047_cnn_fashion_mnist_randomk_b32_rep25_seed1477.pt
cnn,fashion-mnist,randomk,32,1,0.001,1.0004156572818756,0.749,26,1478,47,./checkpoints_grid/cfg047_cnn_fashion_mnist_randomk_b32_rep26_seed1478.pt
cnn,fashion-mnist,randomk,32,1,0.001,0.9742135488986969,0.785,27,1479,47,./checkpoints_grid/cfg047_cnn_fashion_mnist_randomk_b32_rep27_seed1479.pt
cnn,fashion-mnist,randomk,32,1,0.001,0.9938812577724456,0.765,28,1480,47,./checkpoints_grid/cfg047_cnn_fashion_mnist_randomk_b32_rep28_seed1480.pt
cnn,fashion-mnist,randomk,32,1,0.001,1.0092635266780854,0.754,29,1481,47,./checkpoints_grid/cfg047_cnn_fashion_mnist_randomk_b32_rep29_seed1481.pt
cnn,fashion-mnist,qsgd,1,1,0.001,0.7769098865065156,0.799,0,1482,48,./checkpoints_grid/cfg048_cnn_fashion_mnist_qsgd_b1_rep00_seed1482.pt
cnn,fashion-mnist,qsgd,1,1,0.001,0.7869117519773728,0.784,1,1483,48,./checkpoints_grid/cfg048_cnn_fashion_mnist_qsgd_b1_rep01_seed1483.pt
cnn,fashion-mnist,qsgd,1,1,0.001,0.7798202542177662,0.784,2,1484,48,./checkpoints_grid/cfg048_cnn_fashion_mnist_qsgd_b1_rep02_seed1484.pt
cnn,fashion-mnist,qsgd,1,1,0.001,0.7652201136909693,0.817,3,1485,48,./checkpoints_grid/cfg048_cnn_fashion_mnist_qsgd_b1_rep03_seed1485.pt
cnn,fashion-mnist,qsgd,1,1,0.001,0.7764793492804037,0.8,4,1486,48,./checkpoints_grid/cfg048_cnn_fashion_mnist_qsgd_b1_rep04_seed1486.pt
cnn,fashion-mnist,qsgd,1,1,0.001,0.7626405715670972,0.802,5,1487,48,./checkpoints_grid/cfg048_cnn_fashion_mnist_qsgd_b1_rep05_seed1487.pt
cnn,fashion-mnist,qsgd,1,1,0.001,0.7840859477541126,0.76,6,1488,48,./checkpoints_grid/cfg048_cnn_fashion_mnist_qsgd_b1_rep06_seed1488.pt
cnn,fashion-mnist,qsgd,1,1,0.001,0.7726124118937889,0.8,7,1489,48,./checkpoints_grid/cfg048_cnn_fashion_mnist_qsgd_b1_rep07_seed1489.pt
cnn,fashion-mnist,qsgd,1,1,0.001,0.7872972853571141,0.791,8,1490,48,./checkpoints_grid/cfg048_cnn_fashion_mnist_qsgd_b1_rep08_seed1490.pt
cnn,fashion-mnist,qsgd,1,1,0.001,0.7873410069354628,0.76,9,1491,48,./checkpoints_grid/cfg048_cnn_fashion_mnist_qsgd_b1_rep09_seed1491.pt
cnn,fashion-mnist,qsgd,1,1,0.001,0.7737052519696075,0.795,10,1492,48,./checkpoints_grid/cfg048_cnn_fashion_mnist_qsgd_b1_rep10_seed1492.pt
cnn,fashion-mnist,qsgd,1,1,0.001,0.7768262739667726,0.797,11,1493,48,./checkpoints_grid/cfg048_cnn_fashion_mnist_qsgd_b1_rep11_seed1493.pt
cnn,fashion-mnist,qsgd,1,1,0.001,0.7952721312302422,0.767,12,1494,48,./checkpoints_grid/cfg048_cnn_fashion_mnist_qsgd_b1_rep12_seed1494.pt
cnn,fashion-mnist,qsgd,1,1,0.001,0.813860469613223,0.776,13,1495,48,./checkpoints_grid/cfg048_cnn_fashion_mnist_qsgd_b1_rep13_seed1495.pt
cnn,fashion-mnist,qsgd,1,1,0.001,0.7759292829396891,0.794,14,1496,48,./checkpoints_grid/cfg048_cnn_fashion_mnist_qsgd_b1_rep14_seed1496.pt
cnn,fashion-mnist,qsgd,1,1,0.001,0.7825753875399998,0.793,15,1497,48,./checkpoints_grid/cfg048_cnn_fashion_mnist_qsgd_b1_rep15_seed1497.pt
cnn,fashion-mnist,qsgd,1,1,0.001,0.7505152767686023,0.807,16,1498,48,./checkpoints_grid/cfg048_cnn_fashion_mnist_qsgd_b1_rep16_seed1498.pt
cnn,fashion-mnist,qsgd,1,1,0.001,0.7589227450940129,0.788,17,1499,48,./checkpoints_grid/cfg048_cnn_fashion_mnist_qsgd_b1_rep17_seed1499.pt
cnn,fashion-mnist,qsgd,1,1,0.001,0.771965690165287,0.789,18,1500,48,./checkpoints_grid/cfg048_cnn_fashion_mnist_qsgd_b1_rep18_seed1500.pt
cnn,fashion-mnist,qsgd,1,1,0.001,0.8066462510873819,0.784,19,1501,48,./checkpoints_grid/cfg048_cnn_fashion_mnist_qsgd_b1_rep19_seed1501.pt
cnn,fashion-mnist,qsgd,1,1,0.001,0.7771064297239939,0.783,20,1502,48,./checkpoints_grid/cfg048_cnn_fashion_mnist_qsgd_b1_rep20_seed1502.pt
cnn,fashion-mnist,qsgd,1,1,0.001,0.7736113301189567,0.787,21,1503,48,./checkpoints_grid/cfg048_cnn_fashion_mnist_qsgd_b1_rep21_seed1503.pt
cnn,fashion-mnist,qsgd,1,1,0.001,0.7686675070449579,0.781,22,1504,48,./checkpoints_grid/cfg048_cnn_fashion_mnist_qsgd_b1_rep22_seed1504.pt
cnn,fashion-mnist,qsgd,1,1,0.001,0.7675498929830535,0.792,23,1505,48,./checkpoints_grid/cfg048_cnn_fashion_mnist_qsgd_b1_rep23_seed1505.pt
cnn,fashion-mnist,qsgd,1,1,0.001,0.7887208895528702,0.749,24,1506,48,./checkpoints_grid/cfg048_cnn_fashion_mnist_qsgd_b1_rep24_seed1506.pt
cnn,fashion-mnist,qsgd,1,1,0.001,0.7781334306621859,0.769,25,1507,48,./checkpoints_grid/cfg048_cnn_fashion_mnist_qsgd_b1_rep25_seed1507.pt
cnn,fashion-mnist,qsgd,1,1,0.001,0.7774608301747583,0.773,26,1508,48,./checkpoints_grid/cfg048_cnn_fashion_mnist_qsgd_b1_rep26_seed1508.pt
cnn,fashion-mnist,qsgd,1,1,0.001,0.7829296395148031,0.8,27,1509,48,./checkpoints_grid/cfg048_cnn_fashion_mnist_qsgd_b1_rep27_seed1509.pt
cnn,fashion-mnist,qsgd,1,1,0.001,0.7757937154527674,0.797,28,1510,48,./checkpoints_grid/cfg048_cnn_fashion_mnist_qsgd_b1_rep28_seed1510.pt
cnn,fashion-mnist,qsgd,1,1,0.001,0.7887753595892127,0.796,29,1511,48,./checkpoints_grid/cfg048_cnn_fashion_mnist_qsgd_b1_rep29_seed1511.pt
cnn,fashion-mnist,qsgd,32,1,0.001,1.2284660294055938,0.658,0,1512,49,./checkpoints_grid/cfg049_cnn_fashion_mnist_qsgd_b32_rep00_seed1512.pt
cnn,fashion-mnist,qsgd,32,1,0.001,1.2736503348350525,0.703,1,1513,49,./checkpoints_grid/cfg049_cnn_fashion_mnist_qsgd_b32_rep01_seed1513.pt
cnn,fashion-mnist,qsgd,32,1,0.001,1.2656828150749206,0.686,2,1514,49,./checkpoints_grid/cfg049_cnn_fashion_mnist_qsgd_b32_rep02_seed1514.pt
cnn,fashion-mnist,qsgd,32,1,0.001,1.2348538448810578,0.711,3,1515,49,./checkpoints_grid/cfg049_cnn_fashion_mnist_qsgd_b32_rep03_seed1515.pt
cnn,fashion-mnist,qsgd,32,1,0.001,1.241921031475067,0.72,4,1516,49,./checkpoints_grid/cfg049_cnn_fashion_mnist_qsgd_b32_rep04_seed1516.pt
cnn,fashion-mnist,qsgd,32,1,0.001,1.2294968111515046,0.733,5,1517,49,./checkpoints_grid/cfg049_cnn_fashion_mnist_qsgd_b32_rep05_seed1517.pt
cnn,fashion-mnist,qsgd,32,1,0.001,1.2538335971832275,0.702,6,1518,49,./checkpoints_grid/cfg049_cnn_fashion_mnist_qsgd_b32_rep06_seed1518.pt
cnn,fashion-mnist,qsgd,32,1,0.001,1.2897887439727784,0.738,7,1519,49,./checkpoints_grid/cfg049_cnn_fashion_mnist_qsgd_b32_rep07_seed1519.pt
cnn,fashion-mnist,qsgd,32,1,0.001,1.2682849235534668,0.703,8,1520,49,./checkpoints_grid/cfg049_cnn_fashion_mnist_qsgd_b32_rep08_seed1520.pt
cnn,fashion-mnist,qsgd,32,1,0.001,1.2673453307151794,0.662,9,1521,49,./checkpoints_grid/cfg049_cnn_fashion_mnist_qsgd_b32_rep09_seed1521.pt
cnn,fashion-mnist,qsgd,32,1,0.001,1.256869336605072,0.726,10,1522,49,./checkpoints_grid/cfg049_cnn_fashion_mnist_qsgd_b32_rep10_seed1522.pt
cnn,fashion-mnist,qsgd,32,1,0.001,1.2090596795082091,0.698,11,1523,49,./checkpoints_grid/cfg049_cnn_fashion_mnist_qsgd_b32_rep11_seed1523.pt
cnn,fashion-mnist,qsgd,32,1,0.001,1.2316374526023866,0.715,12,1524,49,./checkpoints_grid/cfg049_cnn_fashion_mnist_qsgd_b32_rep12_seed1524.pt
cnn,fashion-mnist,qsgd,32,1,0.001,1.2499064710140229,0.73,13,1525,49,./checkpoints_grid/cfg049_cnn_fashion_mnist_qsgd_b32_rep13_seed1525.pt
cnn,fashion-mnist,qsgd,32,1,0.001,1.267981789112091,0.732,14,1526,49,./checkpoints_grid/cfg049_cnn_fashion_mnist_qsgd_b32_rep14_seed1526.pt
cnn,fashion-mnist,qsgd,32,1,0.001,1.257199285030365,0.716,15,1527,49,./checkpoints_grid/cfg049_cnn_fashion_mnist_qsgd_b32_rep15_seed1527.pt
cnn,fashion-mnist,qsgd,32,1,0.001,1.2472758972644806,0.73,16,1528,49,./checkpoints_grid/cfg049_cnn_fashion_mnist_qsgd_b32_rep16_seed1528.pt
cnn,fashion-mnist,qsgd,32,1,0.001,1.25582208943367,0.72,17,1529,49,./checkpoints_grid/cfg049_cnn_fashion_mnist_qsgd_b32_rep17_seed1529.pt
cnn,fashion-mnist,qsgd,32,1,0.001,1.203755119085312,0.723,18,1530,49,./checkpoints_grid/cfg049_cnn_fashion_mnist_qsgd_b32_rep18_seed1530.pt
cnn,fashion-mnist,qsgd,32,1,0.001,1.2381381525993347,0.706,19,1531,49,./checkpoints_grid/cfg049_cnn_fashion_mnist_qsgd_b32_rep19_seed1531.pt
cnn,fashion-mnist,qsgd,32,1,0.001,1.2218093194961548,0.735,20,1532,49,./checkpoints_grid/cfg049_cnn_fashion_mnist_qsgd_b32_rep20_seed1532.pt
cnn,fashion-mnist,qsgd,32,1,0.001,1.277881801843643,0.726,21,1533,49,./checkpoints_grid/cfg049_cnn_fashion_mnist_qsgd_b32_rep21_seed1533.pt
cnn,fashion-mnist,qsgd,32,1,0.001,1.2979911093711853,0.727,22,1534,49,./checkpoints_grid/cfg049_cnn_fashion_mnist_qsgd_b32_rep22_seed1534.pt
cnn,fashion-mnist,qsgd,32,1,0.001,1.2417247824668884,0.726,23,1535,49,./checkpoints_grid/cfg049_cnn_fashion_mnist_qsgd_b32_rep23_seed1535.pt
cnn,fashion-mnist,qsgd,32,1,0.001,1.2599301915168761,0.662,24,1536,49,./checkpoints_grid/cfg049_cnn_fashion_mnist_qsgd_b32_rep24_seed1536.pt
cnn,fashion-mnist,qsgd,32,1,0.001,1.2674725580215453,0.678,25,1537,49,./checkpoints_grid/cfg049_cnn_fashion_mnist_qsgd_b32_rep25_seed1537.pt
cnn,fashion-mnist,qsgd,32,1,0.001,1.260590317964554,0.732,26,1538,49,./checkpoints_grid/cfg049_cnn_fashion_mnist_qsgd_b32_rep26_seed1538.pt
cnn,fashion-mnist,qsgd,32,1,0.001,1.2162493920326234,0.733,27,1539,49,./checkpoints_grid/cfg049_cnn_fashion_mnist_qsgd_b32_rep27_seed1539.pt
cnn,fashion-mnist,qsgd,32,1,0.001,1.2714149270057677,0.697,28,1540,49,./checkpoints_grid/cfg049_cnn_fashion_mnist_qsgd_b32_rep28_seed1540.pt
cnn,fashion-mnist,qsgd,32,1,0.001,1.2602814071178436,0.662,29,1541,49,./checkpoints_grid/cfg049_cnn_fashion_mnist_qsgd_b32_rep29_seed1541.pt
cnn,cifar10,none,1,1,0.001,1.8883023272768478,0.394,0,1542,50,./checkpoints_grid/cfg050_cnn_cifar10_none_b1_rep00_seed1542.pt
cnn,cifar10,none,1,1,0.001,1.9300304025099613,0.388,1,1543,50,./checkpoints_grid/cfg050_cnn_cifar10_none_b1_rep01_seed1543.pt
cnn,cifar10,none,1,1,0.001,1.9122615234563127,0.387,2,1544,50,./checkpoints_grid/cfg050_cnn_cifar10_none_b1_rep02_seed1544.pt
cnn,cifar10,none,1,1,0.001,1.8936586921977578,0.373,3,1545,50,./checkpoints_grid/cfg050_cnn_cifar10_none_b1_rep03_seed1545.pt
cnn,cifar10,none,1,1,0.001,1.910908816148294,0.386,4,1546,50,./checkpoints_grid/cfg050_cnn_cifar10_none_b1_rep04_seed1546.pt
cnn,cifar10,none,1,1,0.001,1.9143142191171647,0.385,5,1547,50,./checkpoints_grid/cfg050_cnn_cifar10_none_b1_rep05_seed1547.pt
cnn,cifar10,none,1,1,0.001,1.968267852887977,0.342,6,1548,50,./checkpoints_grid/cfg050_cnn_cifar10_none_b1_rep06_seed1548.pt
cnn,cifar10,none,1,1,0.001,1.959569479689002,0.393,7,1549,50,./checkpoints_grid/cfg050_cnn_cifar10_none_b1_rep07_seed1549.pt
cnn,cifar10,none,1,1,0.001,1.8573172930255533,0.401,8,1550,50,./checkpoints_grid/cfg050_cnn_cifar10_none_b1_rep08_seed1550.pt
cnn,cifar10,none,1,1,0.001,1.99070352427545,0.396,9,1551,50,./checkpoints_grid/cfg050_cnn_cifar10_none_b1_rep09_seed1551.pt
cnn,cifar10,none,1,1,0.001,1.9015676543661393,0.39,10,1552,50,./checkpoints_grid/cfg050_cnn_cifar10_none_b1_rep10_seed1552.pt
cnn,cifar10,none,1,1,0.001,1.9146782513381913,0.388,11,1553,50,./checkpoints_grid/cfg050_cnn_cifar10_none_b1_rep11_seed1553.pt
cnn,cifar10,none,1,1,0.001,1.887864927675575,0.369,12,1554,50,./checkpoints_grid/cfg050_cnn_cifar10_none_b1_rep12_seed1554.pt
cnn,cifar10,none,1,1,0.001,1.8573840961692414,0.423,13,1555,50,./checkpoints_grid/cfg050_cnn_cifar10_none_b1_rep13_seed1555.pt
cnn,cifar10,none,1,1,0.001,1.88796915996389,0.387,14,1556,50,./checkpoints_grid/cfg050_cnn_cifar10_none_b1_rep14_seed1556.pt
cnn,cifar10,none,1,1,0.001,1.9200158290150575,0.376,15,1557,50,./checkpoints_grid/cfg050_cnn_cifar10_none_b1_rep15_seed1557.pt
cnn,cifar10,none,1,1,0.001,1.8610523348712595,0.313,16,1558,50,./checkpoints_grid/cfg050_cnn_cifar10_none_b1_rep16_seed1558.pt
cnn,cifar10,none,1,1,0.001,1.8883488373156287,0.4,17,1559,50,./checkpoints_grid/cfg050_cnn_cifar10_none_b1_rep17_seed1559.pt
cnn,cifar10,none,1,1,0.001,1.9371637095310725,0.392,18,1560,50,./checkpoints_grid/cfg050_cnn_cifar10_none_b1_rep18_seed1560.pt
cnn,cifar10,none,1,1,0.001,1.8562541722145398,0.356,19,1561,50,./checkpoints_grid/cfg050_cnn_cifar10_none_b1_rep19_seed1561.pt
cnn,cifar10,none,1,1,0.001,1.9222027506050654,0.387,20,1562,50,./checkpoints_grid/cfg050_cnn_cifar10_none_b1_rep20_seed1562.pt
cnn,cifar10,none,1,1,0.001,1.9957536052657525,0.321,21,1563,50,./checkpoints_grid/cfg050_cnn_cifar10_none_b1_rep21_seed1563.pt
cnn,cifar10,none,1,1,0.001,1.8785372264827602,0.453,22,1564,50,./checkpoints_grid/cfg050_cnn_cifar10_none_b1_rep22_seed1564.pt
cnn,cifar10,none,1,1,0.001,1.9464130180072972,0.358,23,1565,50,./checkpoints_grid/cfg050_cnn_cifar10_none_b1_rep23_seed1565.pt
cnn,cifar10,none,1,1,0.001,1.8879482911087107,0.361,24,1566,50,./checkpoints_grid/cfg050_cnn_cifar10_none_b1_rep24_seed1566.pt
cnn,cifar10,none,1,1,0.001,1.9201663716924378,0.384,25,1567,50,./checkpoints_grid/cfg050_cnn_cifar10_none_b1_rep25_seed1567.pt
cnn,cifar10,none,1,1,0.001,2.0110937475511745,0.339,26,1568,50,./checkpoints_grid/cfg050_cnn_cifar10_none_b1_rep26_seed1568.pt
cnn,cifar10,none,1,1,0.001,1.912981874242425,0.405,27,1569,50,./checkpoints_grid/cfg050_cnn_cifar10_none_b1_rep27_seed1569.pt
cnn,cifar10,none,1,1,0.001,1.921339315727353,0.362,28,1570,50,./checkpoints_grid/cfg050_cnn_cifar10_none_b1_rep28_seed1570.pt
cnn,cifar10,none,1,1,0.001,1.8784363181027584,0.422,29,1571,50,./checkpoints_grid/cfg050_cnn_cifar10_none_b1_rep29_seed1571.pt
cnn,cifar10,none,32,1,0.001,1.8062659578323363,0.414,0,1572,51,./checkpoints_grid/cfg051_cnn_cifar10_none_b32_rep00_seed1572.pt
cnn,cifar10,none,32,1,0.001,1.8843727130889893,0.402,1,1573,51,./checkpoints_grid/cfg051_cnn_cifar10_none_b32_rep01_seed1573.pt
cnn,cifar10,none,32,1,0.001,1.8624467554092408,0.378,2,1574,51,./checkpoints_grid/cfg051_cnn_cifar10_none_b32_rep02_seed1574.pt
cnn,cifar10,none,32,1,0.001,1.855080068588257,0.429,3,1575,51,./checkpoints_grid/cfg051_cnn_cifar10_none_b32_rep03_seed1575.pt
cnn,cifar10,none,32,1,0.001,1.8298037490844727,0.437,4,1576,51,./checkpoints_grid/cfg051_cnn_cifar10_none_b32_rep04_seed1576.pt
cnn,cifar10,none,32,1,0.001,1.7859828052520752,0.459,5,1577,51,./checkpoints_grid/cfg051_cnn_cifar10_none_b32_rep05_seed1577.pt
cnn,cifar10,none,32,1,0.001,1.8873454856872558,0.411,6,1578,51,./checkpoints_grid/cfg051_cnn_cifar10_none_b32_rep06_seed1578.pt
cnn,cifar10,none,32,1,0.001,1.8239595432281495,0.419,7,1579,51,./checkpoints_grid/cfg051_cnn_cifar10_none_b32_rep07_seed1579.pt
cnn,cifar10,none,32,1,0.001,1.8003838691711427,0.434,8,1580,51,./checkpoints_grid/cfg051_cnn_cifar10_none_b32_rep08_seed1580.pt
cnn,cifar10,none,32,1,0.001,1.856533829689026,0.433,9,1581,51,./checkpoints_grid/cfg051_cnn_cifar10_none_b32_rep09_seed1581.pt
cnn,cifar10,none,32,1,0.001,1.8210833749771118,0.421,10,1582,51,./checkpoints_grid/cfg051_cnn_cifar10_none_b32_rep10_seed1582.pt
cnn,cifar10,none,32,1,0.001,1.8350955085754395,0.446,11,1583,51,./checkpoints_grid/cfg051_cnn_cifar10_none_b32_rep11_seed1583.pt
cnn,cifar10,none,32,1,0.001,1.9243861780166627,0.419,12,1584,51,./checkpoints_grid/cfg051_cnn_cifar10_none_b32_rep12_seed1584.pt
cnn,cifar10,none,32,1,0.001,1.8576410312652587,0.444,13,1585,51,./checkpoints_grid/cfg051_cnn_cifar10_none_b32_rep13_seed1585.pt
cnn,cifar10,none,32,1,0.001,1.8286083869934082,0.442,14,1586,51,./checkpoints_grid/cfg051_cnn_cifar10_none_b32_rep14_seed1586.pt
cnn,cifar10,none,32,1,0.001,1.8425266914367675,0.436,15,1587,51,./checkpoints_grid/cfg051_cnn_cifar10_none_b32_rep15_seed1587.pt
cnn,cifar10,none,32,1,0.001,1.8497478322982788,0.443,16,1588,51,./checkpoints_grid/cfg051_cnn_cifar10_none_b32_rep16_seed1588.pt
cnn,cifar10,none,32,1,0.001,1.8500543365478515,0.416,17,1589,51,./checkpoints_grid/cfg051_cnn_cifar10_none_b32_rep17_seed1589.pt
cnn,cifar10,none,32,1,0.001,1.8267938604354859,0.416,18,1590,51,./checkpoints_grid/cfg051_cnn_cifar10_none_b32_rep18_seed1590.pt
cnn,cifar10,none,32,1,0.001,1.84983780002594,0.416,19,1591,51,./checkpoints_grid/cfg051_cnn_cifar10_none_b32_rep19_seed1591.pt
cnn,cifar10,none,32,1,0.001,1.836324369430542,0.442,20,1592,51,./checkpoints_grid/cfg051_cnn_cifar10_none_b32_rep20_seed1592.pt
cnn,cifar10,none,32,1,0.001,1.8370935649871827,0.445,21,1593,51,./checkpoints_grid/cfg051_cnn_cifar10_none_b32_rep21_seed1593.pt
cnn,cifar10,none,32,1,0.001,1.8486742305755615,0.429,22,1594,51,./checkpoints_grid/cfg051_cnn_cifar10_none_b32_rep22_seed1594.pt
cnn,cifar10,none,32,1,0.001,1.833679817199707,0.442,23,1595,51,./checkpoints_grid/cfg051_cnn_cifar10_none_b32_rep23_seed1595.pt
cnn,cifar10,none,32,1,0.001,1.825426474571228,0.452,24,1596,51,./checkpoints_grid/cfg051_cnn_cifar10_none_b32_rep24_seed1596.pt
cnn,cifar10,none,32,1,0.001,1.812348123550415,0.404,25,1597,51,./checkpoints_grid/cfg051_cnn_cifar10_none_b32_rep25_seed1597.pt
cnn,cifar10,none,32,1,0.001,1.8695407791137695,0.431,26,1598,51,./checkpoints_grid/cfg051_cnn_cifar10_none_b32_rep26_seed1598.pt
cnn,cifar10,none,32,1,0.001,1.8247263498306274,0.438,27,1599,51,./checkpoints_grid/cfg051_cnn_cifar10_none_b32_rep27_seed1599.pt
cnn,cifar10,none,32,1,0.001,1.814918423652649,0.352,28,1600,51,./checkpoints_grid/cfg051_cnn_cifar10_none_b32_rep28_seed1600.pt
cnn,cifar10,none,32,1,0.001,1.8215620222091675,0.437,29,1601,51,./checkpoints_grid/cfg051_cnn_cifar10_none_b32_rep29_seed1601.pt
cnn,cifar10,topk,1,1,0.001,1.9299303061859683,0.321,0,1602,52,./checkpoints_grid/cfg052_cnn_cifar10_topk_b1_rep00_seed1602.pt
cnn,cifar10,topk,1,1,0.001,1.881601566616213,0.394,1,1603,52,./checkpoints_grid/cfg052_cnn_cifar10_topk_b1_rep01_seed1603.pt
cnn,cifar10,topk,1,1,0.001,1.9392834877559217,0.352,2,1604,52,./checkpoints_grid/cfg052_cnn_cifar10_topk_b1_rep02_seed1604.pt
cnn,cifar10,topk,1,1,0.001,1.8726918387238403,0.425,3,1605,52,./checkpoints_grid/cfg052_cnn_cifar10_topk_b1_rep03_seed1605.pt
cnn,cifar10,topk,1,1,0.001,1.8632034954628907,0.415,4,1606,52,./checkpoints_grid/cfg052_cnn_cifar10_topk_b1_rep04_seed1606.pt
cnn,cifar10,topk,1,1,0.001,1.9852534727277233,0.373,5,1607,52,./checkpoints_grid/cfg052_cnn_cifar10_topk_b1_rep05_seed1607.pt
cnn,cifar10,topk,1,1,0.001,1.9095681247902103,0.45,6,1608,52,./checkpoints_grid/cfg052_cnn_cifar10_topk_b1_rep06_seed1608.pt
cnn,cifar10,topk,1,1,0.001,1.8997627861378714,0.376,7,1609,52,./checkpoints_grid/cfg052_cnn_cifar10_topk_b1_rep07_seed1609.pt
cnn,cifar10,topk,1,1,0.001,1.873980366606498,0.383,8,1610,52,./checkpoints_grid/cfg052_cnn_cifar10_topk_b1_rep08_seed1610.pt
cnn,cifar10,topk,1,1,0.001,1.947565263280092,0.356,9,1611,52,./checkpoints_grid/cfg052_cnn_cifar10_topk_b1_rep09_seed1611.pt
cnn,cifar10,topk,1,1,0.001,1.9396194465123118,0.36,10,1612,52,./checkpoints_grid/cfg052_cnn_cifar10_topk_b1_rep10_seed1612.pt
cnn,cifar10,topk,1,1,0.001,1.8375447482207092,0.414,11,1613,52,./checkpoints_grid/cfg052_cnn_cifar10_topk_b1_rep11_seed1613.pt
cnn,cifar10,topk,1,1,0.001,1.8864423318015178,0.377,12,1614,52,./checkpoints_grid/cfg052_cnn_cifar10_topk_b1_rep12_seed1614.pt
cnn,cifar10,topk,1,1,0.001,1.9366732508060522,0.402,13,1615,52,./checkpoints_grid/cfg052_cnn_cifar10_topk_b1_rep13_seed1615.pt
cnn,cifar10,topk,1,1,0.001,1.9410022514439187,0.347,14,1616,52,./checkpoints_grid/cfg052_cnn_cifar10_topk_b1_rep14_seed1616.pt
cnn,cifar10,topk,1,1,0.001,1.9665061139394528,0.333,15,1617,52,./checkpoints_grid/cfg052_cnn_cifar10_topk_b1_rep15_seed1617.pt
cnn,cifar10,topk,1,1,0.001,1.9517696610232815,0.42,16,1618,52,./checkpoints_grid/cfg052_cnn_cifar10_topk_b1_rep16_seed1618.pt
cnn,cifar10,topk,1,1,0.001,1.9184066616464406,0.357,17,1619,52,./checkpoints_grid/cfg052_cnn_cifar10_topk_b1_rep17_seed1619.pt
cnn,cifar10,topk,1,1,0.001,1.8749066657868971,0.411,18,1620,52,./checkpoints_grid/cfg052_cnn_cifar10_topk_b1_rep18_seed1620.pt
cnn,cifar10,topk,1,1,0.001,1.8683713888105122,0.422,19,1621,52,./checkpoints_grid/cfg052_cnn_cifar10_topk_b1_rep19_seed1621.pt
cnn,cifar10,topk,1,1,0.001,1.9226000399544136,0.394,20,1622,52,./checkpoints_grid/cfg052_cnn_cifar10_topk_b1_rep20_seed1622.pt
cnn,cifar10,topk,1,1,0.001,1.9126169396889163,0.391,21,1623,52,./checkpoints_grid/cfg052_cnn_cifar10_topk_b1_rep21_seed1623.pt
cnn,cifar10,topk,1,1,0.001,1.857424495549756,0.385,22,1624,52,./checkpoints_grid/cfg052_cnn_cifar10_topk_b1_rep22_seed1624.pt
cnn,cifar10,topk,1,1,0.001,1.8730741824730066,0.35,23,1625,52,./checkpoints_grid/cfg052_cnn_cifar10_topk_b1_rep23_seed1625.pt
cnn,cifar10,topk,1,1,0.001,1.9005712683876046,0.381,24,1626,52,./checkpoints_grid/cfg052_cnn_cifar10_topk_b1_rep24_seed1626.pt
cnn,cifar10,topk,1,1,0.001,1.889238440546673,0.409,25,1627,52,./checkpoints_grid/cfg052_cnn_cifar10_topk_b1_rep25_seed1627.pt
cnn,cifar10,topk,1,1,0.001,1.9025946241617202,0.362,26,1628,52,./checkpoints_grid/cfg052_cnn_cifar10_topk_b1_rep26_seed1628.pt
cnn,cifar10,topk,1,1,0.001,1.9156372967758215,0.428,27,1629,52,./checkpoints_grid/cfg052_cnn_cifar10_topk_b1_rep27_seed1629.pt
cnn,cifar10,topk,1,1,0.001,1.922984910031657,0.373,28,1630,52,./checkpoints_grid/cfg052_cnn_cifar10_topk_b1_rep28_seed1630.pt
cnn,cifar10,topk,1,1,0.001,1.9051378382358235,0.398,29,1631,52,./checkpoints_grid/cfg052_cnn_cifar10_topk_b1_rep29_seed1631.pt
cnn,cifar10,topk,32,1,0.001,1.9027055082321167,0.367,0,1632,53,./checkpoints_grid/cfg053_cnn_cifar10_topk_b32_rep00_seed1632.pt
cnn,cifar10,topk,32,1,0.001,1.879777237892151,0.392,1,1633,53,./checkpoints_grid/cfg053_cnn_cifar10_topk_b32_rep01_seed1633.pt
cnn,cifar10,topk,32,1,0.001,1.8524830017089844,0.426,2,1634,53,./checkpoints_grid/cfg053_cnn_cifar10_topk_b32_rep02_seed1634.pt
cnn,cifar10,topk,32,1,0.001,1.859132167816162,0.433,3,1635,53,./checkpoints_grid/cfg053_cnn_cifar10_topk_b32_rep03_seed1635.pt
cnn,cifar10,topk,32,1,0.001,1.9056181678771973,0.392,4,1636,53,./checkpoints_grid/cfg053_cnn_cifar10_topk_b32_rep04_seed1636.pt
cnn,cifar10,topk,32,1,0.001,1.8786596755981446,0.411,5,1637,53,./checkpoints_grid/cfg053_cnn_cifar10_topk_b32_rep05_seed1637.pt
cnn,cifar10,topk,32,1,0.001,1.8743994884490967,0.416,6,1638,53,./checkpoints_grid/cfg053_cnn_cifar10_topk_b32_rep06_seed1638.pt
cnn,cifar10,topk,32,1,0.001,1.9096869592666625,0.405,7,1639,53,./checkpoints_grid/cfg053_cnn_cifar10_topk_b32_rep07_seed1639.pt
cnn,cifar10,topk,32,1,0.001,1.8810455627441407,0.372,8,1640,53,./checkpoints_grid/cfg053_cnn_cifar10_topk_b32_rep08_seed1640.pt
cnn,cifar10,topk,32,1,0.001,1.8868895978927613,0.428,9,1641,53,./checkpoints_grid/cfg053_cnn_cifar10_topk_b32_rep09_seed1641.pt
cnn,cifar10,topk,32,1,0.001,1.85585950756073,0.419,10,1642,53,./checkpoints_grid/cfg053_cnn_cifar10_topk_b32_rep10_seed1642.pt
cnn,cifar10,topk,32,1,0.001,1.869091835975647,0.39,11,1643,53,./checkpoints_grid/cfg053_cnn_cifar10_topk_b32_rep11_seed1643.pt
cnn,cifar10,topk,32,1,0.001,1.8696288414001465,0.399,12,1644,53,./checkpoints_grid/cfg053_cnn_cifar10_topk_b32_rep12_seed1644.pt
cnn,cifar10,topk,32,1,0.001,1.8590632667541505,0.404,13,1645,53,./checkpoints_grid/cfg053_cnn_cifar10_topk_b32_rep13_seed1645.pt
cnn,cifar10,topk,32,1,0.001,1.8817650394439698,0.421,14,1646,53,./checkpoints_grid/cfg053_cnn_cifar10_topk_b32_rep14_seed1646.pt
cnn,cifar10,topk,32,1,0.001,1.848604739189148,0.392,15,1647,53,./checkpoints_grid/cfg053_cnn_cifar10_topk_b32_rep15_seed1647.pt
cnn,cifar10,topk,32,1,0.001,1.8853410482406616,0.383,16,1648,53,./checkpoints_grid/cfg053_cnn_cifar10_topk_b32_rep16_seed1648.pt
cnn,cifar10,topk,32,1,0.001,1.908617449760437,0.414,17,1649,53,./checkpoints_grid/cfg053_cnn_cifar10_topk_b32_rep17_seed1649.pt
cnn,cifar10,topk,32,1,0.001,1.9097947635650634,0.395,18,1650,53,./checkpoints_grid/cfg053_cnn_cifar10_topk_b32_rep18_seed1650.pt
cnn,cifar10,topk,32,1,0.001,1.861705976486206,0.422,19,1651,53,./checkpoints_grid/cfg053_cnn_cifar10_topk_b32_rep19_seed1651.pt
cnn,cifar10,topk,32,1,0.001,1.917616605758667,0.406,20,1652,53,./checkpoints_grid/cfg053_cnn_cifar10_topk_b32_rep20_seed1652.pt
cnn,cifar10,topk,32,1,0.001,1.875075044631958,0.413,21,1653,53,./checkpoints_grid/cfg053_cnn_cifar10_topk_b32_rep21_seed1653.pt
cnn,cifar10,topk,32,1,0.001,1.8814522266387939,0.421,22,1654,53,./checkpoints_grid/cfg053_cnn_cifar10_topk_b32_rep22_seed1654.pt
cnn,cifar10,topk,32,1,0.001,1.8804172172546387,0.43,23,1655,53,./checkpoints_grid/cfg053_cnn_cifar10_topk_b32_rep23_seed1655.pt
cnn,cifar10,topk,32,1,0.001,1.8524295120239258,0.375,24,1656,53,./checkpoints_grid/cfg053_cnn_cifar10_topk_b32_rep24_seed1656.pt
cnn,cifar10,topk,32,1,0.001,1.8841492109298705,0.42,25,1657,53,./checkpoints_grid/cfg053_cnn_cifar10_topk_b32_rep25_seed1657.pt
cnn,cifar10,topk,32,1,0.001,1.8741473560333253,0.428,26,1658,53,./checkpoints_grid/cfg053_cnn_cifar10_topk_b32_rep26_seed1658.pt
cnn,cifar10,topk,32,1,0.001,1.8767203712463378,0.401,27,1659,53,./checkpoints_grid/cfg053_cnn_cifar10_topk_b32_rep27_seed1659.pt
cnn,cifar10,topk,32,1,0.001,1.8906942625045777,0.399,28,1660,53,./checkpoints_grid/cfg053_cnn_cifar10_topk_b32_rep28_seed1660.pt
cnn,cifar10,topk,32,1,0.001,1.900688759803772,0.418,29,1661,53,./checkpoints_grid/cfg053_cnn_cifar10_topk_b32_rep29_seed1661.pt
cnn,cifar10,dpsgd,1,1,0.001,2.371453468747437,0.178,0,1662,54,./checkpoints_grid/cfg054_cnn_cifar10_dpsgd_b1_rep00_seed1662.pt
cnn,cifar10,dpsgd,1,1,0.001,2.452253517240286,0.143,1,1663,54,./checkpoints_grid/cfg054_cnn_cifar10_dpsgd_b1_rep01_seed1663.pt
cnn,cifar10,dpsgd,1,1,0.001,2.4241850095540287,0.127,2,1664,54,./checkpoints_grid/cfg054_cnn_cifar10_dpsgd_b1_rep02_seed1664.pt
cnn,cifar10,dpsgd,1,1,0.001,2.381558888554573,0.129,3,1665,54,./checkpoints_grid/cfg054_cnn_cifar10_dpsgd_b1_rep03_seed1665.pt
cnn,cifar10,dpsgd,1,1,0.001,2.4361739109382032,0.111,4,1666,54,./checkpoints_grid/cfg054_cnn_cifar10_dpsgd_b1_rep04_seed1666.pt
cnn,cifar10,dpsgd,1,1,0.001,2.4139453556388615,0.123,5,1667,54,./checkpoints_grid/cfg054_cnn_cifar10_dpsgd_b1_rep05_seed1667.pt
cnn,cifar10,dpsgd,1,1,0.001,2.393085830383003,0.123,6,1668,54,./checkpoints_grid/cfg054_cnn_cifar10_dpsgd_b1_rep06_seed1668.pt
cnn,cifar10,dpsgd,1,1,0.001,2.4243437781482937,0.098,7,1669,54,./checkpoints_grid/cfg054_cnn_cifar10_dpsgd_b1_rep07_seed1669.pt
cnn,cifar10,dpsgd,1,1,0.001,2.4996591456830504,0.124,8,1670,54,./checkpoints_grid/cfg054_cnn_cifar10_dpsgd_b1_rep08_seed1670.pt
cnn,cifar10,dpsgd,1,1,0.001,2.4854099401012064,0.101,9,1671,54,./checkpoints_grid/cfg054_cnn_cifar10_dpsgd_b1_rep09_seed1671.pt
cnn,cifar10,dpsgd,1,1,0.001,2.4876886010691526,0.117,10,1672,54,./checkpoints_grid/cfg054_cnn_cifar10_dpsgd_b1_rep10_seed1672.pt
cnn,cifar10,dpsgd,1,1,0.001,2.3909424347504973,0.092,11,1673,54,./checkpoints_grid/cfg054_cnn_cifar10_dpsgd_b1_rep11_seed1673.pt
cnn,cifar10,dpsgd,1,1,0.001,2.4240215357467534,0.112,12,1674,54,./checkpoints_grid/cfg054_cnn_cifar10_dpsgd_b1_rep12_seed1674.pt
cnn,cifar10,dpsgd,1,1,0.001,2.3869885230958463,0.129,13,1675,54,./checkpoints_grid/cfg054_cnn_cifar10_dpsgd_b1_rep13_seed1675.pt
cnn,cifar10,dpsgd,1,1,0.001,2.4751701609268784,0.127,14,1676,54,./checkpoints_grid/cfg054_cnn_cifar10_dpsgd_b1_rep14_seed1676.pt
cnn,cifar10,dpsgd,1,1,0.001,2.338190023779869,0.146,15,1677,54,./checkpoints_grid/cfg054_cnn_cifar10_dpsgd_b1_rep15_seed1677.pt
cnn,cifar10,dpsgd,1,1,0.001,2.395962467543781,0.111,16,1678,54,./checkpoints_grid/cfg054_cnn_cifar10_dpsgd_b1_rep16_seed1678.pt
cnn,cifar10,dpsgd,1,1,0.001,2.42180726018548,0.143,17,1679,54,./checkpoints_grid/cfg054_cnn_cifar10_dpsgd_b1_rep17_seed1679.pt
cnn,cifar10,dpsgd,1,1,0.001,2.357298380292952,0.121,18,1680,54,./checkpoints_grid/cfg054_cnn_cifar10_dpsgd_b1_rep18_seed1680.pt
cnn,cifar10,dpsgd,1,1,0.001,2.392660395473242,0.147,19,1681,54,./checkpoints_grid/cfg054_cnn_cifar10_dpsgd_b1_rep19_seed1681.pt
cnn,cifar10,dpsgd,1,1,0.001,2.4469161979202183,0.161,20,1682,54,./checkpoints_grid/cfg054_cnn_cifar10_dpsgd_b1_rep20_seed1682.pt
cnn,cifar10,dpsgd,1,1,0.001,2.4103947751112282,0.123,21,1683,54,./checkpoints_grid/cfg054_cnn_cifar10_dpsgd_b1_rep21_seed1683.pt
cnn,cifar10,dpsgd,1,1,0.001,2.418146957620978,0.089,22,1684,54,./checkpoints_grid/cfg054_cnn_cifar10_dpsgd_b1_rep22_seed1684.pt
cnn,cifar10,dpsgd,1,1,0.001,2.483511218339205,0.068,23,1685,54,./checkpoints_grid/cfg054_cnn_cifar10_dpsgd_b1_rep23_seed1685.pt
cnn,cifar10,dpsgd,1,1,0.001,2.4380915604829787,0.142,24,1686,54,./checkpoints_grid/cfg054_cnn_cifar10_dpsgd_b1_rep24_seed1686.pt
cnn,cifar10,dpsgd,1,1,0.001,2.490088120609522,0.136,25,1687,54,./checkpoints_grid/cfg054_cnn_cifar10_dpsgd_b1_rep25_seed1687.pt
cnn,cifar10,dpsgd,1,1,0.001,2.47659447369352,0.109,26,1688,54,./checkpoints_grid/cfg054_cnn_cifar10_dpsgd_b1_rep26_seed1688.pt
cnn,cifar10,dpsgd,1,1,0.001,2.3914533819258215,0.119,27,1689,54,./checkpoints_grid/cfg054_cnn_cifar10_dpsgd_b1_rep27_seed1689.pt
cnn,cifar10,dpsgd,1,1,0.001,2.3935229564905165,0.145,28,1690,54,./checkpoints_grid/cfg054_cnn_cifar10_dpsgd_b1_rep28_seed1690.pt
cnn,cifar10,dpsgd,1,1,0.001,2.440573090504855,0.131,29,1691,54,./checkpoints_grid/cfg054_cnn_cifar10_dpsgd_b1_rep29_seed1691.pt
cnn,cifar10,dpsgd,32,1,0.001,2.296671543121338,0.119,0,1692,55,./checkpoints_grid/cfg055_cnn_cifar10_dpsgd_b32_rep00_seed1692.pt
cnn,cifar10,dpsgd,32,1,0.001,2.2985918407440185,0.139,1,1693,55,./checkpoints_grid/cfg055_cnn_cifar10_dpsgd_b32_rep01_seed1693.pt
cnn,cifar10,dpsgd,32,1,0.001,2.3045636310577393,0.122,2,1694,55,./checkpoints_grid/cfg055_cnn_cifar10_dpsgd_b32_rep02_seed1694.pt
cnn,cifar10,dpsgd,32,1,0.001,2.299363676071167,0.09,3,1695,55,./checkpoints_grid/cfg055_cnn_cifar10_dpsgd_b32_rep03_seed1695.pt
cnn,cifar10,dpsgd,32,1,0.001,2.2988699760437012,0.098,4,1696,55,./checkpoints_grid/cfg055_cnn_cifar10_dpsgd_b32_rep04_seed1696.pt
cnn,cifar10,dpsgd,32,1,0.001,2.299502264022827,0.108,5,1697,55,./checkpoints_grid/cfg055_cnn_cifar10_dpsgd_b32_rep05_seed1697.pt
cnn,cifar10,dpsgd,32,1,0.001,2.3062919330596925,0.122,6,1698,55,./checkpoints_grid/cfg055_cnn_cifar10_dpsgd_b32_rep06_seed1698.pt
cnn,cifar10,dpsgd,32,1,0.001,2.3016147899627684,0.128,7,1699,55,./checkpoints_grid/cfg055_cnn_cifar10_dpsgd_b32_rep07_seed1699.pt
cnn,cifar10,dpsgd,32,1,0.001,2.300270322799683,0.14,8,1700,55,./checkpoints_grid/cfg055_cnn_cifar10_dpsgd_b32_rep08_seed1700.pt
cnn,cifar10,dpsgd,32,1,0.001,2.297610824584961,0.103,9,1701,55,./checkpoints_grid/cfg055_cnn_cifar10_dpsgd_b32_rep09_seed1701.pt
cnn,cifar10,dpsgd,32,1,0.001,2.3005519275665285,0.096,10,1702,55,./checkpoints_grid/cfg055_cnn_cifar10_dpsgd_b32_rep10_seed1702.pt
cnn,cifar10,dpsgd,32,1,0.001,2.300889093399048,0.13,11,1703,55,./checkpoints_grid/cfg055_cnn_cifar10_dpsgd_b32_rep11_seed1703.pt
cnn,cifar10,dpsgd,32,1,0.001,2.3038685722351073,0.141,12,1704,55,./checkpoints_grid/cfg055_cnn_cifar10_dpsgd_b32_rep12_seed1704.pt
cnn,cifar10,dpsgd,32,1,0.001,2.302601619720459,0.103,13,1705,55,./checkpoints_grid/cfg055_cnn_cifar10_dpsgd_b32_rep13_seed1705.pt
cnn,cifar10,dpsgd,32,1,0.001,2.3001609573364257,0.149,14,1706,55,./checkpoints_grid/cfg055_cnn_cifar10_dpsgd_b32_rep14_seed1706.pt
cnn,cifar10,dpsgd,32,1,0.001,2.3050553550720214,0.11,15,1707,55,./checkpoints_grid/cfg055_cnn_cifar10_dpsgd_b32_rep15_seed1707.pt
cnn,cifar10,dpsgd,32,1,0.001,2.3030828742980956,0.141,16,1708,55,./checkpoints_grid/cfg055_cnn_cifar10_dpsgd_b32_rep16_seed1708.pt
cnn,cifar10,dpsgd,32,1,0.001,2.292889886856079,0.162,17,1709,55,./checkpoints_grid/cfg055_cnn_cifar10_dpsgd_b32_rep17_seed1709.pt
cnn,cifar10,dpsgd,32,1,0.001,2.3051665534973145,0.1,18,1710,55,./checkpoints_grid/cfg055_cnn_cifar10_dpsgd_b32_rep18_seed1710.pt
cnn,cifar10,dpsgd,32,1,0.001,2.3033010749816896,0.153,19,1711,55,./checkpoints_grid/cfg055_cnn_cifar10_dpsgd_b32_rep19_seed1711.pt
cnn,cifar10,dpsgd,32,1,0.001,2.298585620880127,0.147,20,1712,55,./checkpoints_grid/cfg055_cnn_cifar10_dpsgd_b32_rep20_seed1712.pt
cnn,cifar10,dpsgd,32,1,0.001,2.3031295604705813,0.082,21,1713,55,./checkpoints_grid/cfg055_cnn_cifar10_dpsgd_b32_rep21_seed1713.pt
cnn,cifar10,dpsgd,32,1,0.001,2.296934202194214,0.112,22,1714,55,./checkpoints_grid/cfg055_cnn_cifar10_dpsgd_b32_rep22_seed1714.pt
cnn,cifar10,dpsgd,32,1,0.001,2.298805603027344,0.124,23,1715,55,./checkpoints_grid/cfg055_cnn_cifar10_dpsgd_b32_rep23_seed1715.pt
cnn,cifar10,dpsgd,32,1,0.001,2.296918718338013,0.144,24,1716,55,./checkpoints_grid/cfg055_cnn_cifar10_dpsgd_b32_rep24_seed1716.pt
cnn,cifar10,dpsgd,32,1,0.001,2.2984164333343506,0.122,25,1717,55,./checkpoints_grid/cfg055_cnn_cifar10_dpsgd_b32_rep25_seed1717.pt
cnn,cifar10,dpsgd,32,1,0.001,2.298891616821289,0.156,26,1718,55,./checkpoints_grid/cfg055_cnn_cifar10_dpsgd_b32_rep26_seed1718.pt
cnn,cifar10,dpsgd,32,1,0.001,2.2922618827819825,0.151,27,1719,55,./checkpoints_grid/cfg055_cnn_cifar10_dpsgd_b32_rep27_seed1719.pt
cnn,cifar10,dpsgd,32,1,0.001,2.2969695987701417,0.12,28,1720,55,./checkpoints_grid/cfg055_cnn_cifar10_dpsgd_b32_rep28_seed1720.pt
cnn,cifar10,dpsgd,32,1,0.001,2.298977705001831,0.123,29,1721,55,./checkpoints_grid/cfg055_cnn_cifar10_dpsgd_b32_rep29_seed1721.pt
cnn,cifar10,randomk,1,1,0.001,1.8479922012484167,0.41,0,1722,56,./checkpoints_grid/cfg056_cnn_cifar10_randomk_b1_rep00_seed1722.pt
cnn,cifar10,randomk,1,1,0.001,1.8450671575693414,0.427,1,1723,56,./checkpoints_grid/cfg056_cnn_cifar10_randomk_b1_rep01_seed1723.pt
cnn,cifar10,randomk,1,1,0.001,1.8493983189943246,0.396,2,1724,56,./checkpoints_grid/cfg056_cnn_cifar10_randomk_b1_rep02_seed1724.pt
cnn,cifar10,randomk,1,1,0.001,1.840019478325965,0.428,3,1725,56,./checkpoints_grid/cfg056_cnn_cifar10_randomk_b1_rep03_seed1725.pt
cnn,cifar10,randomk,1,1,0.001,1.8470430066020926,0.381,4,1726,56,./checkpoints_grid/cfg056_cnn_cifar10_randomk_b1_rep04_seed1726.pt
cnn,cifar10,randomk,1,1,0.001,1.84760363908601,0.394,5,1727,56,./checkpoints_grid/cfg056_cnn_cifar10_randomk_b1_rep05_seed1727.pt
cnn,cifar10,randomk,1,1,0.001,1.8258145393594167,0.432,6,1728,56,./checkpoints_grid/cfg056_cnn_cifar10_randomk_b1_rep06_seed1728.pt
cnn,cifar10,randomk,1,1,0.001,1.8333030995357549,0.42,7,1729,56,./checkpoints_grid/cfg056_cnn_cifar10_randomk_b1_rep07_seed1729.pt
cnn,cifar10,randomk,1,1,0.001,1.8418179692227858,0.424,8,1730,56,./checkpoints_grid/cfg056_cnn_cifar10_randomk_b1_rep08_seed1730.pt
cnn,cifar10,randomk,1,1,0.001,1.838895143676782,0.407,9,1731,56,./checkpoints_grid/cfg056_cnn_cifar10_randomk_b1_rep09_seed1731.pt
cnn,cifar10,randomk,1,1,0.001,1.846967321265489,0.397,10,1732,56,./checkpoints_grid/cfg056_cnn_cifar10_randomk_b1_rep10_seed1732.pt
cnn,cifar10,randomk,1,1,0.001,1.823293466785224,0.394,11,1733,56,./checkpoints_grid/cfg056_cnn_cifar10_randomk_b1_rep11_seed1733.pt
cnn,cifar10,randomk,1,1,0.001,1.8300311021576636,0.395,12,1734,56,./checkpoints_grid/cfg056_cnn_cifar10_randomk_b1_rep12_seed1734.pt
cnn,cifar10,randomk,1,1,0.001,1.8557390936437004,0.428,13,1735,56,./checkpoints_grid/cfg056_cnn_cifar10_randomk_b1_rep13_seed1735.pt
cnn,cifar10,randomk,1,1,0.001,1.823416896515526,0.4,14,1736,56,./checkpoints_grid/cfg056_cnn_cifar10_randomk_b1_rep14_seed1736.pt
cnn,cifar10,randomk,1,1,0.001,1.8400649802534608,0.407,15,1737,56,./checkpoints_grid/cfg056_cnn_cifar10_randomk_b1_rep15_seed1737.pt
cnn,cifar10,randomk,1,1,0.001,1.8531911814999766,0.454,16,1738,56,./checkpoints_grid/cfg056_cnn_cifar10_randomk_b1_rep16_seed1738.pt
cnn,cifar10,randomk,1,1,0.001,1.8238512706062757,0.441,17,1739,56,./checkpoints_grid/cfg056_cnn_cifar10_randomk_b1_rep17_seed1739.pt
cnn,cifar10,randomk,1,1,0.001,1.8597007975936868,0.421,18,1740,56,./checkpoints_grid/cfg056_cnn_cifar10_randomk_b1_rep18_seed1740.pt
cnn,cifar10,randomk,1,1,0.001,1.82199643754086,0.39,19,1741,56,./checkpoints_grid/cfg056_cnn_cifar10_randomk_b1_rep19_seed1741.pt
cnn,cifar10,randomk,1,1,0.001,1.836989094687393,0.45,20,1742,56,./checkpoints_grid/cfg056_cnn_cifar10_randomk_b1_rep20_seed1742.pt
cnn,cifar10,randomk,1,1,0.001,1.8184282722957432,0.436,21,1743,56,./checkpoints_grid/cfg056_cnn_cifar10_randomk_b1_rep21_seed1743.pt
cnn,cifar10,randomk,1,1,0.001,1.8564931908615399,0.429,22,1744,56,./checkpoints_grid/cfg056_cnn_cifar10_randomk_b1_rep22_seed1744.pt
cnn,cifar10,randomk,1,1,0.001,1.850518329416169,0.406,23,1745,56,./checkpoints_grid/cfg056_cnn_cifar10_randomk_b1_rep23_seed1745.pt
cnn,cifar10,randomk,1,1,0.001,1.8225708949889523,0.421,24,1746,56,./checkpoints_grid/cfg056_cnn_cifar10_randomk_b1_rep24_seed1746.pt
cnn,cifar10,randomk,1,1,0.001,1.8143228612233653,0.444,25,1747,56,./checkpoints_grid/cfg056_cnn_cifar10_randomk_b1_rep25_seed1747.pt
cnn,cifar10,randomk,1,1,0.001,1.8606191026252927,0.396,26,1748,56,./checkpoints_grid/cfg056_cnn_cifar10_randomk_b1_rep26_seed1748.pt
cnn,cifar10,randomk,1,1,0.001,1.8549270114740357,0.374,27,1749,56,./checkpoints_grid/cfg056_cnn_cifar10_randomk_b1_rep27_seed1749.pt
cnn,cifar10,randomk,1,1,0.001,1.80562343401392,0.434,28,1750,56,./checkpoints_grid/cfg056_cnn_cifar10_randomk_b1_rep28_seed1750.pt
cnn,cifar10,randomk,1,1,0.001,1.8352664686818607,0.42,29,1751,56,./checkpoints_grid/cfg056_cnn_cifar10_randomk_b1_rep29_seed1751.pt
cnn,cifar10,randomk,32,1,0.001,1.9538360767364502,0.4,0,1752,57,./checkpoints_grid/cfg057_cnn_cifar10_randomk_b32_rep00_seed1752.pt
cnn,cifar10,randomk,32,1,0.001,1.9174500246047974,0.395,1,1753,57,./checkpoints_grid/cfg057_cnn_cifar10_randomk_b32_rep01_seed1753.pt
cnn,cifar10,randomk,32,1,0.001,1.9508765783309936,0.381,2,1754,57,./checkpoints_grid/cfg057_cnn_cifar10_randomk_b32_rep02_seed1754.pt
cnn,cifar10,randomk,32,1,0.001,1.9458857488632202,0.395,3,1755,57,./checkpoints_grid/cfg057_cnn_cifar10_randomk_b32_rep03_seed1755.pt
cnn,cifar10,randomk,32,1,0.001,1.9485298948287963,0.422,4,1756,57,./checkpoints_grid/cfg057_cnn_cifar10_randomk_b32_rep04_seed1756.pt
cnn,cifar10,randomk,32,1,0.001,1.9434143533706665,0.38,5,1757,57,./checkpoints_grid/cfg057_cnn_cifar10_randomk_b32_rep05_seed1757.pt
cnn,cifar10,randomk,32,1,0.001,1.9349357986450195,0.398,6,1758,57,./checkpoints_grid/cfg057_cnn_cifar10_randomk_b32_rep06_seed1758.pt
cnn,cifar10,randomk,32,1,0.001,1.939609736442566,0.411,7,1759,57,./checkpoints_grid/cfg057_cnn_cifar10_randomk_b32_rep07_seed1759.pt
cnn,cifar10,randomk,32,1,0.001,1.9649153203964234,0.361,8,1760,57,./checkpoints_grid/cfg057_cnn_cifar10_randomk_b32_rep08_seed1760.pt
cnn,cifar10,randomk,32,1,0.001,1.9503811197280885,0.395,9,1761,57,./checkpoints_grid/cfg057_cnn_cifar10_randomk_b32_rep09_seed1761.pt
cnn,cifar10,randomk,32,1,0.001,1.9475597791671753,0.367,10,1762,57,./checkpoints_grid/cfg057_cnn_cifar10_randomk_b32_rep10_seed1762.pt
cnn,cifar10,randomk,32,1,0.001,1.935925232887268,0.387,11,1763,57,./checkpoints_grid/cfg057_cnn_cifar10_randomk_b32_rep11_seed1763.pt
cnn,cifar10,randomk,32,1,0.001,1.9729522523880005,0.378,12,1764,57,./checkpoints_grid/cfg057_cnn_cifar10_randomk_b32_rep12_seed1764.pt
cnn,cifar10,randomk,32,1,0.001,1.9421901502609253,0.417,13,1765,57,./checkpoints_grid/cfg057_cnn_cifar10_randomk_b32_rep13_seed1765.pt
cnn,cifar10,randomk,32,1,0.001,1.934053671836853,0.381,14,1766,57,./checkpoints_grid/cfg057_cnn_cifar10_randomk_b32_rep14_seed1766.pt
cnn,cifar10,randomk,32,1,0.001,1.92216082572937,0.369,15,1767,57,./checkpoints_grid/cfg057_cnn_cifar10_randomk_b32_rep15_seed1767.pt
cnn,cifar10,randomk,32,1,0.001,1.9297123069763185,0.341,16,1768,57,./checkpoints_grid/cfg057_cnn_cifar10_randomk_b32_rep16_seed1768.pt
cnn,cifar10,randomk,32,1,0.001,1.959870675086975,0.4,17,1769,57,./checkpoints_grid/cfg057_cnn_cifar10_randomk_b32_rep17_seed1769.pt
cnn,cifar10,randomk,32,1,0.001,1.9306550645828247,0.4,18,1770,57,./checkpoints_grid/cfg057_cnn_cifar10_randomk_b32_rep18_seed1770.pt
cnn,cifar10,randomk,32,1,0.001,1.934374119758606,0.394,19,1771,57,./checkpoints_grid/cfg057_cnn_cifar10_randomk_b32_rep19_seed1771.pt
cnn,cifar10,randomk,32,1,0.001,1.9414698600769043,0.38,20,1772,57,./checkpoints_grid/cfg057_cnn_cifar10_randomk_b32_rep20_seed1772.pt
cnn,cifar10,randomk,32,1,0.001,1.9472881717681885,0.397,21,1773,57,./checkpoints_grid/cfg057_cnn_cifar10_randomk_b32_rep21_seed1773.pt
cnn,cifar10,randomk,32,1,0.001,1.9459270105361939,0.389,22,1774,57,./checkpoints_grid/cfg057_cnn_cifar10_randomk_b32_rep22_seed1774.pt
cnn,cifar10,randomk,32,1,0.001,1.9371039791107179,0.366,23,1775,57,./checkpoints_grid/cfg057_cnn_cifar10_randomk_b32_rep23_seed1775.pt
cnn,cifar10,randomk,32,1,0.001,1.9402078981399535,0.402,24,1776,57,./checkpoints_grid/cfg057_cnn_cifar10_randomk_b32_rep24_seed1776.pt
cnn,cifar10,randomk,32,1,0.001,1.9471485815048217,0.366,25,1777,57,./checkpoints_grid/cfg057_cnn_cifar10_randomk_b32_rep25_seed1777.pt
cnn,cifar10,randomk,32,1,0.001,1.9268276262283326,0.381,26,1778,57,./checkpoints_grid/cfg057_cnn_cifar10_randomk_b32_rep26_seed1778.pt
cnn,cifar10,randomk,32,1,0.001,1.901047571182251,0.419,27,1779,57,./checkpoints_grid/cfg057_cnn_cifar10_randomk_b32_rep27_seed1779.pt
cnn,cifar10,randomk,32,1,0.001,1.9721029167175292,0.42,28,1780,57,./checkpoints_grid/cfg057_cnn_cifar10_randomk_b32_rep28_seed1780.pt
cnn,cifar10,randomk,32,1,0.001,1.937139684677124,0.405,29,1781,57,./checkpoints_grid/cfg057_cnn_cifar10_randomk_b32_rep29_seed1781.pt
cnn,cifar10,qsgd,1,1,0.001,1.8479900708803907,0.391,0,1782,58,./checkpoints_grid/cfg058_cnn_cifar10_qsgd_b1_rep00_seed1782.pt
cnn,cifar10,qsgd,1,1,0.001,1.837446182843414,0.442,1,1783,58,./checkpoints_grid/cfg058_cnn_cifar10_qsgd_b1_rep01_seed1783.pt
cnn,cifar10,qsgd,1,1,0.001,1.8340937566559878,0.446,2,1784,58,./checkpoints_grid/cfg058_cnn_cifar10_qsgd_b1_rep02_seed1784.pt
cnn,cifar10,qsgd,1,1,0.001,1.8197497682311805,0.417,3,1785,58,./checkpoints_grid/cfg058_cnn_cifar10_qsgd_b1_rep03_seed1785.pt
cnn,cifar10,qsgd,1,1,0.001,1.8321737640998907,0.401,4,1786,58,./checkpoints_grid/cfg058_cnn_cifar10_qsgd_b1_rep04_seed1786.pt
cnn,cifar10,qsgd,1,1,0.001,1.8336469892151654,0.364,5,1787,58,./checkpoints_grid/cfg058_cnn_cifar10_qsgd_b1_rep05_seed1787.pt
cnn,cifar10,qsgd,1,1,0.001,1.8576394907110372,0.407,6,1788,58,./checkpoints_grid/cfg058_cnn_cifar10_qsgd_b1_rep06_seed1788.pt
cnn,cifar10,qsgd,1,1,0.001,1.807413522420684,0.411,7,1789,58,./checkpoints_grid/cfg058_cnn_cifar10_qsgd_b1_rep07_seed1789.pt
cnn,cifar10,qsgd,1,1,0.001,1.8206557559780776,0.423,8,1790,58,./checkpoints_grid/cfg058_cnn_cifar10_qsgd_b1_rep08_seed1790.pt
cnn,cifar10,qsgd,1,1,0.001,1.825222609728109,0.429,9,1791,58,./checkpoints_grid/cfg058_cnn_cifar10_qsgd_b1_rep09_seed1791.pt
cnn,cifar10,qsgd,1,1,0.001,1.8171501398601104,0.391,10,1792,58,./checkpoints_grid/cfg058_cnn_cifar10_qsgd_b1_rep10_seed1792.pt
cnn,cifar10,qsgd,1,1,0.001,1.8374448737825733,0.378,11,1793,58,./checkpoints_grid/cfg058_cnn_cifar10_qsgd_b1_rep11_seed1793.pt
cnn,cifar10,qsgd,1,1,0.001,1.8333405692419038,0.394,12,1794,58,./checkpoints_grid/cfg058_cnn_cifar10_qsgd_b1_rep12_seed1794.pt
cnn,cifar10,qsgd,1,1,0.001,1.8328146158228629,0.428,13,1795,58,./checkpoints_grid/cfg058_cnn_cifar10_qsgd_b1_rep13_seed1795.pt
cnn,cifar10,qsgd,1,1,0.001,1.8602996920524164,0.396,14,1796,58,./checkpoints_grid/cfg058_cnn_cifar10_qsgd_b1_rep14_seed1796.pt
cnn,cifar10,qsgd,1,1,0.001,1.8162249137642794,0.429,15,1797,58,./checkpoints_grid/cfg058_cnn_cifar10_qsgd_b1_rep15_seed1797.pt
cnn,cifar10,qsgd,1,1,0.001,1.8285546039259062,0.369,16,1798,58,./checkpoints_grid/cfg058_cnn_cifar10_qsgd_b1_rep16_seed1798.pt
cnn,cifar10,qsgd,1,1,0.001,1.8448138477033935,0.39,17,1799,58,./checkpoints_grid/cfg058_cnn_cifar10_qsgd_b1_rep17_seed1799.pt
cnn,cifar10,qsgd,1,1,0.001,1.8445472805869068,0.421,18,1800,58,./checkpoints_grid/cfg058_cnn_cifar10_qsgd_b1_rep18_seed1800.pt
cnn,cifar10,qsgd,1,1,0.001,1.8391784517734777,0.407,19,1801,58,./checkpoints_grid/cfg058_cnn_cifar10_qsgd_b1_rep19_seed1801.pt
cnn,cifar10,qsgd,1,1,0.001,1.8370319050175603,0.366,20,1802,58,./checkpoints_grid/cfg058_cnn_cifar10_qsgd_b1_rep20_seed1802.pt
cnn,cifar10,qsgd,1,1,0.001,1.8276443775845692,0.374,21,1803,58,./checkpoints_grid/cfg058_cnn_cifar10_qsgd_b1_rep21_seed1803.pt
cnn,cifar10,qsgd,1,1,0.001,1.840755700904876,0.404,22,1804,58,./checkpoints_grid/cfg058_cnn_cifar10_qsgd_b1_rep22_seed1804.pt
cnn,cifar10,qsgd,1,1,0.001,1.8450160048541147,0.442,23,1805,58,./checkpoints_grid/cfg058_cnn_cifar10_qsgd_b1_rep23_seed1805.pt
cnn,cifar10,qsgd,1,1,0.001,1.835922258817707,0.422,24,1806,58,./checkpoints_grid/cfg058_cnn_cifar10_qsgd_b1_rep24_seed1806.pt
cnn,cifar10,qsgd,1,1,0.001,1.8411998133943417,0.381,25,1807,58,./checkpoints_grid/cfg058_cnn_cifar10_qsgd_b1_rep25_seed1807.pt
cnn,cifar10,qsgd,1,1,0.001,1.8340955672021955,0.45,26,1808,58,./checkpoints_grid/cfg058_cnn_cifar10_qsgd_b1_rep26_seed1808.pt
cnn,cifar10,qsgd,1,1,0.001,1.822048270762898,0.384,27,1809,58,./checkpoints_grid/cfg058_cnn_cifar10_qsgd_b1_rep27_seed1809.pt
cnn,cifar10,qsgd,1,1,0.001,1.8157226926595904,0.405,28,1810,58,./checkpoints_grid/cfg058_cnn_cifar10_qsgd_b1_rep28_seed1810.pt
cnn,cifar10,qsgd,1,1,0.001,1.8287086777486838,0.392,29,1811,58,./checkpoints_grid/cfg058_cnn_cifar10_qsgd_b1_rep29_seed1811.pt
cnn,cifar10,qsgd,32,1,0.001,2.0512008600234983,0.346,0,1812,59,./checkpoints_grid/cfg059_cnn_cifar10_qsgd_b32_rep00_seed1812.pt
cnn,cifar10,qsgd,32,1,0.001,2.0681494245529173,0.312,1,1813,59,./checkpoints_grid/cfg059_cnn_cifar10_qsgd_b32_rep01_seed1813.pt
cnn,cifar10,qsgd,32,1,0.001,2.067941508293152,0.361,2,1814,59,./checkpoints_grid/cfg059_cnn_cifar10_qsgd_b32_rep02_seed1814.pt
cnn,cifar10,qsgd,32,1,0.001,2.094459209442139,0.337,3,1815,59,./checkpoints_grid/cfg059_cnn_cifar10_qsgd_b32_rep03_seed1815.pt
cnn,cifar10,qsgd,32,1,0.001,2.0519174995422365,0.354,4,1816,59,./checkpoints_grid/cfg059_cnn_cifar10_qsgd_b32_rep04_seed1816.pt
cnn,cifar10,qsgd,32,1,0.001,2.0529504203796387,0.338,5,1817,59,./checkpoints_grid/cfg059_cnn_cifar10_qsgd_b32_rep05_seed1817.pt
cnn,cifar10,qsgd,32,1,0.001,2.0560580625534057,0.344,6,1818,59,./checkpoints_grid/cfg059_cnn_cifar10_qsgd_b32_rep06_seed1818.pt
cnn,cifar10,qsgd,32,1,0.001,2.0758096017837526,0.306,7,1819,59,./checkpoints_grid/cfg059_cnn_cifar10_qsgd_b32_rep07_seed1819.pt
cnn,cifar10,qsgd,32,1,0.001,2.0779820795059205,0.348,8,1820,59,./checkpoints_grid/cfg059_cnn_cifar10_qsgd_b32_rep08_seed1820.pt
cnn,cifar10,qsgd,32,1,0.001,2.056605281829834,0.27,9,1821,59,./checkpoints_grid/cfg059_cnn_cifar10_qsgd_b32_rep09_seed1821.pt
cnn,cifar10,qsgd,32,1,0.001,2.0521420059204103,0.355,10,1822,59,./checkpoints_grid/cfg059_cnn_cifar10_qsgd_b32_rep10_seed1822.pt
cnn,cifar10,qsgd,32,1,0.001,2.0600379886627196,0.338,11,1823,59,./checkpoints_grid/cfg059_cnn_cifar10_qsgd_b32_rep11_seed1823.pt
cnn,cifar10,qsgd,32,1,0.001,2.0633826503753663,0.33,12,1824,59,./checkpoints_grid/cfg059_cnn_cifar10_qsgd_b32_rep12_seed1824.pt
cnn,cifar10,qsgd,32,1,0.001,2.048169319152832,0.324,13,1825,59,./checkpoints_grid/cfg059_cnn_cifar10_qsgd_b32_rep13_seed1825.pt
cnn,cifar10,qsgd,32,1,0.001,2.084644501686096,0.282,14,1826,59,./checkpoints_grid/cfg059_cnn_cifar10_qsgd_b32_rep14_seed1826.pt
cnn,cifar10,qsgd,32,1,0.001,2.0847797231674194,0.352,15,1827,59,./checkpoints_grid/cfg059_cnn_cifar10_qsgd_b32_rep15_seed1827.pt
cnn,cifar10,qsgd,32,1,0.001,2.035355728149414,0.359,16,1828,59,./checkpoints_grid/cfg059_cnn_cifar10_qsgd_b32_rep16_seed1828.pt
cnn,cifar10,qsgd,32,1,0.001,2.048591588020325,0.34,17,1829,59,./checkpoints_grid/cfg059_cnn_cifar10_qsgd_b32_rep17_seed1829.pt
cnn,cifar10,qsgd,32,1,0.001,2.0925223360061644,0.349,18,1830,59,./checkpoints_grid/cfg059_cnn_cifar10_qsgd_b32_rep18_seed1830.pt
cnn,cifar10,qsgd,32,1,0.001,2.0575850381851195,0.328,19,1831,59,./checkpoints_grid/cfg059_cnn_cifar10_qsgd_b32_rep19_seed1831.pt
cnn,cifar10,qsgd,32,1,0.001,2.0524163455963134,0.346,20,1832,59,./checkpoints_grid/cfg059_cnn_cifar10_qsgd_b32_rep20_seed1832.pt
cnn,cifar10,qsgd,32,1,0.001,2.074412775039673,0.343,21,1833,59,./checkpoints_grid/cfg059_cnn_cifar10_qsgd_b32_rep21_seed1833.pt
cnn,cifar10,qsgd,32,1,0.001,2.0869375705718993,0.312,22,1834,59,./checkpoints_grid/cfg059_cnn_cifar10_qsgd_b32_rep22_seed1834.pt
cnn,cifar10,qsgd,32,1,0.001,2.078447014808655,0.337,23,1835,59,./checkpoints_grid/cfg059_cnn_cifar10_qsgd_b32_rep23_seed1835.pt
cnn,cifar10,qsgd,32,1,0.001,2.063423868179321,0.346,24,1836,59,./checkpoints_grid/cfg059_cnn_cifar10_qsgd_b32_rep24_seed1836.pt
cnn,cifar10,qsgd,32,1,0.001,2.103269458770752,0.328,25,1837,59,./checkpoints_grid/cfg059_cnn_cifar10_qsgd_b32_rep25_seed1837.pt
cnn,cifar10,qsgd,32,1,0.001,2.0530771989822387,0.366,26,1838,59,./checkpoints_grid/cfg059_cnn_cifar10_qsgd_b32_rep26_seed1838.pt
cnn,cifar10,qsgd,32,1,0.001,2.078521152496338,0.332,27,1839,59,./checkpoints_grid/cfg059_cnn_cifar10_qsgd_b32_rep27_seed1839.pt
cnn,cifar10,qsgd,32,1,0.001,2.0741455192565916,0.276,28,1840,59,./checkpoints_grid/cfg059_cnn_cifar10_qsgd_b32_rep28_seed1840.pt
cnn,cifar10,qsgd,32,1,0.001,2.0777438468933105,0.332,29,1841,59,./checkpoints_grid/cfg059_cnn_cifar10_qsgd_b32_rep29_seed1841.pt
vit,mnist,none,1,1,0.001,2.2954610585876436,0.236,0,1842,60,./checkpoints_grid/cfg060_vit_mnist_none_b1_rep00_seed1842.pt
vit,mnist,none,1,1,0.001,2.2782714153337618,0.284,1,1843,60,./checkpoints_grid/cfg060_vit_mnist_none_b1_rep01_seed1843.pt
vit,mnist,none,1,1,0.001,2.123521330238993,0.378,2,1844,60,./checkpoints_grid/cfg060_vit_mnist_none_b1_rep02_seed1844.pt
vit,mnist,none,1,1,0.001,2.2227478727209684,0.283,3,1845,60,./checkpoints_grid/cfg060_vit_mnist_none_b1_rep03_seed1845.pt
vit,mnist,none,1,1,0.001,2.214479215518586,0.307,4,1846,60,./checkpoints_grid/cfg060_vit_mnist_none_b1_rep04_seed1846.pt
vit,mnist,none,1,1,0.001,2.210968160704466,0.316,5,1847,60,./checkpoints_grid/cfg060_vit_mnist_none_b1_rep05_seed1847.pt
vit,mnist,none,1,1,0.001,2.2177201236022737,0.236,6,1848,60,./checkpoints_grid/cfg060_vit_mnist_none_b1_rep06_seed1848.pt
vit,mnist,none,1,1,0.001,2.2365947890884708,0.212,7,1849,60,./checkpoints_grid/cfg060_vit_mnist_none_b1_rep07_seed1849.pt
vit,mnist,none,1,1,0.001,2.2245422997332884,0.261,8,1850,60,./checkpoints_grid/cfg060_vit_mnist_none_b1_rep08_seed1850.pt
vit,mnist,none,1,1,0.001,2.274654527497767,0.2,9,1851,60,./checkpoints_grid/cfg060_vit_mnist_none_b1_rep09_seed1851.pt
vit,mnist,none,1,1,0.001,2.212971308630268,0.241,10,1852,60,./checkpoints_grid/cfg060_vit_mnist_none_b1_rep10_seed1852.pt
vit,mnist,none,1,1,0.001,2.2158825500541424,0.217,11,1853,60,./checkpoints_grid/cfg060_vit_mnist_none_b1_rep11_seed1853.pt
vit,mnist,none,1,1,0.001,2.1981655509641165,0.293,12,1854,60,./checkpoints_grid/cfg060_vit_mnist_none_b1_rep12_seed1854.pt
vit,mnist,none,1,1,0.001,2.206983500321291,0.243,13,1855,60,./checkpoints_grid/cfg060_vit_mnist_none_b1_rep13_seed1855.pt
vit,mnist,none,1,1,0.001,2.279144965462532,0.206,14,1856,60,./checkpoints_grid/cfg060_vit_mnist_none_b1_rep14_seed1856.pt
vit,mnist,none,1,1,0.001,2.2895306126207213,0.219,15,1857,60,./checkpoints_grid/cfg060_vit_mnist_none_b1_rep15_seed1857.pt
vit,mnist,none,1,1,0.001,2.0607397244548555,0.174,16,1858,60,./checkpoints_grid/cfg060_vit_mnist_none_b1_rep16_seed1858.pt
vit,mnist,none,1,1,0.001,2.2243853268907006,0.207,17,1859,60,./checkpoints_grid/cfg060_vit_mnist_none_b1_rep17_seed1859.pt
vit,mnist,none,1,1,0.001,2.261204042844962,0.266,18,1860,60,./checkpoints_grid/cfg060_vit_mnist_none_b1_rep18_seed1860.pt
vit,mnist,none,1,1,0.001,2.205414407866636,0.247,19,1861,60,./checkpoints_grid/cfg060_vit_mnist_none_b1_rep19_seed1861.pt
vit,mnist,none,1,1,0.001,2.1937516317482695,0.355,20,1862,60,./checkpoints_grid/cfg060_vit_mnist_none_b1_rep20_seed1862.pt
vit,mnist,none,1,1,0.001,2.2379389304341113,0.253,21,1863,60,./checkpoints_grid/cfg060_vit_mnist_none_b1_rep21_seed1863.pt
vit,mnist,none,1,1,0.001,2.2663890816721612,0.212,22,1864,60,./checkpoints_grid/cfg060_vit_mnist_none_b1_rep22_seed1864.pt
vit,mnist,none,1,1,0.001,2.232672439591701,0.231,23,1865,60,./checkpoints_grid/cfg060_vit_mnist_none_b1_rep23_seed1865.pt
vit,mnist,none,1,1,0.001,2.3042302373655965,0.247,24,1866,60,./checkpoints_grid/cfg060_vit_mnist_none_b1_rep24_seed1866.pt
vit,mnist,none,1,1,0.001,2.2972871937436556,0.163,25,1867,60,./checkpoints_grid/cfg060_vit_mnist_none_b1_rep25_seed1867.pt
vit,mnist,none,1,1,0.001,2.2239686768643705,0.218,26,1868,60,./checkpoints_grid/cfg060_vit_mnist_none_b1_rep26_seed1868.pt
vit,mnist,none,1,1,0.001,2.2246900268787075,0.27,27,1869,60,./checkpoints_grid/cfg060_vit_mnist_none_b1_rep27_seed1869.pt
vit,mnist,none,1,1,0.001,2.224678530369994,0.259,28,1870,60,./checkpoints_grid/cfg060_vit_mnist_none_b1_rep28_seed1870.pt
vit,mnist,none,1,1,0.001,2.240574430831961,0.182,29,1871,60,./checkpoints_grid/cfg060_vit_mnist_none_b1_rep29_seed1871.pt
vit,mnist,none,32,1,0.001,1.821742380142212,0.467,0,1872,61,./checkpoints_grid/cfg061_vit_mnist_none_b32_rep00_seed1872.pt
vit,mnist,none,32,1,0.001,1.819289402961731,0.46,1,1873,61,./checkpoints_grid/cfg061_vit_mnist_none_b32_rep01_seed1873.pt
vit,mnist,none,32,1,0.001,1.8825657348632812,0.462,2,1874,61,./checkpoints_grid/cfg061_vit_mnist_none_b32_rep02_seed1874.pt
vit,mnist,none,32,1,0.001,1.8361996784210206,0.479,3,1875,61,./checkpoints_grid/cfg061_vit_mnist_none_b32_rep03_seed1875.pt
vit,mnist,none,32,1,0.001,1.7925606184005738,0.484,4,1876,61,./checkpoints_grid/cfg061_vit_mnist_none_b32_rep04_seed1876.pt
vit,mnist,none,32,1,0.001,1.8407216749191284,0.454,5,1877,61,./checkpoints_grid/cfg061_vit_mnist_none_b32_rep05_seed1877.pt
vit,mnist,none,32,1,0.001,1.768488793373108,0.526,6,1878,61,./checkpoints_grid/cfg061_vit_mnist_none_b32_rep06_seed1878.pt
vit,mnist,none,32,1,0.001,1.9139456443786622,0.497,7,1879,61,./checkpoints_grid/cfg061_vit_mnist_none_b32_rep07_seed1879.pt
vit,mnist,none,32,1,0.001,1.7541795263290405,0.476,8,1880,61,./checkpoints_grid/cfg061_vit_mnist_none_b32_rep08_seed1880.pt
vit,mnist,none,32,1,0.001,1.825490571498871,0.48,9,1881,61,./checkpoints_grid/cfg061_vit_mnist_none_b32_rep09_seed1881.pt
vit,mnist,none,32,1,0.001,1.8270634412765503,0.426,10,1882,61,./checkpoints_grid/cfg061_vit_mnist_none_b32_rep10_seed1882.pt
vit,mnist,none,32,1,0.001,1.8061358728408814,0.447,11,1883,61,./checkpoints_grid/cfg061_vit_mnist_none_b32_rep11_seed1883.pt
vit,mnist,none,32,1,0.001,1.876615668296814,0.42,12,1884,61,./checkpoints_grid/cfg061_vit_mnist_none_b32_rep12_seed1884.pt
vit,mnist,none,32,1,0.001,1.7639318542480469,0.44,13,1885,61,./checkpoints_grid/cfg061_vit_mnist_none_b32_rep13_seed1885.pt
vit,mnist,none,32,1,0.001,1.7763596630096437,0.415,14,1886,61,./checkpoints_grid/cfg061_vit_mnist_none_b32_rep14_seed1886.pt
vit,mnist,none,32,1,0.001,1.7927245197296142,0.526,15,1887,61,./checkpoints_grid/cfg061_vit_mnist_none_b32_rep15_seed1887.pt
vit,mnist,none,32,1,0.001,1.7860038928985595,0.474,16,1888,61,./checkpoints_grid/cfg061_vit_mnist_none_b32_rep16_seed1888.pt
vit,mnist,none,32,1,0.001,1.7611882677078248,0.475,17,1889,61,./checkpoints_grid/cfg061_vit_mnist_none_b32_rep17_seed1889.pt
vit,mnist,none,32,1,0.001,1.7716455125808717,0.445,18,1890,61,./checkpoints_grid/cfg061_vit_mnist_none_b32_rep18_seed1890.pt
vit,mnist,none,32,1,0.001,1.7865674848556519,0.504,19,1891,61,./checkpoints_grid/cfg061_vit_mnist_none_b32_rep19_seed1891.pt
vit,mnist,none,32,1,0.001,1.8044781093597413,0.427,20,1892,61,./checkpoints_grid/cfg061_vit_mnist_none_b32_rep20_seed1892.pt
vit,mnist,none,32,1,0.001,1.7562581782341002,0.459,21,1893,61,./checkpoints_grid/cfg061_vit_mnist_none_b32_rep21_seed1893.pt
vit,mnist,none,32,1,0.001,1.7603722219467164,0.462,22,1894,61,./checkpoints_grid/cfg061_vit_mnist_none_b32_rep22_seed1894.pt
vit,mnist,none,32,1,0.001,1.8105168151855469,0.496,23,1895,61,./checkpoints_grid/cfg061_vit_mnist_none_b32_rep23_seed1895.pt
vit,mnist,none,32,1,0.001,1.7886482639312744,0.423,24,1896,61,./checkpoints_grid/cfg061_vit_mnist_none_b32_rep24_seed1896.pt
vit,mnist,none,32,1,0.001,1.8054229831695556,0.437,25,1897,61,./checkpoints_grid/cfg061_vit_mnist_none_b32_rep25_seed1897.pt
vit,mnist,none,32,1,0.001,1.7930739650726317,0.505,26,1898,61,./checkpoints_grid/cfg061_vit_mnist_none_b32_rep26_seed1898.pt
vit,mnist,none,32,1,0.001,1.8507485752105712,0.402,27,1899,61,./checkpoints_grid/cfg061_vit_mnist_none_b32_rep27_seed1899.pt
vit,mnist,none,32,1,0.001,1.7940052642822266,0.429,28,1900,61,./checkpoints_grid/cfg061_vit_mnist_none_b32_rep28_seed1900.pt
vit,mnist,none,32,1,0.001,1.7997849292755126,0.48,29,1901,61,./checkpoints_grid/cfg061_vit_mnist_none_b32_rep29_seed1901.pt
vit,mnist,topk,1,1,0.001,2.2289487701645556,0.293,0,1902,62,./checkpoints_grid/cfg062_vit_mnist_topk_b1_rep00_seed1902.pt
vit,mnist,topk,1,1,0.001,2.163674458708214,0.289,1,1903,62,./checkpoints_grid/cfg062_vit_mnist_topk_b1_rep01_seed1903.pt
vit,mnist,topk,1,1,0.001,2.144824984812169,0.285,2,1904,62,./checkpoints_grid/cfg062_vit_mnist_topk_b1_rep02_seed1904.pt
vit,mnist,topk,1,1,0.001,2.1850844209149023,0.306,3,1905,62,./checkpoints_grid/cfg062_vit_mnist_topk_b1_rep03_seed1905.pt
vit,mnist,topk,1,1,0.001,2.1776539739476393,0.266,4,1906,62,./checkpoints_grid/cfg062_vit_mnist_topk_b1_rep04_seed1906.pt
vit,mnist,topk,1,1,0.001,2.1975303674397435,0.327,5,1907,62,./checkpoints_grid/cfg062_vit_mnist_topk_b1_rep05_seed1907.pt
vit,mnist,topk,1,1,0.001,2.239036846463074,0.249,6,1908,62,./checkpoints_grid/cfg062_vit_mnist_topk_b1_rep06_seed1908.pt
vit,mnist,topk,1,1,0.001,2.22235921766356,0.343,7,1909,62,./checkpoints_grid/cfg062_vit_mnist_topk_b1_rep07_seed1909.pt
vit,mnist,topk,1,1,0.001,2.2205805302736583,0.275,8,1910,62,./checkpoints_grid/cfg062_vit_mnist_topk_b1_rep08_seed1910.pt
vit,mnist,topk,1,1,0.001,2.168110723170419,0.345,9,1911,62,./checkpoints_grid/cfg062_vit_mnist_topk_b1_rep09_seed1911.pt
vit,mnist,topk,1,1,0.001,2.147587091962534,0.376,10,1912,62,./checkpoints_grid/cfg062_vit_mnist_topk_b1_rep10_seed1912.pt
vit,mnist,topk,1,1,0.001,2.1913353833840663,0.282,11,1913,62,./checkpoints_grid/cfg062_vit_mnist_topk_b1_rep11_seed1913.pt
vit,mnist,topk,1,1,0.001,2.174857136502771,0.256,12,1914,62,./checkpoints_grid/cfg062_vit_mnist_topk_b1_rep12_seed1914.pt
vit,mnist,topk,1,1,0.001,2.119140926416926,0.408,13,1915,62,./checkpoints_grid/cfg062_vit_mnist_topk_b1_rep13_seed1915.pt
vit,mnist,topk,1,1,0.001,2.1937204006260327,0.295,14,1916,62,./checkpoints_grid/cfg062_vit_mnist_topk_b1_rep14_seed1916.pt
vit,mnist,topk,1,1,0.001,2.2644056758992566,0.282,15,1917,62,./checkpoints_grid/cfg062_vit_mnist_topk_b1_rep15_seed1917.pt
vit,mnist,topk,1,1,0.001,2.232466392242288,0.288,16,1918,62,./checkpoints_grid/cfg062_vit_mnist_topk_b1_rep16_seed1918.pt
vit,mnist,topk,1,1,0.001,2.2074784530823055,0.276,17,1919,62,./checkpoints_grid/cfg062_vit_mnist_topk_b1_rep17_seed1919.pt
vit,mnist,topk,1,1,0.001,2.179844627970905,0.325,18,1920,62,./checkpoints_grid/cfg062_vit_mnist_topk_b1_rep18_seed1920.pt
vit,mnist,topk,1,1,0.001,2.2129922099393333,0.287,19,1921,62,./checkpoints_grid/cfg062_vit_mnist_topk_b1_rep19_seed1921.pt
vit,mnist,topk,1,1,0.001,2.2643627593992717,0.235,20,1922,62,./checkpoints_grid/cfg062_vit_mnist_topk_b1_rep20_seed1922.pt
vit,mnist,topk,1,1,0.001,2.201944012522562,0.314,21,1923,62,./checkpoints_grid/cfg062_vit_mnist_topk_b1_rep21_seed1923.pt
vit,mnist,topk,1,1,0.001,2.1859489214220305,0.308,22,1924,62,./checkpoints_grid/cfg062_vit_mnist_topk_b1_rep22_seed1924.pt
vit,mnist,topk,1,1,0.001,2.140407893555639,0.315,23,1925,62,./checkpoints_grid/cfg062_vit_mnist_topk_b1_rep23_seed1925.pt
vit,mnist,topk,1,1,0.001,2.1742096149055214,0.264,24,1926,62,./checkpoints_grid/cfg062_vit_mnist_topk_b1_rep24_seed1926.pt
vit,mnist,topk,1,1,0.001,2.206010884422477,0.276,25,1927,62,./checkpoints_grid/cfg062_vit_mnist_topk_b1_rep25_seed1927.pt
vit,mnist,topk,1,1,0.001,2.236543676337198,0.296,26,1928,62,./checkpoints_grid/cfg062_vit_mnist_topk_b1_rep26_seed1928.pt
vit,mnist,topk,1,1,0.001,2.2393127262606867,0.282,27,1929,62,./checkpoints_grid/cfg062_vit_mnist_topk_b1_rep27_seed1929.pt
vit,mnist,topk,1,1,0.001,2.136336296748681,0.311,28,1930,62,./checkpoints_grid/cfg062_vit_mnist_topk_b1_rep28_seed1930.pt
vit,mnist,topk,1,1,0.001,2.2283373156812196,0.211,29,1931,62,./checkpoints_grid/cfg062_vit_mnist_topk_b1_rep29_seed1931.pt
vit,mnist,topk,32,1,0.001,1.917281189918518,0.384,0,1932,63,./checkpoints_grid/cfg063_vit_mnist_topk_b32_rep00_seed1932.pt
vit,mnist,topk,32,1,0.001,1.8672481060028077,0.39,1,1933,63,./checkpoints_grid/cfg063_vit_mnist_topk_b32_rep01_seed1933.pt
vit,mnist,topk,32,1,0.001,1.9232544136047363,0.357,2,1934,63,./checkpoints_grid/cfg063_vit_mnist_topk_b32_rep02_seed1934.pt
vit,mnist,topk,32,1,0.001,1.9378296918869018,0.381,3,1935,63,./checkpoints_grid/cfg063_vit_mnist_topk_b32_rep03_seed1935.pt
vit,mnist,topk,32,1,0.001,1.906900592803955,0.396,4,1936,63,./checkpoints_grid/cfg063_vit_mnist_topk_b32_rep04_seed1936.pt
vit,mnist,topk,32,1,0.001,2.0016768074035642,0.357,5,1937,63,./checkpoints_grid/cfg063_vit_mnist_topk_b32_rep05_seed1937.pt
vit,mnist,topk,32,1,0.001,1.879374402999878,0.378,6,1938,63,./checkpoints_grid/cfg063_vit_mnist_topk_b32_rep06_seed1938.pt
vit,mnist,topk,32,1,0.001,1.903990858078003,0.4,7,1939,63,./checkpoints_grid/cfg063_vit_mnist_topk_b32_rep07_seed1939.pt
vit,mnist,topk,32,1,0.001,1.9173382844924927,0.37,8,1940,63,./checkpoints_grid/cfg063_vit_mnist_topk_b32_rep08_seed1940.pt
vit,mnist,topk,32,1,0.001,1.9212484931945801,0.411,9,1941,63,./checkpoints_grid/cfg063_vit_mnist_topk_b32_rep09_seed1941.pt
vit,mnist,topk,32,1,0.001,1.8965865812301637,0.39,10,1942,63,./checkpoints_grid/cfg063_vit_mnist_topk_b32_rep10_seed1942.pt
vit,mnist,topk,32,1,0.001,1.9503386993408203,0.36,11,1943,63,./checkpoints_grid/cfg063_vit_mnist_topk_b32_rep11_seed1943.pt
vit,mnist,topk,32,1,0.001,1.910902756690979,0.32,12,1944,63,./checkpoints_grid/cfg063_vit_mnist_topk_b32_rep12_seed1944.pt
vit,mnist,topk,32,1,0.001,1.9554636087417603,0.42,13,1945,63,./checkpoints_grid/cfg063_vit_mnist_topk_b32_rep13_seed1945.pt
vit,mnist,topk,32,1,0.001,1.9671737670898437,0.369,14,1946,63,./checkpoints_grid/cfg063_vit_mnist_topk_b32_rep14_seed1946.pt
vit,mnist,topk,32,1,0.001,1.9526630821228028,0.404,15,1947,63,./checkpoints_grid/cfg063_vit_mnist_topk_b32_rep15_seed1947.pt
vit,mnist,topk,32,1,0.001,1.913779372215271,0.427,16,1948,63,./checkpoints_grid/cfg063_vit_mnist_topk_b32_rep16_seed1948.pt
vit,mnist,topk,32,1,0.001,1.9021684226989746,0.421,17,1949,63,./checkpoints_grid/cfg063_vit_mnist_topk_b32_rep17_seed1949.pt
vit,mnist,topk,32,1,0.001,1.985943769454956,0.352,18,1950,63,./checkpoints_grid/cfg063_vit_mnist_topk_b32_rep18_seed1950.pt
vit,mnist,topk,32,1,0.001,1.9236808919906616,0.38,19,1951,63,./checkpoints_grid/cfg063_vit_mnist_topk_b32_rep19_seed1951.pt
vit,mnist,topk,32,1,0.001,1.956725793838501,0.386,20,1952,63,./checkpoints_grid/cfg063_vit_mnist_topk_b32_rep20_seed1952.pt
vit,mnist,topk,32,1,0.001,1.9031200189590454,0.358,21,1953,63,./checkpoints_grid/cfg063_vit_mnist_topk_b32_rep21_seed1953.pt
vit,mnist,topk,32,1,0.001,1.8594642467498779,0.377,22,1954,63,./checkpoints_grid/cfg063_vit_mnist_topk_b32_rep22_seed1954.pt
vit,mnist,topk,32,1,0.001,1.9398451862335204,0.397,23,1955,63,./checkpoints_grid/cfg063_vit_mnist_topk_b32_rep23_seed1955.pt
vit,mnist,topk,32,1,0.001,1.941147647857666,0.354,24,1956,63,./checkpoints_grid/cfg063_vit_mnist_topk_b32_rep24_seed1956.pt
vit,mnist,topk,32,1,0.001,1.9158652381896972,0.378,25,1957,63,./checkpoints_grid/cfg063_vit_mnist_topk_b32_rep25_seed1957.pt
vit,mnist,topk,32,1,0.001,1.8687373600006103,0.399,26,1958,63,./checkpoints_grid/cfg063_vit_mnist_topk_b32_rep26_seed1958.pt
vit,mnist,topk,32,1,0.001,1.9573036031723023,0.388,27,1959,63,./checkpoints_grid/cfg063_vit_mnist_topk_b32_rep27_seed1959.pt
vit,mnist,topk,32,1,0.001,1.9317008008956909,0.394,28,1960,63,./checkpoints_grid/cfg063_vit_mnist_topk_b32_rep28_seed1960.pt
vit,mnist,topk,32,1,0.001,1.9563959856033326,0.356,29,1961,63,./checkpoints_grid/cfg063_vit_mnist_topk_b32_rep29_seed1961.pt
vit,mnist,dpsgd,1,1,0.001,2.574342432308942,0.166,0,1962,64,./checkpoints_grid/cfg064_vit_mnist_dpsgd_b1_rep00_seed1962.pt
vit,mnist,dpsgd,1,1,0.001,2.5000642030388116,0.189,1,1963,64,./checkpoints_grid/cfg064_vit_mnist_dpsgd_b1_rep01_seed1963.pt
vit,mnist,dpsgd,1,1,0.001,2.5146273634433745,0.12,2,1964,64,./checkpoints_grid/cfg064_vit_mnist_dpsgd_b1_rep02_seed1964.pt
vit,mnist,dpsgd,1,1,0.001,2.578186358824372,0.202,3,1965,64,./checkpoints_grid/cfg064_vit_mnist_dpsgd_b1_rep03_seed1965.pt
vit,mnist,dpsgd,1,1,0.001,2.5856834048330786,0.099,4,1966,64,./checkpoints_grid/cfg064_vit_mnist_dpsgd_b1_rep04_seed1966.pt
vit,mnist,dpsgd,1,1,0.001,2.520365372158587,0.123,5,1967,64,./checkpoints_grid/cfg064_vit_mnist_dpsgd_b1_rep05_seed1967.pt
vit,mnist,dpsgd,1,1,0.001,2.6041306166946887,0.089,6,1968,64,./checkpoints_grid/cfg064_vit_mnist_dpsgd_b1_rep06_seed1968.pt
vit,mnist,dpsgd,1,1,0.001,2.5880089870840313,0.145,7,1969,64,./checkpoints_grid/cfg064_vit_mnist_dpsgd_b1_rep07_seed1969.pt
vit,mnist,dpsgd,1,1,0.001,2.534957157600671,0.177,8,1970,64,./checkpoints_grid/cfg064_vit_mnist_dpsgd_b1_rep08_seed1970.pt
vit,mnist,dpsgd,1,1,0.001,2.524602434054017,0.118,9,1971,64,./checkpoints_grid/cfg064_vit_mnist_dpsgd_b1_rep09_seed1971.pt
vit,mnist,dpsgd,1,1,0.001,2.53271642074734,0.15,10,1972,64,./checkpoints_grid/cfg064_vit_mnist_dpsgd_b1_rep10_seed1972.pt
vit,mnist,dpsgd,1,1,0.001,2.5304064044877888,0.115,11,1973,64,./checkpoints_grid/cfg064_vit_mnist_dpsgd_b1_rep11_seed1973.pt
vit,mnist,dpsgd,1,1,0.001,2.5313462716192006,0.154,12,1974,64,./checkpoints_grid/cfg064_vit_mnist_dpsgd_b1_rep12_seed1974.pt
vit,mnist,dpsgd,1,1,0.001,2.501010159453377,0.145,13,1975,64,./checkpoints_grid/cfg064_vit_mnist_dpsgd_b1_rep13_seed1975.pt
vit,mnist,dpsgd,1,1,0.001,2.5677605827599765,0.132,14,1976,64,./checkpoints_grid/cfg064_vit_mnist_dpsgd_b1_rep14_seed1976.pt
vit,mnist,dpsgd,1,1,0.001,2.5530675246864556,0.105,15,1977,64,./checkpoints_grid/cfg064_vit_mnist_dpsgd_b1_rep15_seed1977.pt
vit,mnist,dpsgd,1,1,0.001,2.466558404572308,0.148,16,1978,64,./checkpoints_grid/cfg064_vit_mnist_dpsgd_b1_rep16_seed1978.pt
vit,mnist,dpsgd,1,1,0.001,2.469615877829492,0.14,17,1979,64,./checkpoints_grid/cfg064_vit_mnist_dpsgd_b1_rep17_seed1979.pt
vit,mnist,dpsgd,1,1,0.001,2.533779516607523,0.113,18,1980,64,./checkpoints_grid/cfg064_vit_mnist_dpsgd_b1_rep18_seed1980.pt
vit,mnist,dpsgd,1,1,0.001,2.529020894885063,0.152,19,1981,64,./checkpoints_grid/cfg064_vit_mnist_dpsgd_b1_rep19_seed1981.pt
vit,mnist,dpsgd,1,1,0.001,2.5903387663438915,0.117,20,1982,64,./checkpoints_grid/cfg064_vit_mnist_dpsgd_b1_rep20_seed1982.pt
vit,mnist,dpsgd,1,1,0.001,2.5640656285509467,0.221,21,1983,64,./checkpoints_grid/cfg064_vit_mnist_dpsgd_b1_rep21_seed1983.pt
vit,mnist,dpsgd,1,1,0.001,2.548959751427174,0.107,22,1984,64,./checkpoints_grid/cfg064_vit_mnist_dpsgd_b1_rep22_seed1984.pt
vit,mnist,dpsgd,1,1,0.001,2.5087715088501574,0.09,23,1985,64,./checkpoints_grid/cfg064_vit_mnist_dpsgd_b1_rep23_seed1985.pt
vit,mnist,dpsgd,1,1,0.001,2.5494758234098556,0.11,24,1986,64,./checkpoints_grid/cfg064_vit_mnist_dpsgd_b1_rep24_seed1986.pt
vit,mnist,dpsgd,1,1,0.001,2.584761019915342,0.098,25,1987,64,./checkpoints_grid/cfg064_vit_mnist_dpsgd_b1_rep25_seed1987.pt
vit,mnist,dpsgd,1,1,0.001,2.5213260266147555,0.194,26,1988,64,./checkpoints_grid/cfg064_vit_mnist_dpsgd_b1_rep26_seed1988.pt
vit,mnist,dpsgd,1,1,0.001,2.539599980264902,0.192,27,1989,64,./checkpoints_grid/cfg064_vit_mnist_dpsgd_b1_rep27_seed1989.pt
vit,mnist,dpsgd,1,1,0.001,2.569834227677435,0.088,28,1990,64,./checkpoints_grid/cfg064_vit_mnist_dpsgd_b1_rep28_seed1990.pt
vit,mnist,dpsgd,1,1,0.001,2.496765076443553,0.096,29,1991,64,./checkpoints_grid/cfg064_vit_mnist_dpsgd_b1_rep29_seed1991.pt
vit,mnist,dpsgd,32,1,0.001,2.3765435161590576,0.113,0,1992,65,./checkpoints_grid/cfg065_vit_mnist_dpsgd_b32_rep00_seed1992.pt
vit,mnist,dpsgd,32,1,0.001,2.3955456943511964,0.08,1,1993,65,./checkpoints_grid/cfg065_vit_mnist_dpsgd_b32_rep01_seed1993.pt
vit,mnist,dpsgd,32,1,0.001,2.3720434055328368,0.095,2,1994,65,./checkpoints_grid/cfg065_vit_mnist_dpsgd_b32_rep02_seed1994.pt
vit,mnist,dpsgd,32,1,0.001,2.327387742996216,0.17,3,1995,65,./checkpoints_grid/cfg065_vit_mnist_dpsgd_b32_rep03_seed1995.pt
vit,mnist,dpsgd,32,1,0.001,2.437519428253174,0.156,4,1996,65,./checkpoints_grid/cfg065_vit_mnist_dpsgd_b32_rep04_seed1996.pt
vit,mnist,dpsgd,32,1,0.001,2.5070523433685303,0.062,5,1997,65,./checkpoints_grid/cfg065_vit_mnist_dpsgd_b32_rep05_seed1997.pt
vit,mnist,dpsgd,32,1,0.001,2.3650753402709963,0.168,6,1998,65,./checkpoints_grid/cfg065_vit_mnist_dpsgd_b32_rep06_seed1998.pt
vit,mnist,dpsgd,32,1,0.001,2.3691210384368895,0.197,7,1999,65,./checkpoints_grid/cfg065_vit_mnist_dpsgd_b32_rep07_seed1999.pt
vit,mnist,dpsgd,32,1,0.001,2.409576290130615,0.113,8,2000,65,./checkpoints_grid/cfg065_vit_mnist_dpsgd_b32_rep08_seed2000.pt
vit,mnist,dpsgd,32,1,0.001,2.3821068534851073,0.121,9,2001,65,./checkpoints_grid/cfg065_vit_mnist_dpsgd_b32_rep09_seed2001.pt
vit,mnist,dpsgd,32,1,0.001,2.398861228942871,0.08,10,2002,65,./checkpoints_grid/cfg065_vit_mnist_dpsgd_b32_rep10_seed2002.pt
vit,mnist,dpsgd,32,1,0.001,2.3657573738098145,0.098,11,2003,65,./checkpoints_grid/cfg065_vit_mnist_dpsgd_b32_rep11_seed2003.pt
vit,mnist,dpsgd,32,1,0.001,2.485725044250488,0.181,12,2004,65,./checkpoints_grid/cfg065_vit_mnist_dpsgd_b32_rep12_seed2004.pt
vit,mnist,dpsgd,32,1,0.001,2.3793497104644774,0.092,13,2005,65,./checkpoints_grid/cfg065_vit_mnist_dpsgd_b32_rep13_seed2005.pt
vit,mnist,dpsgd,32,1,0.001,2.371878870010376,0.073,14,2006,65,./checkpoints_grid/cfg065_vit_mnist_dpsgd_b32_rep14_seed2006.pt
vit,mnist,dpsgd,32,1,0.001,2.433637523651123,0.205,15,2007,65,./checkpoints_grid/cfg065_vit_mnist_dpsgd_b32_rep15_seed2007.pt
vit,mnist,dpsgd,32,1,0.001,2.471376459121704,0.094,16,2008,65,./checkpoints_grid/cfg065_vit_mnist_dpsgd_b32_rep16_seed2008.pt
vit,mnist,dpsgd,32,1,0.001,2.394267696380615,0.139,17,2009,65,./checkpoints_grid/cfg065_vit_mnist_dpsgd_b32_rep17_seed2009.pt
vit,mnist,dpsgd,32,1,0.001,2.396428922653198,0.109,18,2010,65,./checkpoints_grid/cfg065_vit_mnist_dpsgd_b32_rep18_seed2010.pt
vit,mnist,dpsgd,32,1,0.001,2.422494710922241,0.087,19,2011,65,./checkpoints_grid/cfg065_vit_mnist_dpsgd_b32_rep19_seed2011.pt
vit,mnist,dpsgd,32,1,0.001,2.37296413230896,0.105,20,2012,65,./checkpoints_grid/cfg065_vit_mnist_dpsgd_b32_rep20_seed2012.pt
vit,mnist,dpsgd,32,1,0.001,2.3927835159301756,0.088,21,2013,65,./checkpoints_grid/cfg065_vit_mnist_dpsgd_b32_rep21_seed2013.pt
vit,mnist,dpsgd,32,1,0.001,2.333926992416382,0.167,22,2014,65,./checkpoints_grid/cfg065_vit_mnist_dpsgd_b32_rep22_seed2014.pt
vit,mnist,dpsgd,32,1,0.001,2.3664222469329834,0.123,23,2015,65,./checkpoints_grid/cfg065_vit_mnist_dpsgd_b32_rep23_seed2015.pt
vit,mnist,dpsgd,32,1,0.001,2.397519245147705,0.088,24,2016,65,./checkpoints_grid/cfg065_vit_mnist_dpsgd_b32_rep24_seed2016.pt
vit,mnist,dpsgd,32,1,0.001,2.340975589752197,0.124,25,2017,65,./checkpoints_grid/cfg065_vit_mnist_dpsgd_b32_rep25_seed2017.pt
vit,mnist,dpsgd,32,1,0.001,2.343289545059204,0.171,26,2018,65,./checkpoints_grid/cfg065_vit_mnist_dpsgd_b32_rep26_seed2018.pt
vit,mnist,dpsgd,32,1,0.001,2.391341007232666,0.1,27,2019,65,./checkpoints_grid/cfg065_vit_mnist_dpsgd_b32_rep27_seed2019.pt
vit,mnist,dpsgd,32,1,0.001,2.368029375076294,0.115,28,2020,65,./checkpoints_grid/cfg065_vit_mnist_dpsgd_b32_rep28_seed2020.pt
vit,mnist,dpsgd,32,1,0.001,2.3028271808624265,0.198,29,2021,65,./checkpoints_grid/cfg065_vit_mnist_dpsgd_b32_rep29_seed2021.pt
vit,mnist,randomk,1,1,0.001,1.8935063095666493,0.437,0,2022,66,./checkpoints_grid/cfg066_vit_mnist_randomk_b1_rep00_seed2022.pt
vit,mnist,randomk,1,1,0.001,1.9534610693087424,0.409,1,2023,66,./checkpoints_grid/cfg066_vit_mnist_randomk_b1_rep01_seed2023.pt
vit,mnist,randomk,1,1,0.001,1.948405921162413,0.417,2,2024,66,./checkpoints_grid/cfg066_vit_mnist_randomk_b1_rep02_seed2024.pt
vit,mnist,randomk,1,1,0.001,1.931286897715742,0.492,3,2025,66,./checkpoints_grid/cfg066_vit_mnist_randomk_b1_rep03_seed2025.pt
vit,mnist,randomk,1,1,0.001,1.9149415373779148,0.287,4,2026,66,./checkpoints_grid/cfg066_vit_mnist_randomk_b1_rep04_seed2026.pt
vit,mnist,randomk,1,1,0.001,1.930030121632646,0.396,5,2027,66,./checkpoints_grid/cfg066_vit_mnist_randomk_b1_rep05_seed2027.pt
vit,mnist,randomk,1,1,0.001,1.875629763121387,0.462,6,2028,66,./checkpoints_grid/cfg066_vit_mnist_randomk_b1_rep06_seed2028.pt
vit,mnist,randomk,1,1,0.001,1.9873176393472722,0.286,7,2029,66,./checkpoints_grid/cfg066_vit_mnist_randomk_b1_rep07_seed2029.pt
vit,mnist,randomk,1,1,0.001,1.9112515870029507,0.464,8,2030,66,./checkpoints_grid/cfg066_vit_mnist_randomk_b1_rep08_seed2030.pt
vit,mnist,randomk,1,1,0.001,1.9258858125315272,0.472,9,2031,66,./checkpoints_grid/cfg066_vit_mnist_randomk_b1_rep09_seed2031.pt
vit,mnist,randomk,1,1,0.001,1.9408051665621766,0.472,10,2032,66,./checkpoints_grid/cfg066_vit_mnist_randomk_b1_rep10_seed2032.pt
vit,mnist,randomk,1,1,0.001,1.9999162764956109,0.449,11,2033,66,./checkpoints_grid/cfg066_vit_mnist_randomk_b1_rep11_seed2033.pt
vit,mnist,randomk,1,1,0.001,1.9329122266597978,0.423,12,2034,66,./checkpoints_grid/cfg066_vit_mnist_randomk_b1_rep12_seed2034.pt
vit,mnist,randomk,1,1,0.001,1.9878458145660238,0.397,13,2035,66,./checkpoints_grid/cfg066_vit_mnist_randomk_b1_rep13_seed2035.pt
vit,mnist,randomk,1,1,0.001,1.8876717954618796,0.457,14,2036,66,./checkpoints_grid/cfg066_vit_mnist_randomk_b1_rep14_seed2036.pt
vit,mnist,randomk,1,1,0.001,1.9400969565869595,0.45,15,2037,66,./checkpoints_grid/cfg066_vit_mnist_randomk_b1_rep15_seed2037.pt
vit,mnist,randomk,1,1,0.001,1.954861332716299,0.432,16,2038,66,./checkpoints_grid/cfg066_vit_mnist_randomk_b1_rep16_seed2038.pt
vit,mnist,randomk,1,1,0.001,1.8937167565594402,0.504,17,2039,66,./checkpoints_grid/cfg066_vit_mnist_randomk_b1_rep17_seed2039.pt
vit,mnist,randomk,1,1,0.001,1.9132281161151896,0.448,18,2040,66,./checkpoints_grid/cfg066_vit_mnist_randomk_b1_rep18_seed2040.pt
vit,mnist,randomk,1,1,0.001,1.908220010877828,0.418,19,2041,66,./checkpoints_grid/cfg066_vit_mnist_randomk_b1_rep19_seed2041.pt
vit,mnist,randomk,1,1,0.001,1.9330818385462853,0.387,20,2042,66,./checkpoints_grid/cfg066_vit_mnist_randomk_b1_rep20_seed2042.pt
vit,mnist,randomk,1,1,0.001,1.9417923661413936,0.483,21,2043,66,./checkpoints_grid/cfg066_vit_mnist_randomk_b1_rep21_seed2043.pt
vit,mnist,randomk,1,1,0.001,1.9706208457047814,0.363,22,2044,66,./checkpoints_grid/cfg066_vit_mnist_randomk_b1_rep22_seed2044.pt
vit,mnist,randomk,1,1,0.001,1.9348212361757402,0.41,23,2045,66,./checkpoints_grid/cfg066_vit_mnist_randomk_b1_rep23_seed2045.pt
vit,mnist,randomk,1,1,0.001,1.9575995512564972,0.461,24,2046,66,./checkpoints_grid/cfg066_vit_mnist_randomk_b1_rep24_seed2046.pt
vit,mnist,randomk,1,1,0.001,1.964099291580209,0.378,25,2047,66,./checkpoints_grid/cfg066_vit_mnist_randomk_b1_rep25_seed2047.pt
vit,mnist,randomk,1,1,0.001,1.9493860035227417,0.412,26,2048,66,./checkpoints_grid/cfg066_vit_mnist_randomk_b1_rep26_seed2048.pt
vit,mnist,randomk,1,1,0.001,1.948803164519484,0.39,27,2049,66,./checkpoints_grid/cfg066_vit_mnist_randomk_b1_rep27_seed2049.pt
vit,mnist,randomk,1,1,0.001,1.9427038818794018,0.427,28,2050,66,./checkpoints_grid/cfg066_vit_mnist_randomk_b1_rep28_seed2050.pt
vit,mnist,randomk,1,1,0.001,1.9706833464611226,0.396,29,2051,66,./checkpoints_grid/cfg066_vit_mnist_randomk_b1_rep29_seed2051.pt
vit,mnist,randomk,32,1,0.001,1.8408484230041504,0.435,0,2052,67,./checkpoints_grid/cfg067_vit_mnist_randomk_b32_rep00_seed2052.pt
vit,mnist,randomk,32,1,0.001,1.9027250900268555,0.415,1,2053,67,./checkpoints_grid/cfg067_vit_mnist_randomk_b32_rep01_seed2053.pt
vit,mnist,randomk,32,1,0.001,1.879210536956787,0.448,2,2054,67,./checkpoints_grid/cfg067_vit_mnist_randomk_b32_rep02_seed2054.pt
vit,mnist,randomk,32,1,0.001,1.8917178211212158,0.371,3,2055,67,./checkpoints_grid/cfg067_vit_mnist_randomk_b32_rep03_seed2055.pt
vit,mnist,randomk,32,1,0.001,1.8368332424163818,0.421,4,2056,67,./checkpoints_grid/cfg067_vit_mnist_randomk_b32_rep04_seed2056.pt
vit,mnist,randomk,32,1,0.001,1.8659757118225098,0.416,5,2057,67,./checkpoints_grid/cfg067_vit_mnist_randomk_b32_rep05_seed2057.pt
vit,mnist,randomk,32,1,0.001,1.9699396677017211,0.41,6,2058,67,./checkpoints_grid/cfg067_vit_mnist_randomk_b32_rep06_seed2058.pt
vit,mnist,randomk,32,1,0.001,1.90557515335083,0.335,7,2059,67,./checkpoints_grid/cfg067_vit_mnist_randomk_b32_rep07_seed2059.pt
vit,mnist,randomk,32,1,0.001,1.911495470046997,0.37,8,2060,67,./checkpoints_grid/cfg067_vit_mnist_randomk_b32_rep08_seed2060.pt
vit,mnist,randomk,32,1,0.001,1.827845534324646,0.475,9,2061,67,./checkpoints_grid/cfg067_vit_mnist_randomk_b32_rep09_seed2061.pt
vit,mnist,randomk,32,1,0.001,1.8762117671966552,0.421,10,2062,67,./checkpoints_grid/cfg067_vit_mnist_randomk_b32_rep10_seed2062.pt
vit,mnist,randomk,32,1,0.001,1.9304931735992432,0.378,11,2063,67,./checkpoints_grid/cfg067_vit_mnist_randomk_b32_rep11_seed2063.pt
vit,mnist,randomk,32,1,0.001,1.9312191143035888,0.404,12,2064,67,./checkpoints_grid/cfg067_vit_mnist_randomk_b32_rep12_seed2064.pt
vit,mnist,randomk,32,1,0.001,1.931791293144226,0.403,13,2065,67,./checkpoints_grid/cfg067_vit_mnist_randomk_b32_rep13_seed2065.pt
vit,mnist,randomk,32,1,0.001,1.8867945623397828,0.439,14,2066,67,./checkpoints_grid/cfg067_vit_mnist_randomk_b32_rep14_seed2066.pt
vit,mnist,randomk,32,1,0.001,1.878685604095459,0.439,15,2067,67,./checkpoints_grid/cfg067_vit_mnist_randomk_b32_rep15_seed2067.pt
vit,mnist,randomk,32,1,0.001,1.9411977519989014,0.392,16,2068,67,./checkpoints_grid/cfg067_vit_mnist_randomk_b32_rep16_seed2068.pt
vit,mnist,randomk,32,1,0.001,1.994566948890686,0.395,17,2069,67,./checkpoints_grid/cfg067_vit_mnist_randomk_b32_rep17_seed2069.pt
vit,mnist,randomk,32,1,0.001,1.910001190185547,0.398,18,2070,67,./checkpoints_grid/cfg067_vit_mnist_randomk_b32_rep18_seed2070.pt
vit,mnist,randomk,32,1,0.001,1.9235302877426148,0.456,19,2071,67,./checkpoints_grid/cfg067_vit_mnist_randomk_b32_rep19_seed2071.pt
vit,mnist,randomk,32,1,0.001,1.8839434862136841,0.372,20,2072,67,./checkpoints_grid/cfg067_vit_mnist_randomk_b32_rep20_seed2072.pt
vit,mnist,randomk,32,1,0.001,1.8822521810531616,0.425,21,2073,67,./checkpoints_grid/cfg067_vit_mnist_randomk_b32_rep21_seed2073.pt
vit,mnist,randomk,32,1,0.001,1.9669964570999146,0.355,22,2074,67,./checkpoints_grid/cfg067_vit_mnist_randomk_b32_rep22_seed2074.pt
vit,mnist,randomk,32,1,0.001,1.9036656637191773,0.434,23,2075,67,./checkpoints_grid/cfg067_vit_mnist_randomk_b32_rep23_seed2075.pt
vit,mnist,randomk,32,1,0.001,1.8976138620376586,0.403,24,2076,67,./checkpoints_grid/cfg067_vit_mnist_randomk_b32_rep24_seed2076.pt
vit,mnist,randomk,32,1,0.001,1.9283299684524535,0.434,25,2077,67,./checkpoints_grid/cfg067_vit_mnist_randomk_b32_rep25_seed2077.pt
vit,mnist,randomk,32,1,0.001,1.9617650728225708,0.417,26,2078,67,./checkpoints_grid/cfg067_vit_mnist_randomk_b32_rep26_seed2078.pt
vit,mnist,randomk,32,1,0.001,1.873509313583374,0.449,27,2079,67,./checkpoints_grid/cfg067_vit_mnist_randomk_b32_rep27_seed2079.pt
vit,mnist,randomk,32,1,0.001,1.88542555809021,0.358,28,2080,67,./checkpoints_grid/cfg067_vit_mnist_randomk_b32_rep28_seed2080.pt
vit,mnist,randomk,32,1,0.001,1.8629403629302979,0.456,29,2081,67,./checkpoints_grid/cfg067_vit_mnist_randomk_b32_rep29_seed2081.pt
vit,mnist,qsgd,1,1,0.001,1.9696008895403538,0.308,0,2082,68,./checkpoints_grid/cfg068_vit_mnist_qsgd_b1_rep00_seed2082.pt
vit,mnist,qsgd,1,1,0.001,1.9411940736085416,0.375,1,2083,68,./checkpoints_grid/cfg068_vit_mnist_qsgd_b1_rep01_seed2083.pt
vit,mnist,qsgd,1,1,0.001,1.8872720803119691,0.402,2,2084,68,./checkpoints_grid/cfg068_vit_mnist_qsgd_b1_rep02_seed2084.pt
vit,mnist,qsgd,1,1,0.001,1.9027303872387737,0.384,3,2085,68,./checkpoints_grid/cfg068_vit_mnist_qsgd_b1_rep03_seed2085.pt
vit,mnist,qsgd,1,1,0.001,1.96071763614303,0.427,4,2086,68,./checkpoints_grid/cfg068_vit_mnist_qsgd_b1_rep04_seed2086.pt
vit,mnist,qsgd,1,1,0.001,1.9124027496853695,0.404,5,2087,68,./checkpoints_grid/cfg068_vit_mnist_qsgd_b1_rep05_seed2087.pt
vit,mnist,qsgd,1,1,0.001,1.9372868046005673,0.372,6,2088,68,./checkpoints_grid/cfg068_vit_mnist_qsgd_b1_rep06_seed2088.pt
vit,mnist,qsgd,1,1,0.001,1.9383827719081377,0.402,7,2089,68,./checkpoints_grid/cfg068_vit_mnist_qsgd_b1_rep07_seed2089.pt
vit,mnist,qsgd,1,1,0.001,1.9139726626406466,0.44,8,2090,68,./checkpoints_grid/cfg068_vit_mnist_qsgd_b1_rep08_seed2090.pt
vit,mnist,qsgd,1,1,0.001,1.9067098377532712,0.407,9,2091,68,./checkpoints_grid/cfg068_vit_mnist_qsgd_b1_rep09_seed2091.pt
vit,mnist,qsgd,1,1,0.001,1.901128750494082,0.407,10,2092,68,./checkpoints_grid/cfg068_vit_mnist_qsgd_b1_rep10_seed2092.pt
vit,mnist,qsgd,1,1,0.001,1.9026014518187082,0.348,11,2093,68,./checkpoints_grid/cfg068_vit_mnist_qsgd_b1_rep11_seed2093.pt
vit,mnist,qsgd,1,1,0.001,1.886423924072571,0.384,12,2094,68,./checkpoints_grid/cfg068_vit_mnist_qsgd_b1_rep12_seed2094.pt
vit,mnist,qsgd,1,1,0.001,1.9395830911843914,0.427,13,2095,68,./checkpoints_grid/cfg068_vit_mnist_qsgd_b1_rep13_seed2095.pt
vit,mnist,qsgd,1,1,0.001,1.9270730998352101,0.389,14,2096,68,./checkpoints_grid/cfg068_vit_mnist_qsgd_b1_rep14_seed2096.pt
vit,mnist,qsgd,1,1,0.001,1.9140286895795706,0.405,15,2097,68,./checkpoints_grid/cfg068_vit_mnist_qsgd_b1_rep15_seed2097.pt
vit,mnist,qsgd,1,1,0.001,1.9047593568121857,0.421,16,2098,68,./checkpoints_grid/cfg068_vit_mnist_qsgd_b1_rep16_seed2098.pt
vit,mnist,qsgd,1,1,0.001,1.897888229454804,0.423,17,2099,68,./checkpoints_grid/cfg068_vit_mnist_qsgd_b1_rep17_seed2099.pt
vit,mnist,qsgd,1,1,0.001,1.9461860122270664,0.437,18,2100,68,./checkpoints_grid/cfg068_vit_mnist_qsgd_b1_rep18_seed2100.pt
vit,mnist,qsgd,1,1,0.001,1.9009776267876441,0.398,19,2101,68,./checkpoints_grid/cfg068_vit_mnist_qsgd_b1_rep19_seed2101.pt
vit,mnist,qsgd,1,1,0.001,1.8986089399884405,0.401,20,2102,68,./checkpoints_grid/cfg068_vit_mnist_qsgd_b1_rep20_seed2102.pt
vit,mnist,qsgd,1,1,0.001,1.9512101797017312,0.374,21,2103,68,./checkpoints_grid/cfg068_vit_mnist_qsgd_b1_rep21_seed2103.pt
vit,mnist,qsgd,1,1,0.001,1.875657566676191,0.453,22,2104,68,./checkpoints_grid/cfg068_vit_mnist_qsgd_b1_rep22_seed2104.pt
vit,mnist,qsgd,1,1,0.001,1.9036806635221728,0.462,23,2105,68,./checkpoints_grid/cfg068_vit_mnist_qsgd_b1_rep23_seed2105.pt
vit,mnist,qsgd,1,1,0.001,1.884965127730774,0.428,24,2106,68,./checkpoints_grid/cfg068_vit_mnist_qsgd_b1_rep24_seed2106.pt
vit,mnist,qsgd,1,1,0.001,1.9252558807548212,0.329,25,2107,68,./checkpoints_grid/cfg068_vit_mnist_qsgd_b1_rep25_seed2107.pt
vit,mnist,qsgd,1,1,0.001,1.9349684602875323,0.371,26,2108,68,./checkpoints_grid/cfg068_vit_mnist_qsgd_b1_rep26_seed2108.pt
vit,mnist,qsgd,1,1,0.001,1.9187401634982149,0.426,27,2109,68,./checkpoints_grid/cfg068_vit_mnist_qsgd_b1_rep27_seed2109.pt
vit,mnist,qsgd,1,1,0.001,1.898235246776026,0.399,28,2110,68,./checkpoints_grid/cfg068_vit_mnist_qsgd_b1_rep28_seed2110.pt
vit,mnist,qsgd,1,1,0.001,1.9086774565551787,0.412,29,2111,68,./checkpoints_grid/cfg068_vit_mnist_qsgd_b1_rep29_seed2111.pt
vit,mnist,qsgd,32,1,0.001,2.0873103036880494,0.328,0,2112,69,./checkpoints_grid/cfg069_vit_mnist_qsgd_b32_rep00_seed2112.pt
vit,mnist,qsgd,32,1,0.001,2.022201859474182,0.329,1,2113,69,./checkpoints_grid/cfg069_vit_mnist_qsgd_b32_rep01_seed2113.pt
vit,mnist,qsgd,32,1,0.001,2.047845099449158,0.365,2,2114,69,./checkpoints_grid/cfg069_vit_mnist_qsgd_b32_rep02_seed2114.pt
vit,mnist,qsgd,32,1,0.001,2.0907453746795652,0.356,3,2115,69,./checkpoints_grid/cfg069_vit_mnist_qsgd_b32_rep03_seed2115.pt
vit,mnist,qsgd,32,1,0.001,2.001290265083313,0.353,4,2116,69,./checkpoints_grid/cfg069_vit_mnist_qsgd_b32_rep04_seed2116.pt
vit,mnist,qsgd,32,1,0.001,2.0148176794052124,0.361,5,2117,69,./checkpoints_grid/cfg069_vit_mnist_qsgd_b32_rep05_seed2117.pt
vit,mnist,qsgd,32,1,0.001,2.011066831588745,0.34,6,2118,69,./checkpoints_grid/cfg069_vit_mnist_qsgd_b32_rep06_seed2118.pt
vit,mnist,qsgd,32,1,0.001,2.0132875957489014,0.387,7,2119,69,./checkpoints_grid/cfg069_vit_mnist_qsgd_b32_rep07_seed2119.pt
vit,mnist,qsgd,32,1,0.001,2.1029107398986815,0.32,8,2120,69,./checkpoints_grid/cfg069_vit_mnist_qsgd_b32_rep08_seed2120.pt
vit,mnist,qsgd,32,1,0.001,2.047070562362671,0.365,9,2121,69,./checkpoints_grid/cfg069_vit_mnist_qsgd_b32_rep09_seed2121.pt
vit,mnist,qsgd,32,1,0.001,2.027341064453125,0.341,10,2122,69,./checkpoints_grid/cfg069_vit_mnist_qsgd_b32_rep10_seed2122.pt
vit,mnist,qsgd,32,1,0.001,1.9893247451782226,0.349,11,2123,69,./checkpoints_grid/cfg069_vit_mnist_qsgd_b32_rep11_seed2123.pt
vit,mnist,qsgd,32,1,0.001,2.022768084526062,0.357,12,2124,69,./checkpoints_grid/cfg069_vit_mnist_qsgd_b32_rep12_seed2124.pt
vit,mnist,qsgd,32,1,0.001,1.9683072643280028,0.359,13,2125,69,./checkpoints_grid/cfg069_vit_mnist_qsgd_b32_rep13_seed2125.pt
vit,mnist,qsgd,32,1,0.001,2.098297183036804,0.383,14,2126,69,./checkpoints_grid/cfg069_vit_mnist_qsgd_b32_rep14_seed2126.pt
vit,mnist,qsgd,32,1,0.001,1.9846049938201904,0.37,15,2127,69,./checkpoints_grid/cfg069_vit_mnist_qsgd_b32_rep15_seed2127.pt
vit,mnist,qsgd,32,1,0.001,2.0647245492935182,0.343,16,2128,69,./checkpoints_grid/cfg069_vit_mnist_qsgd_b32_rep16_seed2128.pt
vit,mnist,qsgd,32,1,0.001,2.1001088066101072,0.324,17,2129,69,./checkpoints_grid/cfg069_vit_mnist_qsgd_b32_rep17_seed2129.pt
vit,mnist,qsgd,32,1,0.001,2.0074731302261353,0.343,18,2130,69,./checkpoints_grid/cfg069_vit_mnist_qsgd_b32_rep18_seed2130.pt
vit,mnist,qsgd,32,1,0.001,2.0382173538208006,0.32,19,2131,69,./checkpoints_grid/cfg069_vit_mnist_qsgd_b32_rep19_seed2131.pt
vit,mnist,qsgd,32,1,0.001,2.0376628189086916,0.339,20,2132,69,./checkpoints_grid/cfg069_vit_mnist_qsgd_b32_rep20_seed2132.pt
vit,mnist,qsgd,32,1,0.001,2.0302086753845217,0.358,21,2133,69,./checkpoints_grid/cfg069_vit_mnist_qsgd_b32_rep21_seed2133.pt
vit,mnist,qsgd,32,1,0.001,2.1162981805801393,0.302,22,2134,69,./checkpoints_grid/cfg069_vit_mnist_qsgd_b32_rep22_seed2134.pt
vit,mnist,qsgd,32,1,0.001,2.0581331930160522,0.37,23,2135,69,./checkpoints_grid/cfg069_vit_mnist_qsgd_b32_rep23_seed2135.pt
vit,mnist,qsgd,32,1,0.001,2.0160818853378295,0.352,24,2136,69,./checkpoints_grid/cfg069_vit_mnist_qsgd_b32_rep24_seed2136.pt
vit,mnist,qsgd,32,1,0.001,1.9853572883605957,0.376,25,2137,69,./checkpoints_grid/cfg069_vit_mnist_qsgd_b32_rep25_seed2137.pt
vit,mnist,qsgd,32,1,0.001,2.0788147649765016,0.353,26,2138,69,./checkpoints_grid/cfg069_vit_mnist_qsgd_b32_rep26_seed2138.pt
vit,mnist,qsgd,32,1,0.001,2.0806836261749266,0.332,27,2139,69,./checkpoints_grid/cfg069_vit_mnist_qsgd_b32_rep27_seed2139.pt
vit,mnist,qsgd,32,1,0.001,2.0409868383407592,0.338,28,2140,69,./checkpoints_grid/cfg069_vit_mnist_qsgd_b32_rep28_seed2140.pt
vit,mnist,qsgd,32,1,0.001,2.0329470853805542,0.357,29,2141,69,./checkpoints_grid/cfg069_vit_mnist_qsgd_b32_rep29_seed2141.pt
vit,fashion-mnist,none,1,1,0.001,1.9416143245075073,0.356,0,2142,70,./checkpoints_grid/cfg070_vit_fashion_mnist_none_b1_rep00_seed2142.pt
vit,fashion-mnist,none,1,1,0.001,1.7849296732828435,0.465,1,2143,70,./checkpoints_grid/cfg070_vit_fashion_mnist_none_b1_rep01_seed2143.pt
vit,fashion-mnist,none,1,1,0.001,1.9076486887025021,0.462,2,2144,70,./checkpoints_grid/cfg070_vit_fashion_mnist_none_b1_rep02_seed2144.pt
vit,fashion-mnist,none,1,1,0.001,1.9429477109300033,0.389,3,2145,70,./checkpoints_grid/cfg070_vit_fashion_mnist_none_b1_rep03_seed2145.pt
vit,fashion-mnist,none,1,1,0.001,1.9770740168954017,0.416,4,2146,70,./checkpoints_grid/cfg070_vit_fashion_mnist_none_b1_rep04_seed2146.pt
vit,fashion-mnist,none,1,1,0.001,1.83558407080212,0.453,5,2147,70,./checkpoints_grid/cfg070_vit_fashion_mnist_none_b1_rep05_seed2147.pt
vit,fashion-mnist,none,1,1,0.001,1.926168854435538,0.358,6,2148,70,./checkpoints_grid/cfg070_vit_fashion_mnist_none_b1_rep06_seed2148.pt
vit,fashion-mnist,none,1,1,0.001,1.922974686861755,0.539,7,2149,70,./checkpoints_grid/cfg070_vit_fashion_mnist_none_b1_rep07_seed2149.pt
vit,fashion-mnist,none,1,1,0.001,1.8355194607436534,0.425,8,2150,70,./checkpoints_grid/cfg070_vit_fashion_mnist_none_b1_rep08_seed2150.pt
vit,fashion-mnist,none,1,1,0.001,1.8736203282795467,0.409,9,2151,70,./checkpoints_grid/cfg070_vit_fashion_mnist_none_b1_rep09_seed2151.pt
vit,fashion-mnist,none,1,1,0.001,1.85974046679385,0.43,10,2152,70,./checkpoints_grid/cfg070_vit_fashion_mnist_none_b1_rep10_seed2152.pt
vit,fashion-mnist,none,1,1,0.001,1.901445259243339,0.319,11,2153,70,./checkpoints_grid/cfg070_vit_fashion_mnist_none_b1_rep11_seed2153.pt
vit,fashion-mnist,none,1,1,0.001,1.8603629174735452,0.482,12,2154,70,./checkpoints_grid/cfg070_vit_fashion_mnist_none_b1_rep12_seed2154.pt
vit,fashion-mnist,none,1,1,0.001,1.898292885624608,0.417,13,2155,70,./checkpoints_grid/cfg070_vit_fashion_mnist_none_b1_rep13_seed2155.pt
vit,fashion-mnist,none,1,1,0.001,1.8872599642310397,0.418,14,2156,70,./checkpoints_grid/cfg070_vit_fashion_mnist_none_b1_rep14_seed2156.pt
vit,fashion-mnist,none,1,1,0.001,1.8419839394545425,0.363,15,2157,70,./checkpoints_grid/cfg070_vit_fashion_mnist_none_b1_rep15_seed2157.pt
vit,fashion-mnist,none,1,1,0.001,1.8803867609065492,0.46,16,2158,70,./checkpoints_grid/cfg070_vit_fashion_mnist_none_b1_rep16_seed2158.pt
vit,fashion-mnist,none,1,1,0.001,1.825877811656132,0.395,17,2159,70,./checkpoints_grid/cfg070_vit_fashion_mnist_none_b1_rep17_seed2159.pt
vit,fashion-mnist,none,1,1,0.001,1.8618612955464924,0.451,18,2160,70,./checkpoints_grid/cfg070_vit_fashion_mnist_none_b1_rep18_seed2160.pt
vit,fashion-mnist,none,1,1,0.001,1.8823301925594897,0.426,19,2161,70,./checkpoints_grid/cfg070_vit_fashion_mnist_none_b1_rep19_seed2161.pt
vit,fashion-mnist,none,1,1,0.001,1.8802580244930722,0.406,20,2162,70,./checkpoints_grid/cfg070_vit_fashion_mnist_none_b1_rep20_seed2162.pt
vit,fashion-mnist,none,1,1,0.001,1.863141951838541,0.459,21,2163,70,./checkpoints_grid/cfg070_vit_fashion_mnist_none_b1_rep21_seed2163.pt
vit,fashion-mnist,none,1,1,0.001,1.8841376312523752,0.402,22,2164,70,./checkpoints_grid/cfg070_vit_fashion_mnist_none_b1_rep22_seed2164.pt
vit,fashion-mnist,none,1,1,0.001,1.8964709455439297,0.416,23,2165,70,./checkpoints_grid/cfg070_vit_fashion_mnist_none_b1_rep23_seed2165.pt
vit,fashion-mnist,none,1,1,0.001,1.9105012235253962,0.315,24,2166,70,./checkpoints_grid/cfg070_vit_fashion_mnist_none_b1_rep24_seed2166.pt
vit,fashion-mnist,none,1,1,0.001,1.9208042522922797,0.318,25,2167,70,./checkpoints_grid/cfg070_vit_fashion_mnist_none_b1_rep25_seed2167.pt
vit,fashion-mnist,none,1,1,0.001,1.9057826895713752,0.43,26,2168,70,./checkpoints_grid/cfg070_vit_fashion_mnist_none_b1_rep26_seed2168.pt
vit,fashion-mnist,none,1,1,0.001,1.921242708749518,0.339,27,2169,70,./checkpoints_grid/cfg070_vit_fashion_mnist_none_b1_rep27_seed2169.pt
vit,fashion-mnist,none,1,1,0.001,1.9021426073751426,0.461,28,2170,70,./checkpoints_grid/cfg070_vit_fashion_mnist_none_b1_rep28_seed2170.pt
vit,fashion-mnist,none,1,1,0.001,1.8785515210766426,0.372,29,2171,70,./checkpoints_grid/cfg070_vit_fashion_mnist_none_b1_rep29_seed2171.pt
vit,fashion-mnist,none,32,1,0.001,1.4578749084472655,0.58,0,2172,71,./checkpoints_grid/cfg071_vit_fashion_mnist_none_b32_rep00_seed2172.pt
vit,fashion-mnist,none,32,1,0.001,1.4039430890083313,0.623,1,2173,71,./checkpoints_grid/cfg071_vit_fashion_mnist_none_b32_rep01_seed2173.pt
vit,fashion-mnist,none,32,1,0.001,1.4323613414764405,0.611,2,2174,71,./checkpoints_grid/cfg071_vit_fashion_mnist_none_b32_rep02_seed2174.pt
vit,fashion-mnist,none,32,1,0.001,1.4081210894584655,0.584,3,2175,71,./checkpoints_grid/cfg071_vit_fashion_mnist_none_b32_rep03_seed2175.pt
vit,fashion-mnist,none,32,1,0.001,1.4833963747024537,0.571,4,2176,71,./checkpoints_grid/cfg071_vit_fashion_mnist_none_b32_rep04_seed2176.pt
vit,fashion-mnist,none,32,1,0.001,1.3996136202812195,0.663,5,2177,71,./checkpoints_grid/cfg071_vit_fashion_mnist_none_b32_rep05_seed2177.pt
vit,fashion-mnist,none,32,1,0.001,1.3661016364097596,0.597,6,2178,71,./checkpoints_grid/cfg071_vit_fashion_mnist_none_b32_rep06_seed2178.pt
vit,fashion-mnist,none,32,1,0.001,1.485833523750305,0.598,7,2179,71,./checkpoints_grid/cfg071_vit_fashion_mnist_none_b32_rep07_seed2179.pt
vit,fashion-mnist,none,32,1,0.001,1.4401818928718566,0.573,8,2180,71,./checkpoints_grid/cfg071_vit_fashion_mnist_none_b32_rep08_seed2180.pt
vit,fashion-mnist,none,32,1,0.001,1.3994565696716308,0.632,9,2181,71,./checkpoints_grid/cfg071_vit_fashion_mnist_none_b32_rep09_seed2181.pt
vit,fashion-mnist,none,32,1,0.001,1.397394995689392,0.598,10,2182,71,./checkpoints_grid/cfg071_vit_fashion_mnist_none_b32_rep10_seed2182.pt
vit,fashion-mnist,none,32,1,0.001,1.4266884474754333,0.528,11,2183,71,./checkpoints_grid/cfg071_vit_fashion_mnist_none_b32_rep11_seed2183.pt
vit,fashion-mnist,none,32,1,0.001,1.426307240486145,0.597,12,2184,71,./checkpoints_grid/cfg071_vit_fashion_mnist_none_b32_rep12_seed2184.pt
vit,fashion-mnist,none,32,1,0.001,1.4297544012069703,0.635,13,2185,71,./checkpoints_grid/cfg071_vit_fashion_mnist_none_b32_rep13_seed2185.pt
vit,fashion-mnist,none,32,1,0.001,1.4575932593345642,0.581,14,2186,71,./checkpoints_grid/cfg071_vit_fashion_mnist_none_b32_rep14_seed2186.pt
vit,fashion-mnist,none,32,1,0.001,1.4260142831802367,0.619,15,2187,71,./checkpoints_grid/cfg071_vit_fashion_mnist_none_b32_rep15_seed2187.pt
vit,fashion-mnist,none,32,1,0.001,1.4721228590011597,0.57,16,2188,71,./checkpoints_grid/cfg071_vit_fashion_mnist_none_b32_rep16_seed2188.pt
vit,fashion-mnist,none,32,1,0.001,1.4475207300186157,0.601,17,2189,71,./checkpoints_grid/cfg071_vit_fashion_mnist_none_b32_rep17_seed2189.pt
vit,fashion-mnist,none,32,1,0.001,1.4639807500839233,0.582,18,2190,71,./checkpoints_grid/cfg071_vit_fashion_mnist_none_b32_rep18_seed2190.pt
vit,fashion-mnist,none,32,1,0.001,1.4676338167190552,0.569,19,2191,71,./checkpoints_grid/cfg071_vit_fashion_mnist_none_b32_rep19_seed2191.pt
vit,fashion-mnist,none,32,1,0.001,1.4594793481826782,0.634,20,2192,71,./checkpoints_grid/cfg071_vit_fashion_mnist_none_b32_rep20_seed2192.pt
vit,fashion-mnist,none,32,1,0.001,1.4149991526603698,0.625,21,2193,71,./checkpoints_grid/cfg071_vit_fashion_mnist_none_b32_rep21_seed2193.pt
vit,fashion-mnist,none,32,1,0.001,1.388181737422943,0.582,22,2194,71,./checkpoints_grid/cfg071_vit_fashion_mnist_none_b32_rep22_seed2194.pt
vit,fashion-mnist,none,32,1,0.001,1.4703140153884888,0.606,23,2195,71,./checkpoints_grid/cfg071_vit_fashion_mnist_none_b32_rep23_seed2195.pt
vit,fashion-mnist,none,32,1,0.001,1.4246994066238403,0.61,24,2196,71,./checkpoints_grid/cfg071_vit_fashion_mnist_none_b32_rep24_seed2196.pt
vit,fashion-mnist,none,32,1,0.001,1.4236365132331847,0.601,25,2197,71,./checkpoints_grid/cfg071_vit_fashion_mnist_none_b32_rep25_seed2197.pt
vit,fashion-mnist,none,32,1,0.001,1.3830607571601867,0.614,26,2198,71,./checkpoints_grid/cfg071_vit_fashion_mnist_none_b32_rep26_seed2198.pt
vit,fashion-mnist,none,32,1,0.001,1.424116572380066,0.59,27,2199,71,./checkpoints_grid/cfg071_vit_fashion_mnist_none_b32_rep27_seed2199.pt
vit,fashion-mnist,none,32,1,0.001,1.4795242128372192,0.603,28,2200,71,./checkpoints_grid/cfg071_vit_fashion_mnist_none_b32_rep28_seed2200.pt
vit,fashion-mnist,none,32,1,0.001,1.4544486927986144,0.594,29,2201,71,./checkpoints_grid/cfg071_vit_fashion_mnist_none_b32_rep29_seed2201.pt
vit,fashion-mnist,topk,1,1,0.001,1.8528550751864132,0.36,0,2202,72,./checkpoints_grid/cfg072_vit_fashion_mnist_topk_b1_rep00_seed2202.pt
vit,fashion-mnist,topk,1,1,0.001,1.8744294001351844,0.392,1,2203,72,./checkpoints_grid/cfg072_vit_fashion_mnist_topk_b1_rep01_seed2203.pt
vit,fashion-mnist,topk,1,1,0.001,1.8850878974600673,0.384,2,2204,72,./checkpoints_grid/cfg072_vit_fashion_mnist_topk_b1_rep02_seed2204.pt
vit,fashion-mnist,topk,1,1,0.001,1.8229139122962332,0.478,3,2205,72,./checkpoints_grid/cfg072_vit_fashion_mnist_topk_b1_rep03_seed2205.pt
vit,fashion-mnist,topk,1,1,0.001,1.8794348146726698,0.365,4,2206,72,./checkpoints_grid/cfg072_vit_fashion_mnist_topk_b1_rep04_seed2206.pt
vit,fashion-mnist,topk,1,1,0.001,1.9042428441037174,0.333,5,2207,72,./checkpoints_grid/cfg072_vit_fashion_mnist_topk_b1_rep05_seed2207.pt
vit,fashion-mnist,topk,1,1,0.001,1.8860186103728775,0.421,6,2208,72,./checkpoints_grid/cfg072_vit_fashion_mnist_topk_b1_rep06_seed2208.pt
vit,fashion-mnist,topk,1,1,0.001,1.8617772624345525,0.428,7,2209,72,./checkpoints_grid/cfg072_vit_fashion_mnist_topk_b1_rep07_seed2209.pt
vit,fashion-mnist,topk,1,1,0.001,1.830127237913155,0.484,8,2210,72,./checkpoints_grid/cfg072_vit_fashion_mnist_topk_b1_rep08_seed2210.pt
vit,fashion-mnist,topk,1,1,0.001,1.887389604134045,0.431,9,2211,72,./checkpoints_grid/cfg072_vit_fashion_mnist_topk_b1_rep09_seed2211.pt
vit,fashion-mnist,topk,1,1,0.001,1.8557087752503731,0.371,10,2212,72,./checkpoints_grid/cfg072_vit_fashion_mnist_topk_b1_rep10_seed2212.pt
vit,fashion-mnist,topk,1,1,0.001,1.831249873411392,0.358,11,2213,72,./checkpoints_grid/cfg072_vit_fashion_mnist_topk_b1_rep11_seed2213.pt
vit,fashion-mnist,topk,1,1,0.001,1.7877372397160842,0.472,12,2214,72,./checkpoints_grid/cfg072_vit_fashion_mnist_topk_b1_rep12_seed2214.pt
vit,fashion-mnist,topk,1,1,0.001,1.850591768117988,0.437,13,2215,72,./checkpoints_grid/cfg072_vit_fashion_mnist_topk_b1_rep13_seed2215.pt
vit,fashion-mnist,topk,1,1,0.001,1.8984607234677424,0.415,14,2216,72,./checkpoints_grid/cfg072_vit_fashion_mnist_topk_b1_rep14_seed2216.pt
vit,fashion-mnist,topk,1,1,0.001,1.8428536054472957,0.44,15,2217,72,./checkpoints_grid/cfg072_vit_fashion_mnist_topk_b1_rep15_seed2217.pt
vit,fashion-mnist,topk,1,1,0.001,1.9405835672979501,0.432,16,2218,72,./checkpoints_grid/cfg072_vit_fashion_mnist_topk_b1_rep16_seed2218.pt
vit,fashion-mnist,topk,1,1,0.001,1.8623131045855643,0.358,17,2219,72,./checkpoints_grid/cfg072_vit_fashion_mnist_topk_b1_rep17_seed2219.pt
vit,fashion-mnist,topk,1,1,0.001,1.890526684507964,0.348,18,2220,72,./checkpoints_grid/cfg072_vit_fashion_mnist_topk_b1_rep18_seed2220.pt
vit,fashion-mnist,topk,1,1,0.001,1.8549468767204889,0.389,19,2221,72,./checkpoints_grid/cfg072_vit_fashion_mnist_topk_b1_rep19_seed2221.pt
vit,fashion-mnist,topk,1,1,0.001,1.838979074359354,0.445,20,2222,72,./checkpoints_grid/cfg072_vit_fashion_mnist_topk_b1_rep20_seed2222.pt
vit,fashion-mnist,topk,1,1,0.001,1.9038636387892112,0.367,21,2223,72,./checkpoints_grid/cfg072_vit_fashion_mnist_topk_b1_rep21_seed2223.pt
vit,fashion-mnist,topk,1,1,0.001,1.7671796105462814,0.453,22,2224,72,./checkpoints_grid/cfg072_vit_fashion_mnist_topk_b1_rep22_seed2224.pt
vit,fashion-mnist,topk,1,1,0.001,1.8227465379456163,0.396,23,2225,72,./checkpoints_grid/cfg072_vit_fashion_mnist_topk_b1_rep23_seed2225.pt
vit,fashion-mnist,topk,1,1,0.001,1.8225782775400658,0.39,24,2226,72,./checkpoints_grid/cfg072_vit_fashion_mnist_topk_b1_rep24_seed2226.pt
vit,fashion-mnist,topk,1,1,0.001,1.848648187038416,0.447,25,2227,72,./checkpoints_grid/cfg072_vit_fashion_mnist_topk_b1_rep25_seed2227.pt
vit,fashion-mnist,topk,1,1,0.001,1.8558542141659018,0.46,26,2228,72,./checkpoints_grid/cfg072_vit_fashion_mnist_topk_b1_rep26_seed2228.pt
vit,fashion-mnist,topk,1,1,0.001,1.8734162571712587,0.468,27,2229,72,./checkpoints_grid/cfg072_vit_fashion_mnist_topk_b1_rep27_seed2229.pt
vit,fashion-mnist,topk,1,1,0.001,1.8765806494311819,0.272,28,2230,72,./checkpoints_grid/cfg072_vit_fashion_mnist_topk_b1_rep28_seed2230.pt
vit,fashion-mnist,topk,1,1,0.001,1.8555430804880306,0.444,29,2231,72,./checkpoints_grid/cfg072_vit_fashion_mnist_topk_b1_rep29_seed2231.pt
vit,fashion-mnist,topk,32,1,0.001,1.5120518379211425,0.588,0,2232,73,./checkpoints_grid/cfg073_vit_fashion_mnist_topk_b32_rep00_seed2232.pt
vit,fashion-mnist,topk,32,1,0.001,1.5275156512260437,0.558,1,2233,73,./checkpoints_grid/cfg073_vit_fashion_mnist_topk_b32_rep01_seed2233.pt
vit,fashion-mnist,topk,32,1,0.001,1.58233221244812,0.567,2,2234,73,./checkpoints_grid/cfg073_vit_fashion_mnist_topk_b32_rep02_seed2234.pt
vit,fashion-mnist,topk,32,1,0.001,1.5588977184295654,0.559,3,2235,73,./checkpoints_grid/cfg073_vit_fashion_mnist_topk_b32_rep03_seed2235.pt
vit,fashion-mnist,topk,32,1,0.001,1.510043975830078,0.575,4,2236,73,./checkpoints_grid/cfg073_vit_fashion_mnist_topk_b32_rep04_seed2236.pt
vit,fashion-mnist,topk,32,1,0.001,1.5743675971031188,0.528,5,2237,73,./checkpoints_grid/cfg073_vit_fashion_mnist_topk_b32_rep05_seed2237.pt
vit,fashion-mnist,topk,32,1,0.001,1.5633729343414307,0.522,6,2238,73,./checkpoints_grid/cfg073_vit_fashion_mnist_topk_b32_rep06_seed2238.pt
vit,fashion-mnist,topk,32,1,0.001,1.6218900165557861,0.546,7,2239,73,./checkpoints_grid/cfg073_vit_fashion_mnist_topk_b32_rep07_seed2239.pt
vit,fashion-mnist,topk,32,1,0.001,1.4933719563484191,0.574,8,2240,73,./checkpoints_grid/cfg073_vit_fashion_mnist_topk_b32_rep08_seed2240.pt
vit,fashion-mnist,topk,32,1,0.001,1.6126898674964905,0.555,9,2241,73,./checkpoints_grid/cfg073_vit_fashion_mnist_topk_b32_rep09_seed2241.pt
vit,fashion-mnist,topk,32,1,0.001,1.6140414323806762,0.534,10,2242,73,./checkpoints_grid/cfg073_vit_fashion_mnist_topk_b32_rep10_seed2242.pt
vit,fashion-mnist,topk,32,1,0.001,1.531677067756653,0.578,11,2243,73,./checkpoints_grid/cfg073_vit_fashion_mnist_topk_b32_rep11_seed2243.pt
vit,fashion-mnist,topk,32,1,0.001,1.5653196048736573,0.552,12,2244,73,./checkpoints_grid/cfg073_vit_fashion_mnist_topk_b32_rep12_seed2244.pt
vit,fashion-mnist,topk,32,1,0.001,1.543879379272461,0.514,13,2245,73,./checkpoints_grid/cfg073_vit_fashion_mnist_topk_b32_rep13_seed2245.pt
vit,fashion-mnist,topk,32,1,0.001,1.5303373193740846,0.579,14,2246,73,./checkpoints_grid/cfg073_vit_fashion_mnist_topk_b32_rep14_seed2246.pt
vit,fashion-mnist,topk,32,1,0.001,1.5004819979667663,0.554,15,2247,73,./checkpoints_grid/cfg073_vit_fashion_mnist_topk_b32_rep15_seed2247.pt
vit,fashion-mnist,topk,32,1,0.001,1.5210315217971802,0.548,16,2248,73,./checkpoints_grid/cfg073_vit_fashion_mnist_topk_b32_rep16_seed2248.pt
vit,fashion-mnist,topk,32,1,0.001,1.5667956686019897,0.538,17,2249,73,./checkpoints_grid/cfg073_vit_fashion_mnist_topk_b32_rep17_seed2249.pt
vit,fashion-mnist,topk,32,1,0.001,1.5617813405990602,0.541,18,2250,73,./checkpoints_grid/cfg073_vit_fashion_mnist_topk_b32_rep18_seed2250.pt
vit,fashion-mnist,topk,32,1,0.001,1.4995302782058715,0.588,19,2251,73,./checkpoints_grid/cfg073_vit_fashion_mnist_topk_b32_rep19_seed2251.pt
vit,fashion-mnist,topk,32,1,0.001,1.510264497756958,0.573,20,2252,73,./checkpoints_grid/cfg073_vit_fashion_mnist_topk_b32_rep20_seed2252.pt
vit,fashion-mnist,topk,32,1,0.001,1.528404248714447,0.574,21,2253,73,./checkpoints_grid/cfg073_vit_fashion_mnist_topk_b32_rep21_seed2253.pt
vit,fashion-mnist,topk,32,1,0.001,1.5475943593978883,0.549,22,2254,73,./checkpoints_grid/cfg073_vit_fashion_mnist_topk_b32_rep22_seed2254.pt
vit,fashion-mnist,topk,32,1,0.001,1.6144154109954834,0.573,23,2255,73,./checkpoints_grid/cfg073_vit_fashion_mnist_topk_b32_rep23_seed2255.pt
vit,fashion-mnist,topk,32,1,0.001,1.527913649559021,0.545,24,2256,73,./checkpoints_grid/cfg073_vit_fashion_mnist_topk_b32_rep24_seed2256.pt
vit,fashion-mnist,topk,32,1,0.001,1.5052471299171448,0.568,25,2257,73,./checkpoints_grid/cfg073_vit_fashion_mnist_topk_b32_rep25_seed2257.pt
vit,fashion-mnist,topk,32,1,0.001,1.552408489227295,0.577,26,2258,73,./checkpoints_grid/cfg073_vit_fashion_mnist_topk_b32_rep26_seed2258.pt
vit,fashion-mnist,topk,32,1,0.001,1.5317572903633119,0.582,27,2259,73,./checkpoints_grid/cfg073_vit_fashion_mnist_topk_b32_rep27_seed2259.pt
vit,fashion-mnist,topk,32,1,0.001,1.601109353542328,0.55,28,2260,73,./checkpoints_grid/cfg073_vit_fashion_mnist_topk_b32_rep28_seed2260.pt
vit,fashion-mnist,topk,32,1,0.001,1.52089213514328,0.604,29,2261,73,./checkpoints_grid/cfg073_vit_fashion_mnist_topk_b32_rep29_seed2261.pt
vit,fashion-mnist,dpsgd,1,1,0.001,2.4346142490748317,0.167,0,2262,74,./checkpoints_grid/cfg074_vit_fashion_mnist_dpsgd_b1_rep00_seed2262.pt
vit,fashion-mnist,dpsgd,1,1,0.001,2.400606702387333,0.181,1,2263,74,./checkpoints_grid/cfg074_vit_fashion_mnist_dpsgd_b1_rep01_seed2263.pt
vit,fashion-mnist,dpsgd,1,1,0.001,2.4118005451140925,0.201,2,2264,74,./checkpoints_grid/cfg074_vit_fashion_mnist_dpsgd_b1_rep02_seed2264.pt
vit,fashion-mnist,dpsgd,1,1,0.001,2.4549993433989585,0.206,3,2265,74,./checkpoints_grid/cfg074_vit_fashion_mnist_dpsgd_b1_rep03_seed2265.pt
vit,fashion-mnist,dpsgd,1,1,0.001,2.418851618940011,0.207,4,2266,74,./checkpoints_grid/cfg074_vit_fashion_mnist_dpsgd_b1_rep04_seed2266.pt
vit,fashion-mnist,dpsgd,1,1,0.001,2.509334658768028,0.201,5,2267,74,./checkpoints_grid/cfg074_vit_fashion_mnist_dpsgd_b1_rep05_seed2267.pt
vit,fashion-mnist,dpsgd,1,1,0.001,2.4437714849626646,0.249,6,2268,74,./checkpoints_grid/cfg074_vit_fashion_mnist_dpsgd_b1_rep06_seed2268.pt
vit,fashion-mnist,dpsgd,1,1,0.001,2.426739682733081,0.103,7,2269,74,./checkpoints_grid/cfg074_vit_fashion_mnist_dpsgd_b1_rep07_seed2269.pt
vit,fashion-mnist,dpsgd,1,1,0.001,2.4109105486571787,0.19,8,2270,74,./checkpoints_grid/cfg074_vit_fashion_mnist_dpsgd_b1_rep08_seed2270.pt
vit,fashion-mnist,dpsgd,1,1,0.001,2.4583838104978204,0.238,9,2271,74,./checkpoints_grid/cfg074_vit_fashion_mnist_dpsgd_b1_rep09_seed2271.pt
vit,fashion-mnist,dpsgd,1,1,0.001,2.456835183378309,0.126,10,2272,74,./checkpoints_grid/cfg074_vit_fashion_mnist_dpsgd_b1_rep10_seed2272.pt
vit,fashion-mnist,dpsgd,1,1,0.001,2.4040535837933423,0.162,11,2273,74,./checkpoints_grid/cfg074_vit_fashion_mnist_dpsgd_b1_rep11_seed2273.pt
vit,fashion-mnist,dpsgd,1,1,0.001,2.5574772350378336,0.206,12,2274,74,./checkpoints_grid/cfg074_vit_fashion_mnist_dpsgd_b1_rep12_seed2274.pt
vit,fashion-mnist,dpsgd,1,1,0.001,2.461675316940993,0.1,13,2275,74,./checkpoints_grid/cfg074_vit_fashion_mnist_dpsgd_b1_rep13_seed2275.pt
vit,fashion-mnist,dpsgd,1,1,0.001,2.440177799835801,0.156,14,2276,74,./checkpoints_grid/cfg074_vit_fashion_mnist_dpsgd_b1_rep14_seed2276.pt
vit,fashion-mnist,dpsgd,1,1,0.001,2.463603272549808,0.146,15,2277,74,./checkpoints_grid/cfg074_vit_fashion_mnist_dpsgd_b1_rep15_seed2277.pt
vit,fashion-mnist,dpsgd,1,1,0.001,2.4987386330999435,0.158,16,2278,74,./checkpoints_grid/cfg074_vit_fashion_mnist_dpsgd_b1_rep16_seed2278.pt
vit,fashion-mnist,dpsgd,1,1,0.001,2.458963513046503,0.155,17,2279,74,./checkpoints_grid/cfg074_vit_fashion_mnist_dpsgd_b1_rep17_seed2279.pt
vit,fashion-mnist,dpsgd,1,1,0.001,2.5039428763277827,0.15,18,2280,74,./checkpoints_grid/cfg074_vit_fashion_mnist_dpsgd_b1_rep18_seed2280.pt
vit,fashion-mnist,dpsgd,1,1,0.001,2.4100324755208566,0.161,19,2281,74,./checkpoints_grid/cfg074_vit_fashion_mnist_dpsgd_b1_rep19_seed2281.pt
vit,fashion-mnist,dpsgd,1,1,0.001,2.3771876156888903,0.223,20,2282,74,./checkpoints_grid/cfg074_vit_fashion_mnist_dpsgd_b1_rep20_seed2282.pt
vit,fashion-mnist,dpsgd,1,1,0.001,2.5359246914722027,0.159,21,2283,74,./checkpoints_grid/cfg074_vit_fashion_mnist_dpsgd_b1_rep21_seed2283.pt
vit,fashion-mnist,dpsgd,1,1,0.001,2.303213809154928,0.182,22,2284,74,./checkpoints_grid/cfg074_vit_fashion_mnist_dpsgd_b1_rep22_seed2284.pt
vit,fashion-mnist,dpsgd,1,1,0.001,2.3945085049383343,0.217,23,2285,74,./checkpoints_grid/cfg074_vit_fashion_mnist_dpsgd_b1_rep23_seed2285.pt
vit,fashion-mnist,dpsgd,1,1,0.001,2.3880243186037986,0.22,24,2286,74,./checkpoints_grid/cfg074_vit_fashion_mnist_dpsgd_b1_rep24_seed2286.pt
vit,fashion-mnist,dpsgd,1,1,0.001,2.3915879461281,0.166,25,2287,74,./checkpoints_grid/cfg074_vit_fashion_mnist_dpsgd_b1_rep25_seed2287.pt
vit,fashion-mnist,dpsgd,1,1,0.001,2.4105457828976213,0.244,26,2288,74,./checkpoints_grid/cfg074_vit_fashion_mnist_dpsgd_b1_rep26_seed2288.pt
vit,fashion-mnist,dpsgd,1,1,0.001,2.5351235382705926,0.128,27,2289,74,./checkpoints_grid/cfg074_vit_fashion_mnist_dpsgd_b1_rep27_seed2289.pt
vit,fashion-mnist,dpsgd,1,1,0.001,2.4438662786073984,0.207,28,2290,74,./checkpoints_grid/cfg074_vit_fashion_mnist_dpsgd_b1_rep28_seed2290.pt
vit,fashion-mnist,dpsgd,1,1,0.001,2.479499726855196,0.156,29,2291,74,./checkpoints_grid/cfg074_vit_fashion_mnist_dpsgd_b1_rep29_seed2291.pt
vit,fashion-mnist,dpsgd,32,1,0.001,2.375528886795044,0.156,0,2292,75,./checkpoints_grid/cfg075_vit_fashion_mnist_dpsgd_b32_rep00_seed2292.pt
vit,fashion-mnist,dpsgd,32,1,0.001,2.334736686706543,0.129,1,2293,75,./checkpoints_grid/cfg075_vit_fashion_mnist_dpsgd_b32_rep01_seed2293.pt
vit,fashion-mnist,dpsgd,32,1,0.001,2.372517671585083,0.112,2,2294,75,./checkpoints_grid/cfg075_vit_fashion_mnist_dpsgd_b32_rep02_seed2294.pt
vit,fashion-mnist,dpsgd,32,1,0.001,2.430369260787964,0.113,3,2295,75,./checkpoints_grid/cfg075_vit_fashion_mnist_dpsgd_b32_rep03_seed2295.pt
vit,fashion-mnist,dpsgd,32,1,0.001,2.394277505874634,0.137,4,2296,75,./checkpoints_grid/cfg075_vit_fashion_mnist_dpsgd_b32_rep04_seed2296.pt
vit,fashion-mnist,dpsgd,32,1,0.001,2.293098714828491,0.18,5,2297,75,./checkpoints_grid/cfg075_vit_fashion_mnist_dpsgd_b32_rep05_seed2297.pt
vit,fashion-mnist,dpsgd,32,1,0.001,2.38176309967041,0.089,6,2298,75,./checkpoints_grid/cfg075_vit_fashion_mnist_dpsgd_b32_rep06_seed2298.pt
vit,fashion-mnist,dpsgd,32,1,0.001,2.386350004196167,0.187,7,2299,75,./checkpoints_grid/cfg075_vit_fashion_mnist_dpsgd_b32_rep07_seed2299.pt
vit,fashion-mnist,dpsgd,32,1,0.001,2.4047263774871825,0.159,8,2300,75,./checkpoints_grid/cfg075_vit_fashion_mnist_dpsgd_b32_rep08_seed2300.pt
vit,fashion-mnist,dpsgd,32,1,0.001,2.26954190826416,0.244,9,2301,75,./checkpoints_grid/cfg075_vit_fashion_mnist_dpsgd_b32_rep09_seed2301.pt
vit,fashion-mnist,dpsgd,32,1,0.001,2.4820847511291504,0.093,10,2302,75,./checkpoints_grid/cfg075_vit_fashion_mnist_dpsgd_b32_rep10_seed2302.pt
vit,fashion-mnist,dpsgd,32,1,0.001,2.272182779312134,0.187,11,2303,75,./checkpoints_grid/cfg075_vit_fashion_mnist_dpsgd_b32_rep11_seed2303.pt
vit,fashion-mnist,dpsgd,32,1,0.001,2.3608112430572508,0.213,12,2304,75,./checkpoints_grid/cfg075_vit_fashion_mnist_dpsgd_b32_rep12_seed2304.pt
vit,fashion-mnist,dpsgd,32,1,0.001,2.3144691286087036,0.209,13,2305,75,./checkpoints_grid/cfg075_vit_fashion_mnist_dpsgd_b32_rep13_seed2305.pt
vit,fashion-mnist,dpsgd,32,1,0.001,2.51977054977417,0.131,14,2306,75,./checkpoints_grid/cfg075_vit_fashion_mnist_dpsgd_b32_rep14_seed2306.pt
vit,fashion-mnist,dpsgd,32,1,0.001,2.2206718673706054,0.186,15,2307,75,./checkpoints_grid/cfg075_vit_fashion_mnist_dpsgd_b32_rep15_seed2307.pt
vit,fashion-mnist,dpsgd,32,1,0.001,2.3860476875305174,0.207,16,2308,75,./checkpoints_grid/cfg075_vit_fashion_mnist_dpsgd_b32_rep16_seed2308.pt
vit,fashion-mnist,dpsgd,32,1,0.001,2.4013628730773924,0.158,17,2309,75,./checkpoints_grid/cfg075_vit_fashion_mnist_dpsgd_b32_rep17_seed2309.pt
vit,fashion-mnist,dpsgd,32,1,0.001,2.4193772830963134,0.171,18,2310,75,./checkpoints_grid/cfg075_vit_fashion_mnist_dpsgd_b32_rep18_seed2310.pt
vit,fashion-mnist,dpsgd,32,1,0.001,2.480850248336792,0.08,19,2311,75,./checkpoints_grid/cfg075_vit_fashion_mnist_dpsgd_b32_rep19_seed2311.pt
vit,fashion-mnist,dpsgd,32,1,0.001,2.3464927959442137,0.134,20,2312,75,./checkpoints_grid/cfg075_vit_fashion_mnist_dpsgd_b32_rep20_seed2312.pt
vit,fashion-mnist,dpsgd,32,1,0.001,2.3835769424438475,0.25,21,2313,75,./checkpoints_grid/cfg075_vit_fashion_mnist_dpsgd_b32_rep21_seed2313.pt
vit,fashion-mnist,dpsgd,32,1,0.001,2.439629684448242,0.174,22,2314,75,./checkpoints_grid/cfg075_vit_fashion_mnist_dpsgd_b32_rep22_seed2314.pt
vit,fashion-mnist,dpsgd,32,1,0.001,2.4976021327972413,0.074,23,2315,75,./checkpoints_grid/cfg075_vit_fashion_mnist_dpsgd_b32_rep23_seed2315.pt
vit,fashion-mnist,dpsgd,32,1,0.001,2.328773941040039,0.163,24,2316,75,./checkpoints_grid/cfg075_vit_fashion_mnist_dpsgd_b32_rep24_seed2316.pt
vit,fashion-mnist,dpsgd,32,1,0.001,2.428441482543945,0.164,25,2317,75,./checkpoints_grid/cfg075_vit_fashion_mnist_dpsgd_b32_rep25_seed2317.pt
vit,fashion-mnist,dpsgd,32,1,0.001,2.41156138420105,0.16,26,2318,75,./checkpoints_grid/cfg075_vit_fashion_mnist_dpsgd_b32_rep26_seed2318.pt
vit,fashion-mnist,dpsgd,32,1,0.001,2.2689110145568847,0.133,27,2319,75,./checkpoints_grid/cfg075_vit_fashion_mnist_dpsgd_b32_rep27_seed2319.pt
vit,fashion-mnist,dpsgd,32,1,0.001,2.3702044353485108,0.124,28,2320,75,./checkpoints_grid/cfg075_vit_fashion_mnist_dpsgd_b32_rep28_seed2320.pt
vit,fashion-mnist,dpsgd,32,1,0.001,2.3983510093688967,0.104,29,2321,75,./checkpoints_grid/cfg075_vit_fashion_mnist_dpsgd_b32_rep29_seed2321.pt
vit,fashion-mnist,randomk,1,1,0.001,1.6122539113642134,0.478,0,2322,76,./checkpoints_grid/cfg076_vit_fashion_mnist_randomk_b1_rep00_seed2322.pt
vit,fashion-mnist,randomk,1,1,0.001,1.6522336160812465,0.474,1,2323,76,./checkpoints_grid/cfg076_vit_fashion_mnist_randomk_b1_rep01_seed2323.pt
vit,fashion-mnist,randomk,1,1,0.001,1.6171129375660003,0.546,2,2324,76,./checkpoints_grid/cfg076_vit_fashion_mnist_randomk_b1_rep02_seed2324.pt
vit,fashion-mnist,randomk,1,1,0.001,1.6227816302171905,0.501,3,2325,76,./checkpoints_grid/cfg076_vit_fashion_mnist_randomk_b1_rep03_seed2325.pt
vit,fashion-mnist,randomk,1,1,0.001,1.6027720187447125,0.558,4,2326,76,./checkpoints_grid/cfg076_vit_fashion_mnist_randomk_b1_rep04_seed2326.pt
vit,fashion-mnist,randomk,1,1,0.001,1.6379015207317102,0.558,5,2327,76,./checkpoints_grid/cfg076_vit_fashion_mnist_randomk_b1_rep05_seed2327.pt
vit,fashion-mnist,randomk,1,1,0.001,1.6200351481248498,0.584,6,2328,76,./checkpoints_grid/cfg076_vit_fashion_mnist_randomk_b1_rep06_seed2328.pt
vit,fashion-mnist,randomk,1,1,0.001,1.627603894855323,0.534,7,2329,76,./checkpoints_grid/cfg076_vit_fashion_mnist_randomk_b1_rep07_seed2329.pt
vit,fashion-mnist,randomk,1,1,0.001,1.598052538260259,0.513,8,2330,76,./checkpoints_grid/cfg076_vit_fashion_mnist_randomk_b1_rep08_seed2330.pt
vit,fashion-mnist,randomk,1,1,0.001,1.6489966706498314,0.548,9,2331,76,./checkpoints_grid/cfg076_vit_fashion_mnist_randomk_b1_rep09_seed2331.pt
vit,fashion-mnist,randomk,1,1,0.001,1.580821287652824,0.537,10,2332,76,./checkpoints_grid/cfg076_vit_fashion_mnist_randomk_b1_rep10_seed2332.pt
vit,fashion-mnist,randomk,1,1,0.001,1.6057401016379822,0.582,11,2333,76,./checkpoints_grid/cfg076_vit_fashion_mnist_randomk_b1_rep11_seed2333.pt
vit,fashion-mnist,randomk,1,1,0.001,1.5943186575706223,0.593,12,2334,76,./checkpoints_grid/cfg076_vit_fashion_mnist_randomk_b1_rep12_seed2334.pt
vit,fashion-mnist,randomk,1,1,0.001,1.608556577804329,0.528,13,2335,76,./checkpoints_grid/cfg076_vit_fashion_mnist_randomk_b1_rep13_seed2335.pt
vit,fashion-mnist,randomk,1,1,0.001,1.626310826888405,0.549,14,2336,76,./checkpoints_grid/cfg076_vit_fashion_mnist_randomk_b1_rep14_seed2336.pt
vit,fashion-mnist,randomk,1,1,0.001,1.558075501387353,0.554,15,2337,76,./checkpoints_grid/cfg076_vit_fashion_mnist_randomk_b1_rep15_seed2337.pt
vit,fashion-mnist,randomk,1,1,0.001,1.611864725540083,0.58,16,2338,76,./checkpoints_grid/cfg076_vit_fashion_mnist_randomk_b1_rep16_seed2338.pt
vit,fashion-mnist,randomk,1,1,0.001,1.617031011376245,0.575,17,2339,76,./checkpoints_grid/cfg076_vit_fashion_mnist_randomk_b1_rep17_seed2339.pt
vit,fashion-mnist,randomk,1,1,0.001,1.6038050734170266,0.519,18,2340,76,./checkpoints_grid/cfg076_vit_fashion_mnist_randomk_b1_rep18_seed2340.pt
vit,fashion-mnist,randomk,1,1,0.001,1.5883700021893332,0.551,19,2341,76,./checkpoints_grid/cfg076_vit_fashion_mnist_randomk_b1_rep19_seed2341.pt
vit,fashion-mnist,randomk,1,1,0.001,1.6397180112730152,0.473,20,2342,76,./checkpoints_grid/cfg076_vit_fashion_mnist_randomk_b1_rep20_seed2342.pt
vit,fashion-mnist,randomk,1,1,0.001,1.6182283413521676,0.577,21,2343,76,./checkpoints_grid/cfg076_vit_fashion_mnist_randomk_b1_rep21_seed2343.pt
vit,fashion-mnist,randomk,1,1,0.001,1.5961341504372344,0.589,22,2344,76,./checkpoints_grid/cfg076_vit_fashion_mnist_randomk_b1_rep22_seed2344.pt
vit,fashion-mnist,randomk,1,1,0.001,1.605808415488007,0.573,23,2345,76,./checkpoints_grid/cfg076_vit_fashion_mnist_randomk_b1_rep23_seed2345.pt
vit,fashion-mnist,randomk,1,1,0.001,1.6017661446206761,0.635,24,2346,76,./checkpoints_grid/cfg076_vit_fashion_mnist_randomk_b1_rep24_seed2346.pt
vit,fashion-mnist,randomk,1,1,0.001,1.6293839852730976,0.522,25,2347,76,./checkpoints_grid/cfg076_vit_fashion_mnist_randomk_b1_rep25_seed2347.pt
vit,fashion-mnist,randomk,1,1,0.001,1.6095001037719918,0.523,26,2348,76,./checkpoints_grid/cfg076_vit_fashion_mnist_randomk_b1_rep26_seed2348.pt
vit,fashion-mnist,randomk,1,1,0.001,1.5871818799920192,0.53,27,2349,76,./checkpoints_grid/cfg076_vit_fashion_mnist_randomk_b1_rep27_seed2349.pt
vit,fashion-mnist,randomk,1,1,0.001,1.603040543961575,0.525,28,2350,76,./checkpoints_grid/cfg076_vit_fashion_mnist_randomk_b1_rep28_seed2350.pt
vit,fashion-mnist,randomk,1,1,0.001,1.6097972584740825,0.459,29,2351,76,./checkpoints_grid/cfg076_vit_fashion_mnist_randomk_b1_rep29_seed2351.pt
vit,fashion-mnist,randomk,32,1,0.001,1.5175742959976197,0.553,0,2352,77,./checkpoints_grid/cfg077_vit_fashion_mnist_randomk_b32_rep00_seed2352.pt
vit,fashion-mnist,randomk,32,1,0.001,1.5562686309814453,0.554,1,2353,77,./checkpoints_grid/cfg077_vit_fashion_mnist_randomk_b32_rep01_seed2353.pt
vit,fashion-mnist,randomk,32,1,0.001,1.5120586094856263,0.546,2,2354,77,./checkpoints_grid/cfg077_vit_fashion_mnist_randomk_b32_rep02_seed2354.pt
vit,fashion-mnist,randomk,32,1,0.001,1.5047408108711242,0.614,3,2355,77,./checkpoints_grid/cfg077_vit_fashion_mnist_randomk_b32_rep03_seed2355.pt
vit,fashion-mnist,randomk,32,1,0.001,1.5126144890785218,0.579,4,2356,77,./checkpoints_grid/cfg077_vit_fashion_mnist_randomk_b32_rep04_seed2356.pt
vit,fashion-mnist,randomk,32,1,0.001,1.490283224105835,0.611,5,2357,77,./checkpoints_grid/cfg077_vit_fashion_mnist_randomk_b32_rep05_seed2357.pt
vit,fashion-mnist,randomk,32,1,0.001,1.5181261701583861,0.58,6,2358,77,./checkpoints_grid/cfg077_vit_fashion_mnist_randomk_b32_rep06_seed2358.pt
vit,fashion-mnist,randomk,32,1,0.001,1.500636857509613,0.613,7,2359,77,./checkpoints_grid/cfg077_vit_fashion_mnist_randomk_b32_rep07_seed2359.pt
vit,fashion-mnist,randomk,32,1,0.001,1.5376228680610657,0.553,8,2360,77,./checkpoints_grid/cfg077_vit_fashion_mnist_randomk_b32_rep08_seed2360.pt
vit,fashion-mnist,randomk,32,1,0.001,1.5140136137008666,0.582,9,2361,77,./checkpoints_grid/cfg077_vit_fashion_mnist_randomk_b32_rep09_seed2361.pt
vit,fashion-mnist,randomk,32,1,0.001,1.5268081331253052,0.579,10,2362,77,./checkpoints_grid/cfg077_vit_fashion_mnist_randomk_b32_rep10_seed2362.pt
vit,fashion-mnist,randomk,32,1,0.001,1.520106430053711,0.595,11,2363,77,./checkpoints_grid/cfg077_vit_fashion_mnist_randomk_b32_rep11_seed2363.pt
vit,fashion-mnist,randomk,32,1,0.001,1.5167237396240234,0.603,12,2364,77,./checkpoints_grid/cfg077_vit_fashion_mnist_randomk_b32_rep12_seed2364.pt
vit,fashion-mnist,randomk,32,1,0.001,1.4899373140335084,0.556,13,2365,77,./checkpoints_grid/cfg077_vit_fashion_mnist_randomk_b32_rep13_seed2365.pt
vit,fashion-mnist,randomk,32,1,0.001,1.5424881739616394,0.556,14,2366,77,./checkpoints_grid/cfg077_vit_fashion_mnist_randomk_b32_rep14_seed2366.pt
vit,fashion-mnist,randomk,32,1,0.001,1.505437756061554,0.536,15,2367,77,./checkpoints_grid/cfg077_vit_fashion_mnist_randomk_b32_rep15_seed2367.pt
vit,fashion-mnist,randomk,32,1,0.001,1.4554513831138611,0.568,16,2368,77,./checkpoints_grid/cfg077_vit_fashion_mnist_randomk_b32_rep16_seed2368.pt
vit,fashion-mnist,randomk,32,1,0.001,1.4866068444252014,0.596,17,2369,77,./checkpoints_grid/cfg077_vit_fashion_mnist_randomk_b32_rep17_seed2369.pt
vit,fashion-mnist,randomk,32,1,0.001,1.4839605684280395,0.553,18,2370,77,./checkpoints_grid/cfg077_vit_fashion_mnist_randomk_b32_rep18_seed2370.pt
vit,fashion-mnist,randomk,32,1,0.001,1.527308879852295,0.534,19,2371,77,./checkpoints_grid/cfg077_vit_fashion_mnist_randomk_b32_rep19_seed2371.pt
vit,fashion-mnist,randomk,32,1,0.001,1.612309723854065,0.554,20,2372,77,./checkpoints_grid/cfg077_vit_fashion_mnist_randomk_b32_rep20_seed2372.pt
vit,fashion-mnist,randomk,32,1,0.001,1.5460069794654847,0.55,21,2373,77,./checkpoints_grid/cfg077_vit_fashion_mnist_randomk_b32_rep21_seed2373.pt
vit,fashion-mnist,randomk,32,1,0.001,1.454298659801483,0.571,22,2374,77,./checkpoints_grid/cfg077_vit_fashion_mnist_randomk_b32_rep22_seed2374.pt
vit,fashion-mnist,randomk,32,1,0.001,1.54282817363739,0.568,23,2375,77,./checkpoints_grid/cfg077_vit_fashion_mnist_randomk_b32_rep23_seed2375.pt
vit,fashion-mnist,randomk,32,1,0.001,1.5439555053710938,0.573,24,2376,77,./checkpoints_grid/cfg077_vit_fashion_mnist_randomk_b32_rep24_seed2376.pt
vit,fashion-mnist,randomk,32,1,0.001,1.501376305103302,0.597,25,2377,77,./checkpoints_grid/cfg077_vit_fashion_mnist_randomk_b32_rep25_seed2377.pt
vit,fashion-mnist,randomk,32,1,0.001,1.5776319041252136,0.489,26,2378,77,./checkpoints_grid/cfg077_vit_fashion_mnist_randomk_b32_rep26_seed2378.pt
vit,fashion-mnist,randomk,32,1,0.001,1.5202222590446473,0.542,27,2379,77,./checkpoints_grid/cfg077_vit_fashion_mnist_randomk_b32_rep27_seed2379.pt
vit,fashion-mnist,randomk,32,1,0.001,1.53798295545578,0.592,28,2380,77,./checkpoints_grid/cfg077_vit_fashion_mnist_randomk_b32_rep28_seed2380.pt
vit,fashion-mnist,randomk,32,1,0.001,1.4869556517601012,0.611,29,2381,77,./checkpoints_grid/cfg077_vit_fashion_mnist_randomk_b32_rep29_seed2381.pt
vit,fashion-mnist,qsgd,1,1,0.001,1.5561933932358607,0.528,0,2382,78,./checkpoints_grid/cfg078_vit_fashion_mnist_qsgd_b1_rep00_seed2382.pt
vit,fashion-mnist,qsgd,1,1,0.001,1.5204606445757636,0.501,1,2383,78,./checkpoints_grid/cfg078_vit_fashion_mnist_qsgd_b1_rep01_seed2383.pt
vit,fashion-mnist,qsgd,1,1,0.001,1.5286271317586206,0.598,2,2384,78,./checkpoints_grid/cfg078_vit_fashion_mnist_qsgd_b1_rep02_seed2384.pt
vit,fashion-mnist,qsgd,1,1,0.001,1.5561057965933658,0.539,3,2385,78,./checkpoints_grid/cfg078_vit_fashion_mnist_qsgd_b1_rep03_seed2385.pt
vit,fashion-mnist,qsgd,1,1,0.001,1.5623001961902918,0.563,4,2386,78,./checkpoints_grid/cfg078_vit_fashion_mnist_qsgd_b1_rep04_seed2386.pt
vit,fashion-mnist,qsgd,1,1,0.001,1.574520354223918,0.456,5,2387,78,./checkpoints_grid/cfg078_vit_fashion_mnist_qsgd_b1_rep05_seed2387.pt
vit,fashion-mnist,qsgd,1,1,0.001,1.5902835581191466,0.521,6,2388,78,./checkpoints_grid/cfg078_vit_fashion_mnist_qsgd_b1_rep06_seed2388.pt
vit,fashion-mnist,qsgd,1,1,0.001,1.5494800740967043,0.574,7,2389,78,./checkpoints_grid/cfg078_vit_fashion_mnist_qsgd_b1_rep07_seed2389.pt
vit,fashion-mnist,qsgd,1,1,0.001,1.5584750880886131,0.56,8,2390,78,./checkpoints_grid/cfg078_vit_fashion_mnist_qsgd_b1_rep08_seed2390.pt
vit,fashion-mnist,qsgd,1,1,0.001,1.5344916103660053,0.568,9,2391,78,./checkpoints_grid/cfg078_vit_fashion_mnist_qsgd_b1_rep09_seed2391.pt
vit,fashion-mnist,qsgd,1,1,0.001,1.5748873660686413,0.464,10,2392,78,./checkpoints_grid/cfg078_vit_fashion_mnist_qsgd_b1_rep10_seed2392.pt
vit,fashion-mnist,qsgd,1,1,0.001,1.5516773077839188,0.482,11,2393,78,./checkpoints_grid/cfg078_vit_fashion_mnist_qsgd_b1_rep11_seed2393.pt
vit,fashion-mnist,qsgd,1,1,0.001,1.5812514545984722,0.495,12,2394,78,./checkpoints_grid/cfg078_vit_fashion_mnist_qsgd_b1_rep12_seed2394.pt
vit,fashion-mnist,qsgd,1,1,0.001,1.5333297416033402,0.527,13,2395,78,./checkpoints_grid/cfg078_vit_fashion_mnist_qsgd_b1_rep13_seed2395.pt
vit,fashion-mnist,qsgd,1,1,0.001,1.551495696154935,0.479,14,2396,78,./checkpoints_grid/cfg078_vit_fashion_mnist_qsgd_b1_rep14_seed2396.pt
vit,fashion-mnist,qsgd,1,1,0.001,1.565606886571456,0.543,15,2397,78,./checkpoints_grid/cfg078_vit_fashion_mnist_qsgd_b1_rep15_seed2397.pt
vit,fashion-mnist,qsgd,1,1,0.001,1.5538714236083588,0.419,16,2398,78,./checkpoints_grid/cfg078_vit_fashion_mnist_qsgd_b1_rep16_seed2398.pt
vit,fashion-mnist,qsgd,1,1,0.001,1.5222249945302628,0.526,17,2399,78,./checkpoints_grid/cfg078_vit_fashion_mnist_qsgd_b1_rep17_seed2399.pt
vit,fashion-mnist,qsgd,1,1,0.001,1.5916836681747737,0.574,18,2400,78,./checkpoints_grid/cfg078_vit_fashion_mnist_qsgd_b1_rep18_seed2400.pt
vit,fashion-mnist,qsgd,1,1,0.001,1.534240655536456,0.511,19,2401,78,./checkpoints_grid/cfg078_vit_fashion_mnist_qsgd_b1_rep19_seed2401.pt
vit,fashion-mnist,qsgd,1,1,0.001,1.56686918752372,0.473,20,2402,78,./checkpoints_grid/cfg078_vit_fashion_mnist_qsgd_b1_rep20_seed2402.pt
vit,fashion-mnist,qsgd,1,1,0.001,1.5363306251196436,0.509,21,2403,78,./checkpoints_grid/cfg078_vit_fashion_mnist_qsgd_b1_rep21_seed2403.pt
vit,fashion-mnist,qsgd,1,1,0.001,1.5356652912575537,0.518,22,2404,78,./checkpoints_grid/cfg078_vit_fashion_mnist_qsgd_b1_rep22_seed2404.pt
vit,fashion-mnist,qsgd,1,1,0.001,1.509973281652259,0.546,23,2405,78,./checkpoints_grid/cfg078_vit_fashion_mnist_qsgd_b1_rep23_seed2405.pt
vit,fashion-mnist,qsgd,1,1,0.001,1.5144809268308872,0.577,24,2406,78,./checkpoints_grid/cfg078_vit_fashion_mnist_qsgd_b1_rep24_seed2406.pt
vit,fashion-mnist,qsgd,1,1,0.001,1.4904844840004499,0.525,25,2407,78,./checkpoints_grid/cfg078_vit_fashion_mnist_qsgd_b1_rep25_seed2407.pt
vit,fashion-mnist,qsgd,1,1,0.001,1.5498610430679307,0.564,26,2408,78,./checkpoints_grid/cfg078_vit_fashion_mnist_qsgd_b1_rep26_seed2408.pt
vit,fashion-mnist,qsgd,1,1,0.001,1.546991645248937,0.551,27,2409,78,./checkpoints_grid/cfg078_vit_fashion_mnist_qsgd_b1_rep27_seed2409.pt
vit,fashion-mnist,qsgd,1,1,0.001,1.5497604470384347,0.547,28,2410,78,./checkpoints_grid/cfg078_vit_fashion_mnist_qsgd_b1_rep28_seed2410.pt
vit,fashion-mnist,qsgd,1,1,0.001,1.557153779418375,0.493,29,2411,78,./checkpoints_grid/cfg078_vit_fashion_mnist_qsgd_b1_rep29_seed2411.pt
vit,fashion-mnist,qsgd,32,1,0.001,1.7618660745620727,0.515,0,2412,79,./checkpoints_grid/cfg079_vit_fashion_mnist_qsgd_b32_rep00_seed2412.pt
vit,fashion-mnist,qsgd,32,1,0.001,1.7992969942092896,0.464,1,2413,79,./checkpoints_grid/cfg079_vit_fashion_mnist_qsgd_b32_rep01_seed2413.pt
vit,fashion-mnist,qsgd,32,1,0.001,1.7429093084335328,0.535,2,2414,79,./checkpoints_grid/cfg079_vit_fashion_mnist_qsgd_b32_rep02_seed2414.pt
vit,fashion-mnist,qsgd,32,1,0.001,1.7272227926254273,0.479,3,2415,79,./checkpoints_grid/cfg079_vit_fashion_mnist_qsgd_b32_rep03_seed2415.pt
vit,fashion-mnist,qsgd,32,1,0.001,1.6302968521118164,0.521,4,2416,79,./checkpoints_grid/cfg079_vit_fashion_mnist_qsgd_b32_rep04_seed2416.pt
vit,fashion-mnist,qsgd,32,1,0.001,1.6591369495391846,0.538,5,2417,79,./checkpoints_grid/cfg079_vit_fashion_mnist_qsgd_b32_rep05_seed2417.pt
vit,fashion-mnist,qsgd,32,1,0.001,1.737327832221985,0.485,6,2418,79,./checkpoints_grid/cfg079_vit_fashion_mnist_qsgd_b32_rep06_seed2418.pt
vit,fashion-mnist,qsgd,32,1,0.001,1.7705424642562866,0.511,7,2419,79,./checkpoints_grid/cfg079_vit_fashion_mnist_qsgd_b32_rep07_seed2419.pt
vit,fashion-mnist,qsgd,32,1,0.001,1.7852414665222167,0.457,8,2420,79,./checkpoints_grid/cfg079_vit_fashion_mnist_qsgd_b32_rep08_seed2420.pt
vit,fashion-mnist,qsgd,32,1,0.001,1.6987490482330323,0.501,9,2421,79,./checkpoints_grid/cfg079_vit_fashion_mnist_qsgd_b32_rep09_seed2421.pt
vit,fashion-mnist,qsgd,32,1,0.001,1.7388599891662597,0.497,10,2422,79,./checkpoints_grid/cfg079_vit_fashion_mnist_qsgd_b32_rep10_seed2422.pt
vit,fashion-mnist,qsgd,32,1,0.001,1.8108167839050293,0.433,11,2423,79,./checkpoints_grid/cfg079_vit_fashion_mnist_qsgd_b32_rep11_seed2423.pt
vit,fashion-mnist,qsgd,32,1,0.001,1.666140838623047,0.528,12,2424,79,./checkpoints_grid/cfg079_vit_fashion_mnist_qsgd_b32_rep12_seed2424.pt
vit,fashion-mnist,qsgd,32,1,0.001,1.7473844957351685,0.456,13,2425,79,./checkpoints_grid/cfg079_vit_fashion_mnist_qsgd_b32_rep13_seed2425.pt
vit,fashion-mnist,qsgd,32,1,0.001,1.6708361406326293,0.476,14,2426,79,./checkpoints_grid/cfg079_vit_fashion_mnist_qsgd_b32_rep14_seed2426.pt
vit,fashion-mnist,qsgd,32,1,0.001,1.6926366658210754,0.541,15,2427,79,./checkpoints_grid/cfg079_vit_fashion_mnist_qsgd_b32_rep15_seed2427.pt
vit,fashion-mnist,qsgd,32,1,0.001,1.7399258756637572,0.485,16,2428,79,./checkpoints_grid/cfg079_vit_fashion_mnist_qsgd_b32_rep16_seed2428.pt
vit,fashion-mnist,qsgd,32,1,0.001,1.7121713829040528,0.517,17,2429,79,./checkpoints_grid/cfg079_vit_fashion_mnist_qsgd_b32_rep17_seed2429.pt
vit,fashion-mnist,qsgd,32,1,0.001,1.7759854106903077,0.517,18,2430,79,./checkpoints_grid/cfg079_vit_fashion_mnist_qsgd_b32_rep18_seed2430.pt
vit,fashion-mnist,qsgd,32,1,0.001,1.736596926689148,0.54,19,2431,79,./checkpoints_grid/cfg079_vit_fashion_mnist_qsgd_b32_rep19_seed2431.pt
vit,fashion-mnist,qsgd,32,1,0.001,1.709685287475586,0.475,20,2432,79,./checkpoints_grid/cfg079_vit_fashion_mnist_qsgd_b32_rep20_seed2432.pt
vit,fashion-mnist,qsgd,32,1,0.001,1.6992462100982666,0.536,21,2433,79,./checkpoints_grid/cfg079_vit_fashion_mnist_qsgd_b32_rep21_seed2433.pt
vit,fashion-mnist,qsgd,32,1,0.001,1.6647905855178833,0.496,22,2434,79,./checkpoints_grid/cfg079_vit_fashion_mnist_qsgd_b32_rep22_seed2434.pt
vit,fashion-mnist,qsgd,32,1,0.001,1.7713228378295898,0.495,23,2435,79,./checkpoints_grid/cfg079_vit_fashion_mnist_qsgd_b32_rep23_seed2435.pt
vit,fashion-mnist,qsgd,32,1,0.001,1.7199475088119507,0.515,24,2436,79,./checkpoints_grid/cfg079_vit_fashion_mnist_qsgd_b32_rep24_seed2436.pt
vit,fashion-mnist,qsgd,32,1,0.001,1.744063509941101,0.463,25,2437,79,./checkpoints_grid/cfg079_vit_fashion_mnist_qsgd_b32_rep25_seed2437.pt
vit,fashion-mnist,qsgd,32,1,0.001,1.6838091549873353,0.575,26,2438,79,./checkpoints_grid/cfg079_vit_fashion_mnist_qsgd_b32_rep26_seed2438.pt
vit,fashion-mnist,qsgd,32,1,0.001,1.7103050537109374,0.523,27,2439,79,./checkpoints_grid/cfg079_vit_fashion_mnist_qsgd_b32_rep27_seed2439.pt
vit,fashion-mnist,qsgd,32,1,0.001,1.710779356956482,0.483,28,2440,79,./checkpoints_grid/cfg079_vit_fashion_mnist_qsgd_b32_rep28_seed2440.pt
vit,fashion-mnist,qsgd,32,1,0.001,1.7653165864944458,0.474,29,2441,79,./checkpoints_grid/cfg079_vit_fashion_mnist_qsgd_b32_rep29_seed2441.pt
vit,cifar10,none,1,1,0.001,2.3221163012143227,0.16,0,2442,80,./checkpoints_grid/cfg080_vit_cifar10_none_b1_rep00_seed2442.pt
vit,cifar10,none,1,1,0.001,2.350285317286849,0.173,1,2443,80,./checkpoints_grid/cfg080_vit_cifar10_none_b1_rep01_seed2443.pt
vit,cifar10,none,1,1,0.001,2.3253595417318866,0.181,2,2444,80,./checkpoints_grid/cfg080_vit_cifar10_none_b1_rep02_seed2444.pt
vit,cifar10,none,1,1,0.001,2.336015045357868,0.192,3,2445,80,./checkpoints_grid/cfg080_vit_cifar10_none_b1_rep03_seed2445.pt
vit,cifar10,none,1,1,0.001,2.3202870907913895,0.233,4,2446,80,./checkpoints_grid/cfg080_vit_cifar10_none_b1_rep04_seed2446.pt
vit,cifar10,none,1,1,0.001,2.303083961807191,0.181,5,2447,80,./checkpoints_grid/cfg080_vit_cifar10_none_b1_rep05_seed2447.pt
vit,cifar10,none,1,1,0.001,2.3547316941632888,0.171,6,2448,80,./checkpoints_grid/cfg080_vit_cifar10_none_b1_rep06_seed2448.pt
vit,cifar10,none,1,1,0.001,2.336272824961925,0.177,7,2449,80,./checkpoints_grid/cfg080_vit_cifar10_none_b1_rep07_seed2449.pt
vit,cifar10,none,1,1,0.001,2.3198253339948134,0.176,8,2450,80,./checkpoints_grid/cfg080_vit_cifar10_none_b1_rep08_seed2450.pt
vit,cifar10,none,1,1,0.001,2.3208122839517893,0.188,9,2451,80,./checkpoints_grid/cfg080_vit_cifar10_none_b1_rep09_seed2451.pt
vit,cifar10,none,1,1,0.001,2.335258439519908,0.179,10,2452,80,./checkpoints_grid/cfg080_vit_cifar10_none_b1_rep10_seed2452.pt
vit,cifar10,none,1,1,0.001,2.3353193794102407,0.167,11,2453,80,./checkpoints_grid/cfg080_vit_cifar10_none_b1_rep11_seed2453.pt
vit,cifar10,none,1,1,0.001,2.316738967029378,0.168,12,2454,80,./checkpoints_grid/cfg080_vit_cifar10_none_b1_rep12_seed2454.pt
vit,cifar10,none,1,1,0.001,2.338929857926676,0.188,13,2455,80,./checkpoints_grid/cfg080_vit_cifar10_none_b1_rep13_seed2455.pt
vit,cifar10,none,1,1,0.001,2.3123150201886893,0.178,14,2456,80,./checkpoints_grid/cfg080_vit_cifar10_none_b1_rep14_seed2456.pt
vit,cifar10,none,1,1,0.001,2.3258906309660525,0.152,15,2457,80,./checkpoints_grid/cfg080_vit_cifar10_none_b1_rep15_seed2457.pt
vit,cifar10,none,1,1,0.001,2.321281910652295,0.207,16,2458,80,./checkpoints_grid/cfg080_vit_cifar10_none_b1_rep16_seed2458.pt
vit,cifar10,none,1,1,0.001,2.3324989186101592,0.216,17,2459,80,./checkpoints_grid/cfg080_vit_cifar10_none_b1_rep17_seed2459.pt
vit,cifar10,none,1,1,0.001,2.33673766188696,0.187,18,2460,80,./checkpoints_grid/cfg080_vit_cifar10_none_b1_rep18_seed2460.pt
vit,cifar10,none,1,1,0.001,2.303820044739172,0.171,19,2461,80,./checkpoints_grid/cfg080_vit_cifar10_none_b1_rep19_seed2461.pt
vit,cifar10,none,1,1,0.001,2.343460599553655,0.199,20,2462,80,./checkpoints_grid/cfg080_vit_cifar10_none_b1_rep20_seed2462.pt
vit,cifar10,none,1,1,0.001,2.3395216062804685,0.158,21,2463,80,./checkpoints_grid/cfg080_vit_cifar10_none_b1_rep21_seed2463.pt
vit,cifar10,none,1,1,0.001,2.3301211575441996,0.169,22,2464,80,./checkpoints_grid/cfg080_vit_cifar10_none_b1_rep22_seed2464.pt
vit,cifar10,none,1,1,0.001,2.331692767564207,0.168,23,2465,80,./checkpoints_grid/cfg080_vit_cifar10_none_b1_rep23_seed2465.pt
vit,cifar10,none,1,1,0.001,2.3256992451492695,0.182,24,2466,80,./checkpoints_grid/cfg080_vit_cifar10_none_b1_rep24_seed2466.pt
vit,cifar10,none,1,1,0.001,2.3310806185621766,0.163,25,2467,80,./checkpoints_grid/cfg080_vit_cifar10_none_b1_rep25_seed2467.pt
vit,cifar10,none,1,1,0.001,2.34704573512543,0.205,26,2468,80,./checkpoints_grid/cfg080_vit_cifar10_none_b1_rep26_seed2468.pt
vit,cifar10,none,1,1,0.001,2.3372088723052293,0.189,27,2469,80,./checkpoints_grid/cfg080_vit_cifar10_none_b1_rep27_seed2469.pt
vit,cifar10,none,1,1,0.001,2.313659575788304,0.22,28,2470,80,./checkpoints_grid/cfg080_vit_cifar10_none_b1_rep28_seed2470.pt
vit,cifar10,none,1,1,0.001,2.332933637562906,0.168,29,2471,80,./checkpoints_grid/cfg080_vit_cifar10_none_b1_rep29_seed2471.pt
vit,cifar10,none,32,1,0.001,2.0927043704986574,0.29,0,2472,81,./checkpoints_grid/cfg081_vit_cifar10_none_b32_rep00_seed2472.pt
vit,cifar10,none,32,1,0.001,2.0378249416351317,0.303,1,2473,81,./checkpoints_grid/cfg081_vit_cifar10_none_b32_rep01_seed2473.pt
vit,cifar10,none,32,1,0.001,2.0657778615951536,0.298,2,2474,81,./checkpoints_grid/cfg081_vit_cifar10_none_b32_rep02_seed2474.pt
vit,cifar10,none,32,1,0.001,2.0561953048706054,0.321,3,2475,81,./checkpoints_grid/cfg081_vit_cifar10_none_b32_rep03_seed2475.pt
vit,cifar10,none,32,1,0.001,2.0930434646606444,0.288,4,2476,81,./checkpoints_grid/cfg081_vit_cifar10_none_b32_rep04_seed2476.pt
vit,cifar10,none,32,1,0.001,2.06735946559906,0.297,5,2477,81,./checkpoints_grid/cfg081_vit_cifar10_none_b32_rep05_seed2477.pt
vit,cifar10,none,32,1,0.001,2.032501353263855,0.305,6,2478,81,./checkpoints_grid/cfg081_vit_cifar10_none_b32_rep06_seed2478.pt
vit,cifar10,none,32,1,0.001,2.0657851514816286,0.324,7,2479,81,./checkpoints_grid/cfg081_vit_cifar10_none_b32_rep07_seed2479.pt
vit,cifar10,none,32,1,0.001,2.0482945556640626,0.298,8,2480,81,./checkpoints_grid/cfg081_vit_cifar10_none_b32_rep08_seed2480.pt
vit,cifar10,none,32,1,0.001,2.055671336174011,0.276,9,2481,81,./checkpoints_grid/cfg081_vit_cifar10_none_b32_rep09_seed2481.pt
vit,cifar10,none,32,1,0.001,2.0620202894210817,0.315,10,2482,81,./checkpoints_grid/cfg081_vit_cifar10_none_b32_rep10_seed2482.pt
vit,cifar10,none,32,1,0.001,2.069777331352234,0.291,11,2483,81,./checkpoints_grid/cfg081_vit_cifar10_none_b32_rep11_seed2483.pt
vit,cifar10,none,32,1,0.001,2.0719458055496216,0.274,12,2484,81,./checkpoints_grid/cfg081_vit_cifar10_none_b32_rep12_seed2484.pt
vit,cifar10,none,32,1,0.001,2.0219811038970947,0.292,13,2485,81,./checkpoints_grid/cfg081_vit_cifar10_none_b32_rep13_seed2485.pt
vit,cifar10,none,32,1,0.001,2.0591234388351443,0.278,14,2486,81,./checkpoints_grid/cfg081_vit_cifar10_none_b32_rep14_seed2486.pt
vit,cifar10,none,32,1,0.001,2.0810543718338015,0.318,15,2487,81,./checkpoints_grid/cfg081_vit_cifar10_none_b32_rep15_seed2487.pt
vit,cifar10,none,32,1,0.001,2.0604639892578125,0.271,16,2488,81,./checkpoints_grid/cfg081_vit_cifar10_none_b32_rep16_seed2488.pt
vit,cifar10,none,32,1,0.001,2.0664672775268556,0.266,17,2489,81,./checkpoints_grid/cfg081_vit_cifar10_none_b32_rep17_seed2489.pt
vit,cifar10,none,32,1,0.001,2.078893732070923,0.337,18,2490,81,./checkpoints_grid/cfg081_vit_cifar10_none_b32_rep18_seed2490.pt
vit,cifar10,none,32,1,0.001,2.0802924642562868,0.312,19,2491,81,./checkpoints_grid/cfg081_vit_cifar10_none_b32_rep19_seed2491.pt
vit,cifar10,none,32,1,0.001,2.0896500158309936,0.291,20,2492,81,./checkpoints_grid/cfg081_vit_cifar10_none_b32_rep20_seed2492.pt
vit,cifar10,none,32,1,0.001,2.0290587186813354,0.28,21,2493,81,./checkpoints_grid/cfg081_vit_cifar10_none_b32_rep21_seed2493.pt
vit,cifar10,none,32,1,0.001,2.073436291694641,0.313,22,2494,81,./checkpoints_grid/cfg081_vit_cifar10_none_b32_rep22_seed2494.pt
vit,cifar10,none,32,1,0.001,2.068524976730347,0.225,23,2495,81,./checkpoints_grid/cfg081_vit_cifar10_none_b32_rep23_seed2495.pt
vit,cifar10,none,32,1,0.001,2.058855451583862,0.291,24,2496,81,./checkpoints_grid/cfg081_vit_cifar10_none_b32_rep24_seed2496.pt
vit,cifar10,none,32,1,0.001,2.073483635902405,0.29,25,2497,81,./checkpoints_grid/cfg081_vit_cifar10_none_b32_rep25_seed2497.pt
vit,cifar10,none,32,1,0.001,2.0681161680221556,0.284,26,2498,81,./checkpoints_grid/cfg081_vit_cifar10_none_b32_rep26_seed2498.pt
vit,cifar10,none,32,1,0.001,2.055245532989502,0.28,27,2499,81,./checkpoints_grid/cfg081_vit_cifar10_none_b32_rep27_seed2499.pt
vit,cifar10,none,32,1,0.001,2.081701415061951,0.246,28,2500,81,./checkpoints_grid/cfg081_vit_cifar10_none_b32_rep28_seed2500.pt
vit,cifar10,none,32,1,0.001,2.066103015899658,0.274,29,2501,81,./checkpoints_grid/cfg081_vit_cifar10_none_b32_rep29_seed2501.pt
vit,cifar10,topk,1,1,0.001,2.3046408864802217,0.199,0,2502,82,./checkpoints_grid/cfg082_vit_cifar10_topk_b1_rep00_seed2502.pt
vit,cifar10,topk,1,1,0.001,2.307447033593897,0.177,1,2503,82,./checkpoints_grid/cfg082_vit_cifar10_topk_b1_rep01_seed2503.pt
vit,cifar10,topk,1,1,0.001,2.300937752425205,0.151,2,2504,82,./checkpoints_grid/cfg082_vit_cifar10_topk_b1_rep02_seed2504.pt
vit,cifar10,topk,1,1,0.001,2.306429844087921,0.176,3,2505,82,./checkpoints_grid/cfg082_vit_cifar10_topk_b1_rep03_seed2505.pt
vit,cifar10,topk,1,1,0.001,2.30399674706161,0.221,4,2506,82,./checkpoints_grid/cfg082_vit_cifar10_topk_b1_rep04_seed2506.pt
vit,cifar10,topk,1,1,0.001,2.298479322535917,0.205,5,2507,82,./checkpoints_grid/cfg082_vit_cifar10_topk_b1_rep05_seed2507.pt
vit,cifar10,topk,1,1,0.001,2.302991480880417,0.128,6,2508,82,./checkpoints_grid/cfg082_vit_cifar10_topk_b1_rep06_seed2508.pt
vit,cifar10,topk,1,1,0.001,2.299620694882702,0.217,7,2509,82,./checkpoints_grid/cfg082_vit_cifar10_topk_b1_rep07_seed2509.pt
vit,cifar10,topk,1,1,0.001,2.3078325712779186,0.146,8,2510,82,./checkpoints_grid/cfg082_vit_cifar10_topk_b1_rep08_seed2510.pt
vit,cifar10,topk,1,1,0.001,2.3152152911787853,0.205,9,2511,82,./checkpoints_grid/cfg082_vit_cifar10_topk_b1_rep09_seed2511.pt
vit,cifar10,topk,1,1,0.001,2.2949594065882266,0.19,10,2512,82,./checkpoints_grid/cfg082_vit_cifar10_topk_b1_rep10_seed2512.pt
vit,cifar10,topk,1,1,0.001,2.314873617774807,0.179,11,2513,82,./checkpoints_grid/cfg082_vit_cifar10_topk_b1_rep11_seed2513.pt
vit,cifar10,topk,1,1,0.001,2.3057520182412117,0.174,12,2514,82,./checkpoints_grid/cfg082_vit_cifar10_topk_b1_rep12_seed2514.pt
vit,cifar10,topk,1,1,0.001,2.3145348720513286,0.175,13,2515,82,./checkpoints_grid/cfg082_vit_cifar10_topk_b1_rep13_seed2515.pt
vit,cifar10,topk,1,1,0.001,2.3071793606812134,0.169,14,2516,82,./checkpoints_grid/cfg082_vit_cifar10_topk_b1_rep14_seed2516.pt
vit,cifar10,topk,1,1,0.001,2.3249835191606545,0.175,15,2517,82,./checkpoints_grid/cfg082_vit_cifar10_topk_b1_rep15_seed2517.pt
vit,cifar10,topk,1,1,0.001,2.3277466364227,0.125,16,2518,82,./checkpoints_grid/cfg082_vit_cifar10_topk_b1_rep16_seed2518.pt
vit,cifar10,topk,1,1,0.001,2.306917306637857,0.138,17,2519,82,./checkpoints_grid/cfg082_vit_cifar10_topk_b1_rep17_seed2519.pt
vit,cifar10,topk,1,1,0.001,2.3144197455886752,0.212,18,2520,82,./checkpoints_grid/cfg082_vit_cifar10_topk_b1_rep18_seed2520.pt
vit,cifar10,topk,1,1,0.001,2.3075559352114796,0.216,19,2521,82,./checkpoints_grid/cfg082_vit_cifar10_topk_b1_rep19_seed2521.pt
vit,cifar10,topk,1,1,0.001,2.2930290220910683,0.168,20,2522,82,./checkpoints_grid/cfg082_vit_cifar10_topk_b1_rep20_seed2522.pt
vit,cifar10,topk,1,1,0.001,2.298299155412242,0.184,21,2523,82,./checkpoints_grid/cfg082_vit_cifar10_topk_b1_rep21_seed2523.pt
vit,cifar10,topk,1,1,0.001,2.317649337163195,0.184,22,2524,82,./checkpoints_grid/cfg082_vit_cifar10_topk_b1_rep22_seed2524.pt
vit,cifar10,topk,1,1,0.001,2.2892571598831566,0.164,23,2525,82,./checkpoints_grid/cfg082_vit_cifar10_topk_b1_rep23_seed2525.pt
vit,cifar10,topk,1,1,0.001,2.293208501786925,0.205,24,2526,82,./checkpoints_grid/cfg082_vit_cifar10_topk_b1_rep24_seed2526.pt
vit,cifar10,topk,1,1,0.001,2.3125907614855095,0.221,25,2527,82,./checkpoints_grid/cfg082_vit_cifar10_topk_b1_rep25_seed2527.pt
vit,cifar10,topk,1,1,0.001,2.3127484741946684,0.188,26,2528,82,./checkpoints_grid/cfg082_vit_cifar10_topk_b1_rep26_seed2528.pt
vit,cifar10,topk,1,1,0.001,2.328126741196,0.153,27,2529,82,./checkpoints_grid/cfg082_vit_cifar10_topk_b1_rep27_seed2529.pt
vit,cifar10,topk,1,1,0.001,2.3251438653534278,0.196,28,2530,82,./checkpoints_grid/cfg082_vit_cifar10_topk_b1_rep28_seed2530.pt
vit,cifar10,topk,1,1,0.001,2.310657811610028,0.201,29,2531,82,./checkpoints_grid/cfg082_vit_cifar10_topk_b1_rep29_seed2531.pt
vit,cifar10,topk,32,1,0.001,2.053426630973816,0.268,0,2532,83,./checkpoints_grid/cfg083_vit_cifar10_topk_b32_rep00_seed2532.pt
vit,cifar10,topk,32,1,0.001,2.0623082361221314,0.246,1,2533,83,./checkpoints_grid/cfg083_vit_cifar10_topk_b32_rep01_seed2533.pt
vit,cifar10,topk,32,1,0.001,2.089610511779785,0.247,2,2534,83,./checkpoints_grid/cfg083_vit_cifar10_topk_b32_rep02_seed2534.pt
vit,cifar10,topk,32,1,0.001,2.0492209463119506,0.269,3,2535,83,./checkpoints_grid/cfg083_vit_cifar10_topk_b32_rep03_seed2535.pt
vit,cifar10,topk,32,1,0.001,2.077984211921692,0.291,4,2536,83,./checkpoints_grid/cfg083_vit_cifar10_topk_b32_rep04_seed2536.pt
vit,cifar10,topk,32,1,0.001,2.046904324531555,0.273,5,2537,83,./checkpoints_grid/cfg083_vit_cifar10_topk_b32_rep05_seed2537.pt
vit,cifar10,topk,32,1,0.001,2.0717471752166747,0.301,6,2538,83,./checkpoints_grid/cfg083_vit_cifar10_topk_b32_rep06_seed2538.pt
vit,cifar10,topk,32,1,0.001,2.0601864776611327,0.3,7,2539,83,./checkpoints_grid/cfg083_vit_cifar10_topk_b32_rep07_seed2539.pt
vit,cifar10,topk,32,1,0.001,2.082335556983948,0.269,8,2540,83,./checkpoints_grid/cfg083_vit_cifar10_topk_b32_rep08_seed2540.pt
vit,cifar10,topk,32,1,0.001,2.0674584712982176,0.252,9,2541,83,./checkpoints_grid/cfg083_vit_cifar10_topk_b32_rep09_seed2541.pt
vit,cifar10,topk,32,1,0.001,2.0528087539672852,0.297,10,2542,83,./checkpoints_grid/cfg083_vit_cifar10_topk_b32_rep10_seed2542.pt
vit,cifar10,topk,32,1,0.001,2.0188131790161132,0.296,11,2543,83,./checkpoints_grid/cfg083_vit_cifar10_topk_b32_rep11_seed2543.pt
vit,cifar10,topk,32,1,0.001,2.07654718875885,0.266,12,2544,83,./checkpoints_grid/cfg083_vit_cifar10_topk_b32_rep12_seed2544.pt
vit,cifar10,topk,32,1,0.001,2.069208794593811,0.278,13,2545,83,./checkpoints_grid/cfg083_vit_cifar10_topk_b32_rep13_seed2545.pt
vit,cifar10,topk,32,1,0.001,2.0546899003982544,0.279,14,2546,83,./checkpoints_grid/cfg083_vit_cifar10_topk_b32_rep14_seed2546.pt
vit,cifar10,topk,32,1,0.001,2.0570258646011355,0.279,15,2547,83,./checkpoints_grid/cfg083_vit_cifar10_topk_b32_rep15_seed2547.pt
vit,cifar10,topk,32,1,0.001,2.064921748161316,0.293,16,2548,83,./checkpoints_grid/cfg083_vit_cifar10_topk_b32_rep16_seed2548.pt
vit,cifar10,topk,32,1,0.001,2.094002691268921,0.259,17,2549,83,./checkpoints_grid/cfg083_vit_cifar10_topk_b32_rep17_seed2549.pt
vit,cifar10,topk,32,1,0.001,2.0562480449676515,0.293,18,2550,83,./checkpoints_grid/cfg083_vit_cifar10_topk_b32_rep18_seed2550.pt
vit,cifar10,topk,32,1,0.001,2.064625828742981,0.24,19,2551,83,./checkpoints_grid/cfg083_vit_cifar10_topk_b32_rep19_seed2551.pt
vit,cifar10,topk,32,1,0.001,2.0612952222824097,0.263,20,2552,83,./checkpoints_grid/cfg083_vit_cifar10_topk_b32_rep20_seed2552.pt
vit,cifar10,topk,32,1,0.001,2.0965865650177,0.299,21,2553,83,./checkpoints_grid/cfg083_vit_cifar10_topk_b32_rep21_seed2553.pt
vit,cifar10,topk,32,1,0.001,2.082011615753174,0.254,22,2554,83,./checkpoints_grid/cfg083_vit_cifar10_topk_b32_rep22_seed2554.pt
vit,cifar10,topk,32,1,0.001,2.067052227973938,0.293,23,2555,83,./checkpoints_grid/cfg083_vit_cifar10_topk_b32_rep23_seed2555.pt
vit,cifar10,topk,32,1,0.001,2.0612366466522216,0.273,24,2556,83,./checkpoints_grid/cfg083_vit_cifar10_topk_b32_rep24_seed2556.pt
vit,cifar10,topk,32,1,0.001,2.066295802116394,0.274,25,2557,83,./checkpoints_grid/cfg083_vit_cifar10_topk_b32_rep25_seed2557.pt
vit,cifar10,topk,32,1,0.001,2.0589501514434816,0.282,26,2558,83,./checkpoints_grid/cfg083_vit_cifar10_topk_b32_rep26_seed2558.pt
vit,cifar10,topk,32,1,0.001,2.062280662536621,0.313,27,2559,83,./checkpoints_grid/cfg083_vit_cifar10_topk_b32_rep27_seed2559.pt
vit,cifar10,topk,32,1,0.001,2.0674974641799926,0.264,28,2560,83,./checkpoints_grid/cfg083_vit_cifar10_topk_b32_rep28_seed2560.pt
vit,cifar10,topk,32,1,0.001,2.05685394859314,0.284,29,2561,83,./checkpoints_grid/cfg083_vit_cifar10_topk_b32_rep29_seed2561.pt
vit,cifar10,dpsgd,1,1,0.001,2.6050498109310865,0.167,0,2562,84,./checkpoints_grid/cfg084_vit_cifar10_dpsgd_b1_rep00_seed2562.pt
vit,cifar10,dpsgd,1,1,0.001,2.588036400697194,0.099,1,2563,84,./checkpoints_grid/cfg084_vit_cifar10_dpsgd_b1_rep01_seed2563.pt
vit,cifar10,dpsgd,1,1,0.001,2.603876829981804,0.178,2,2564,84,./checkpoints_grid/cfg084_vit_cifar10_dpsgd_b1_rep02_seed2564.pt
vit,cifar10,dpsgd,1,1,0.001,2.526992973908782,0.13,3,2565,84,./checkpoints_grid/cfg084_vit_cifar10_dpsgd_b1_rep03_seed2565.pt
vit,cifar10,dpsgd,1,1,0.001,2.6718931667543946,0.157,4,2566,84,./checkpoints_grid/cfg084_vit_cifar10_dpsgd_b1_rep04_seed2566.pt
vit,cifar10,dpsgd,1,1,0.001,2.5276340680494904,0.15,5,2567,84,./checkpoints_grid/cfg084_vit_cifar10_dpsgd_b1_rep05_seed2567.pt
vit,cifar10,dpsgd,1,1,0.001,2.568998279992491,0.145,6,2568,84,./checkpoints_grid/cfg084_vit_cifar10_dpsgd_b1_rep06_seed2568.pt
vit,cifar10,dpsgd,1,1,0.001,2.5176945117749274,0.152,7,2569,84,./checkpoints_grid/cfg084_vit_cifar10_dpsgd_b1_rep07_seed2569.pt
vit,cifar10,dpsgd,1,1,0.001,2.68994390297425,0.172,8,2570,84,./checkpoints_grid/cfg084_vit_cifar10_dpsgd_b1_rep08_seed2570.pt
vit,cifar10,dpsgd,1,1,0.001,2.601961210774258,0.155,9,2571,84,./checkpoints_grid/cfg084_vit_cifar10_dpsgd_b1_rep09_seed2571.pt
vit,cifar10,dpsgd,1,1,0.001,2.6570987664684655,0.12,10,2572,84,./checkpoints_grid/cfg084_vit_cifar10_dpsgd_b1_rep10_seed2572.pt
vit,cifar10,dpsgd,1,1,0.001,2.602417310293764,0.142,11,2573,84,./checkpoints_grid/cfg084_vit_cifar10_dpsgd_b1_rep11_seed2573.pt
vit,cifar10,dpsgd,1,1,0.001,2.5650164930140598,0.16,12,2574,84,./checkpoints_grid/cfg084_vit_cifar10_dpsgd_b1_rep12_seed2574.pt
vit,cifar10,dpsgd,1,1,0.001,2.632082188230008,0.096,13,2575,84,./checkpoints_grid/cfg084_vit_cifar10_dpsgd_b1_rep13_seed2575.pt
vit,cifar10,dpsgd,1,1,0.001,2.713881996400654,0.102,14,2576,84,./checkpoints_grid/cfg084_vit_cifar10_dpsgd_b1_rep14_seed2576.pt
vit,cifar10,dpsgd,1,1,0.001,2.6196369583941994,0.146,15,2577,84,./checkpoints_grid/cfg084_vit_cifar10_dpsgd_b1_rep15_seed2577.pt
vit,cifar10,dpsgd,1,1,0.001,2.60399768214114,0.112,16,2578,84,./checkpoints_grid/cfg084_vit_cifar10_dpsgd_b1_rep16_seed2578.pt
vit,cifar10,dpsgd,1,1,0.001,2.6949494133740663,0.151,17,2579,84,./checkpoints_grid/cfg084_vit_cifar10_dpsgd_b1_rep17_seed2579.pt
vit,cifar10,dpsgd,1,1,0.001,2.6306059817150236,0.109,18,2580,84,./checkpoints_grid/cfg084_vit_cifar10_dpsgd_b1_rep18_seed2580.pt
vit,cifar10,dpsgd,1,1,0.001,2.574207145849243,0.115,19,2581,84,./checkpoints_grid/cfg084_vit_cifar10_dpsgd_b1_rep19_seed2581.pt
vit,cifar10,dpsgd,1,1,0.001,2.655749212611467,0.155,20,2582,84,./checkpoints_grid/cfg084_vit_cifar10_dpsgd_b1_rep20_seed2582.pt
vit,cifar10,dpsgd,1,1,0.001,2.583569128469564,0.1,21,2583,84,./checkpoints_grid/cfg084_vit_cifar10_dpsgd_b1_rep21_seed2583.pt
vit,cifar10,dpsgd,1,1,0.001,2.672096919291653,0.163,22,2584,84,./checkpoints_grid/cfg084_vit_cifar10_dpsgd_b1_rep22_seed2584.pt
vit,cifar10,dpsgd,1,1,0.001,2.584097759699449,0.186,23,2585,84,./checkpoints_grid/cfg084_vit_cifar10_dpsgd_b1_rep23_seed2585.pt
vit,cifar10,dpsgd,1,1,0.001,2.649154161324259,0.223,24,2586,84,./checkpoints_grid/cfg084_vit_cifar10_dpsgd_b1_rep24_seed2586.pt
vit,cifar10,dpsgd,1,1,0.001,2.715024698704481,0.154,25,2587,84,./checkpoints_grid/cfg084_vit_cifar10_dpsgd_b1_rep25_seed2587.pt
vit,cifar10,dpsgd,1,1,0.001,2.5244464788082985,0.168,26,2588,84,./checkpoints_grid/cfg084_vit_cifar10_dpsgd_b1_rep26_seed2588.pt
vit,cifar10,dpsgd,1,1,0.001,2.6389653670191766,0.181,27,2589,84,./checkpoints_grid/cfg084_vit_cifar10_dpsgd_b1_rep27_seed2589.pt
vit,cifar10,dpsgd,1,1,0.001,2.5322654212946074,0.178,28,2590,84,./checkpoints_grid/cfg084_vit_cifar10_dpsgd_b1_rep28_seed2590.pt
vit,cifar10,dpsgd,1,1,0.001,2.558728554774076,0.148,29,2591,84,./checkpoints_grid/cfg084_vit_cifar10_dpsgd_b1_rep29_seed2591.pt
vit,cifar10,dpsgd,32,1,0.001,2.470791421890259,0.135,0,2592,85,./checkpoints_grid/cfg085_vit_cifar10_dpsgd_b32_rep00_seed2592.pt
vit,cifar10,dpsgd,32,1,0.001,2.4032057933807374,0.172,1,2593,85,./checkpoints_grid/cfg085_vit_cifar10_dpsgd_b32_rep01_seed2593.pt
vit,cifar10,dpsgd,32,1,0.001,2.3526821060180665,0.174,2,2594,85,./checkpoints_grid/cfg085_vit_cifar10_dpsgd_b32_rep02_seed2594.pt
vit,cifar10,dpsgd,32,1,0.001,2.372089769363403,0.107,3,2595,85,./checkpoints_grid/cfg085_vit_cifar10_dpsgd_b32_rep03_seed2595.pt
vit,cifar10,dpsgd,32,1,0.001,2.356864278793335,0.146,4,2596,85,./checkpoints_grid/cfg085_vit_cifar10_dpsgd_b32_rep04_seed2596.pt
vit,cifar10,dpsgd,32,1,0.001,2.347026891708374,0.129,5,2597,85,./checkpoints_grid/cfg085_vit_cifar10_dpsgd_b32_rep05_seed2597.pt
vit,cifar10,dpsgd,32,1,0.001,2.4025382862091065,0.136,6,2598,85,./checkpoints_grid/cfg085_vit_cifar10_dpsgd_b32_rep06_seed2598.pt
vit,cifar10,dpsgd,32,1,0.001,2.415430212020874,0.128,7,2599,85,./checkpoints_grid/cfg085_vit_cifar10_dpsgd_b32_rep07_seed2599.pt
vit,cifar10,dpsgd,32,1,0.001,2.4609799175262452,0.083,8,2600,85,./checkpoints_grid/cfg085_vit_cifar10_dpsgd_b32_rep08_seed2600.pt
vit,cifar10,dpsgd,32,1,0.001,2.347123249053955,0.135,9,2601,85,./checkpoints_grid/cfg085_vit_cifar10_dpsgd_b32_rep09_seed2601.pt
vit,cifar10,dpsgd,32,1,0.001,2.4629290847778322,0.109,10,2602,85,./checkpoints_grid/cfg085_vit_cifar10_dpsgd_b32_rep10_seed2602.pt
vit,cifar10,dpsgd,32,1,0.001,2.461290079116821,0.127,11,2603,85,./checkpoints_grid/cfg085_vit_cifar10_dpsgd_b32_rep11_seed2603.pt
vit,cifar10,dpsgd,32,1,0.001,2.4033438205718993,0.124,12,2604,85,./checkpoints_grid/cfg085_vit_cifar10_dpsgd_b32_rep12_seed2604.pt
vit,cifar10,dpsgd,32,1,0.001,2.4985961360931395,0.096,13,2605,85,./checkpoints_grid/cfg085_vit_cifar10_dpsgd_b32_rep13_seed2605.pt
vit,cifar10,dpsgd,32,1,0.001,2.5051470985412596,0.095,14,2606,85,./checkpoints_grid/cfg085_vit_cifar10_dpsgd_b32_rep14_seed2606.pt
vit,cifar10,dpsgd,32,1,0.001,2.3185663757324217,0.187,15,2607,85,./checkpoints_grid/cfg085_vit_cifar10_dpsgd_b32_rep15_seed2607.pt
vit,cifar10,dpsgd,32,1,0.001,2.426237869262695,0.105,16,2608,85,./checkpoints_grid/cfg085_vit_cifar10_dpsgd_b32_rep16_seed2608.pt
vit,cifar10,dpsgd,32,1,0.001,2.480836570739746,0.16,17,2609,85,./checkpoints_grid/cfg085_vit_cifar10_dpsgd_b32_rep17_seed2609.pt
vit,cifar10,dpsgd,32,1,0.001,2.381341562271118,0.132,18,2610,85,./checkpoints_grid/cfg085_vit_cifar10_dpsgd_b32_rep18_seed2610.pt
vit,cifar10,dpsgd,32,1,0.001,2.377026550292969,0.184,19,2611,85,./checkpoints_grid/cfg085_vit_cifar10_dpsgd_b32_rep19_seed2611.pt
vit,cifar10,dpsgd,32,1,0.001,2.3727448272705076,0.132,20,2612,85,./checkpoints_grid/cfg085_vit_cifar10_dpsgd_b32_rep20_seed2612.pt
vit,cifar10,dpsgd,32,1,0.001,2.313755876541138,0.158,21,2613,85,./checkpoints_grid/cfg085_vit_cifar10_dpsgd_b32_rep21_seed2613.pt
vit,cifar10,dpsgd,32,1,0.001,2.4689820289611815,0.145,22,2614,85,./checkpoints_grid/cfg085_vit_cifar10_dpsgd_b32_rep22_seed2614.pt
vit,cifar10,dpsgd,32,1,0.001,2.4828903903961184,0.141,23,2615,85,./checkpoints_grid/cfg085_vit_cifar10_dpsgd_b32_rep23_seed2615.pt
vit,cifar10,dpsgd,32,1,0.001,2.4356671657562257,0.147,24,2616,85,./checkpoints_grid/cfg085_vit_cifar10_dpsgd_b32_rep24_seed2616.pt
vit,cifar10,dpsgd,32,1,0.001,2.513905101776123,0.135,25,2617,85,./checkpoints_grid/cfg085_vit_cifar10_dpsgd_b32_rep25_seed2617.pt
vit,cifar10,dpsgd,32,1,0.001,2.585688104629517,0.107,26,2618,85,./checkpoints_grid/cfg085_vit_cifar10_dpsgd_b32_rep26_seed2618.pt
vit,cifar10,dpsgd,32,1,0.001,2.4800285873413084,0.094,27,2619,85,./checkpoints_grid/cfg085_vit_cifar10_dpsgd_b32_rep27_seed2619.pt
vit,cifar10,dpsgd,32,1,0.001,2.5155479011535644,0.148,28,2620,85,./checkpoints_grid/cfg085_vit_cifar10_dpsgd_b32_rep28_seed2620.pt
vit,cifar10,dpsgd,32,1,0.001,2.4206909713745115,0.099,29,2621,85,./checkpoints_grid/cfg085_vit_cifar10_dpsgd_b32_rep29_seed2621.pt
vit,cifar10,randomk,1,1,0.001,2.293003340536263,0.233,0,2622,86,./checkpoints_grid/cfg086_vit_cifar10_randomk_b1_rep00_seed2622.pt
vit,cifar10,randomk,1,1,0.001,2.318196460261941,0.243,1,2623,86,./checkpoints_grid/cfg086_vit_cifar10_randomk_b1_rep01_seed2623.pt
vit,cifar10,randomk,1,1,0.001,2.305127594966907,0.225,2,2624,86,./checkpoints_grid/cfg086_vit_cifar10_randomk_b1_rep02_seed2624.pt
vit,cifar10,randomk,1,1,0.001,2.3103921953378013,0.192,3,2625,86,./checkpoints_grid/cfg086_vit_cifar10_randomk_b1_rep03_seed2625.pt
vit,cifar10,randomk,1,1,0.001,2.3082143549502363,0.192,4,2626,86,./checkpoints_grid/cfg086_vit_cifar10_randomk_b1_rep04_seed2626.pt
vit,cifar10,randomk,1,1,0.001,2.3345665533756836,0.237,5,2627,86,./checkpoints_grid/cfg086_vit_cifar10_randomk_b1_rep05_seed2627.pt
vit,cifar10,randomk,1,1,0.001,2.308236414610408,0.229,6,2628,86,./checkpoints_grid/cfg086_vit_cifar10_randomk_b1_rep06_seed2628.pt
vit,cifar10,randomk,1,1,0.001,2.314509798960062,0.218,7,2629,86,./checkpoints_grid/cfg086_vit_cifar10_randomk_b1_rep07_seed2629.pt
vit,cifar10,randomk,1,1,0.001,2.310534186525911,0.244,8,2630,86,./checkpoints_grid/cfg086_vit_cifar10_randomk_b1_rep08_seed2630.pt
vit,cifar10,randomk,1,1,0.001,2.321845075655263,0.247,9,2631,86,./checkpoints_grid/cfg086_vit_cifar10_randomk_b1_rep09_seed2631.pt
vit,cifar10,randomk,1,1,0.001,2.313812355509028,0.175,10,2632,86,./checkpoints_grid/cfg086_vit_cifar10_randomk_b1_rep10_seed2632.pt
vit,cifar10,randomk,1,1,0.001,2.3042055287305265,0.254,11,2633,86,./checkpoints_grid/cfg086_vit_cifar10_randomk_b1_rep11_seed2633.pt
vit,cifar10,randomk,1,1,0.001,2.2999571675478947,0.257,12,2634,86,./checkpoints_grid/cfg086_vit_cifar10_randomk_b1_rep12_seed2634.pt
vit,cifar10,randomk,1,1,0.001,2.294406023269985,0.24,13,2635,86,./checkpoints_grid/cfg086_vit_cifar10_randomk_b1_rep13_seed2635.pt
vit,cifar10,randomk,1,1,0.001,2.320979070859379,0.22,14,2636,86,./checkpoints_grid/cfg086_vit_cifar10_randomk_b1_rep14_seed2636.pt
vit,cifar10,randomk,1,1,0.001,2.2930711537010504,0.229,15,2637,86,./checkpoints_grid/cfg086_vit_cifar10_randomk_b1_rep15_seed2637.pt
vit,cifar10,randomk,1,1,0.001,2.303311434791423,0.257,16,2638,86,./checkpoints_grid/cfg086_vit_cifar10_randomk_b1_rep16_seed2638.pt
vit,cifar10,randomk,1,1,0.001,2.3141530389687976,0.163,17,2639,86,./checkpoints_grid/cfg086_vit_cifar10_randomk_b1_rep17_seed2639.pt
vit,cifar10,randomk,1,1,0.001,2.3051066950175447,0.278,18,2640,86,./checkpoints_grid/cfg086_vit_cifar10_randomk_b1_rep18_seed2640.pt
vit,cifar10,randomk,1,1,0.001,2.2948637562869116,0.273,19,2641,86,./checkpoints_grid/cfg086_vit_cifar10_randomk_b1_rep19_seed2641.pt
vit,cifar10,randomk,1,1,0.001,2.2995208293730394,0.196,20,2642,86,./checkpoints_grid/cfg086_vit_cifar10_randomk_b1_rep20_seed2642.pt
vit,cifar10,randomk,1,1,0.001,2.3129165033306927,0.221,21,2643,86,./checkpoints_grid/cfg086_vit_cifar10_randomk_b1_rep21_seed2643.pt
vit,cifar10,randomk,1,1,0.001,2.3124976768561174,0.209,22,2644,86,./checkpoints_grid/cfg086_vit_cifar10_randomk_b1_rep22_seed2644.pt
vit,cifar10,randomk,1,1,0.001,2.3132233228506522,0.226,23,2645,86,./checkpoints_grid/cfg086_vit_cifar10_randomk_b1_rep23_seed2645.pt
vit,cifar10,randomk,1,1,0.001,2.286750350032933,0.262,24,2646,86,./checkpoints_grid/cfg086_vit_cifar10_randomk_b1_rep24_seed2646.pt
vit,cifar10,randomk,1,1,0.001,2.296502534444444,0.272,25,2647,86,./checkpoints_grid/cfg086_vit_cifar10_randomk_b1_rep25_seed2647.pt
vit,cifar10,randomk,1,1,0.001,2.300643962248694,0.251,26,2648,86,./checkpoints_grid/cfg086_vit_cifar10_randomk_b1_rep26_seed2648.pt
vit,cifar10,randomk,1,1,0.001,2.3315703004591635,0.222,27,2649,86,./checkpoints_grid/cfg086_vit_cifar10_randomk_b1_rep27_seed2649.pt
vit,cifar10,randomk,1,1,0.001,2.3050212251094635,0.21,28,2650,86,./checkpoints_grid/cfg086_vit_cifar10_randomk_b1_rep28_seed2650.pt
vit,cifar10,randomk,1,1,0.001,2.3072117269597947,0.23,29,2651,86,./checkpoints_grid/cfg086_vit_cifar10_randomk_b1_rep29_seed2651.pt
vit,cifar10,randomk,32,1,0.001,2.03034591960907,0.315,0,2652,87,./checkpoints_grid/cfg087_vit_cifar10_randomk_b32_rep00_seed2652.pt
vit,cifar10,randomk,32,1,0.001,2.03946702003479,0.278,1,2653,87,./checkpoints_grid/cfg087_vit_cifar10_randomk_b32_rep01_seed2653.pt
vit,cifar10,randomk,32,1,0.001,2.0304397468566893,0.313,2,2654,87,./checkpoints_grid/cfg087_vit_cifar10_randomk_b32_rep02_seed2654.pt
vit,cifar10,randomk,32,1,0.001,2.04294872379303,0.271,3,2655,87,./checkpoints_grid/cfg087_vit_cifar10_randomk_b32_rep03_seed2655.pt
vit,cifar10,randomk,32,1,0.001,2.00612193775177,0.285,4,2656,87,./checkpoints_grid/cfg087_vit_cifar10_randomk_b32_rep04_seed2656.pt
vit,cifar10,randomk,32,1,0.001,2.0246185245513915,0.312,5,2657,87,./checkpoints_grid/cfg087_vit_cifar10_randomk_b32_rep05_seed2657.pt
vit,cifar10,randomk,32,1,0.001,2.036834506034851,0.281,6,2658,87,./checkpoints_grid/cfg087_vit_cifar10_randomk_b32_rep06_seed2658.pt
vit,cifar10,randomk,32,1,0.001,2.029604351043701,0.31,7,2659,87,./checkpoints_grid/cfg087_vit_cifar10_randomk_b32_rep07_seed2659.pt
vit,cifar10,randomk,32,1,0.001,2.043780688285828,0.243,8,2660,87,./checkpoints_grid/cfg087_vit_cifar10_randomk_b32_rep08_seed2660.pt
vit,cifar10,randomk,32,1,0.001,2.023375093460083,0.293,9,2661,87,./checkpoints_grid/cfg087_vit_cifar10_randomk_b32_rep09_seed2661.pt
vit,cifar10,randomk,32,1,0.001,2.040653100967407,0.278,10,2662,87,./checkpoints_grid/cfg087_vit_cifar10_randomk_b32_rep10_seed2662.pt
vit,cifar10,randomk,32,1,0.001,2.006404896736145,0.284,11,2663,87,./checkpoints_grid/cfg087_vit_cifar10_randomk_b32_rep11_seed2663.pt
vit,cifar10,randomk,32,1,0.001,2.035022632598877,0.281,12,2664,87,./checkpoints_grid/cfg087_vit_cifar10_randomk_b32_rep12_seed2664.pt
vit,cifar10,randomk,32,1,0.001,2.0258556699752805,0.321,13,2665,87,./checkpoints_grid/cfg087_vit_cifar10_randomk_b32_rep13_seed2665.pt
vit,cifar10,randomk,32,1,0.001,2.038332796096802,0.316,14,2666,87,./checkpoints_grid/cfg087_vit_cifar10_randomk_b32_rep14_seed2666.pt
vit,cifar10,randomk,32,1,0.001,2.000350305557251,0.283,15,2667,87,./checkpoints_grid/cfg087_vit_cifar10_randomk_b32_rep15_seed2667.pt
vit,cifar10,randomk,32,1,0.001,2.0316579055786135,0.301,16,2668,87,./checkpoints_grid/cfg087_vit_cifar10_randomk_b32_rep16_seed2668.pt
vit,cifar10,randomk,32,1,0.001,2.034926778793335,0.302,17,2669,87,./checkpoints_grid/cfg087_vit_cifar10_randomk_b32_rep17_seed2669.pt
vit,cifar10,randomk,32,1,0.001,2.0540259046554565,0.264,18,2670,87,./checkpoints_grid/cfg087_vit_cifar10_randomk_b32_rep18_seed2670.pt
vit,cifar10,randomk,32,1,0.001,2.026172002792358,0.286,19,2671,87,./checkpoints_grid/cfg087_vit_cifar10_randomk_b32_rep19_seed2671.pt
vit,cifar10,randomk,32,1,0.001,2.0192382831573488,0.3,20,2672,87,./checkpoints_grid/cfg087_vit_cifar10_randomk_b32_rep20_seed2672.pt
vit,cifar10,randomk,32,1,0.001,2.0405807847976685,0.283,21,2673,87,./checkpoints_grid/cfg087_vit_cifar10_randomk_b32_rep21_seed2673.pt
vit,cifar10,randomk,32,1,0.001,2.0143798398971557,0.281,22,2674,87,./checkpoints_grid/cfg087_vit_cifar10_randomk_b32_rep22_seed2674.pt
vit,cifar10,randomk,32,1,0.001,2.022218169212341,0.306,23,2675,87,./checkpoints_grid/cfg087_vit_cifar10_randomk_b32_rep23_seed2675.pt
vit,cifar10,randomk,32,1,0.001,2.0303996829986573,0.278,24,2676,87,./checkpoints_grid/cfg087_vit_cifar10_randomk_b32_rep24_seed2676.pt
vit,cifar10,randomk,32,1,0.001,2.0573379487991335,0.277,25,2677,87,./checkpoints_grid/cfg087_vit_cifar10_randomk_b32_rep25_seed2677.pt
vit,cifar10,randomk,32,1,0.001,2.028214891433716,0.272,26,2678,87,./checkpoints_grid/cfg087_vit_cifar10_randomk_b32_rep26_seed2678.pt
vit,cifar10,randomk,32,1,0.001,2.006269248008728,0.283,27,2679,87,./checkpoints_grid/cfg087_vit_cifar10_randomk_b32_rep27_seed2679.pt
vit,cifar10,randomk,32,1,0.001,2.052214052200317,0.304,28,2680,87,./checkpoints_grid/cfg087_vit_cifar10_randomk_b32_rep28_seed2680.pt
vit,cifar10,randomk,32,1,0.001,1.9974851903915405,0.304,29,2681,87,./checkpoints_grid/cfg087_vit_cifar10_randomk_b32_rep29_seed2681.pt
vit,cifar10,qsgd,1,1,0.001,2.174886624103412,0.257,0,2682,88,./checkpoints_grid/cfg088_vit_cifar10_qsgd_b1_rep00_seed2682.pt
vit,cifar10,qsgd,1,1,0.001,2.198973659623414,0.213,1,2683,88,./checkpoints_grid/cfg088_vit_cifar10_qsgd_b1_rep01_seed2683.pt
vit,cifar10,qsgd,1,1,0.001,2.1848388725453987,0.272,2,2684,88,./checkpoints_grid/cfg088_vit_cifar10_qsgd_b1_rep02_seed2684.pt
vit,cifar10,qsgd,1,1,0.001,2.1601867942195385,0.305,3,2685,88,./checkpoints_grid/cfg088_vit_cifar10_qsgd_b1_rep03_seed2685.pt
vit,cifar10,qsgd,1,1,0.001,2.1744733885144814,0.268,4,2686,88,./checkpoints_grid/cfg088_vit_cifar10_qsgd_b1_rep04_seed2686.pt
vit,cifar10,qsgd,1,1,0.001,2.1956197951422074,0.243,5,2687,88,./checkpoints_grid/cfg088_vit_cifar10_qsgd_b1_rep05_seed2687.pt
vit,cifar10,qsgd,1,1,0.001,2.1994367643971926,0.212,6,2688,88,./checkpoints_grid/cfg088_vit_cifar10_qsgd_b1_rep06_seed2688.pt
vit,cifar10,qsgd,1,1,0.001,2.168544808831997,0.277,7,2689,88,./checkpoints_grid/cfg088_vit_cifar10_qsgd_b1_rep07_seed2689.pt
vit,cifar10,qsgd,1,1,0.001,2.188297449988313,0.185,8,2690,88,./checkpoints_grid/cfg088_vit_cifar10_qsgd_b1_rep08_seed2690.pt
vit,cifar10,qsgd,1,1,0.001,2.1701776885408908,0.203,9,2691,88,./checkpoints_grid/cfg088_vit_cifar10_qsgd_b1_rep09_seed2691.pt
vit,cifar10,qsgd,1,1,0.001,2.1841754869599828,0.237,10,2692,88,./checkpoints_grid/cfg088_vit_cifar10_qsgd_b1_rep10_seed2692.pt
vit,cifar10,qsgd,1,1,0.001,2.165736646953039,0.242,11,2693,88,./checkpoints_grid/cfg088_vit_cifar10_qsgd_b1_rep11_seed2693.pt
vit,cifar10,qsgd,1,1,0.001,2.1792558532515542,0.252,12,2694,88,./checkpoints_grid/cfg088_vit_cifar10_qsgd_b1_rep12_seed2694.pt
vit,cifar10,qsgd,1,1,0.001,2.181311307562515,0.237,13,2695,88,./checkpoints_grid/cfg088_vit_cifar10_qsgd_b1_rep13_seed2695.pt
vit,cifar10,qsgd,1,1,0.001,2.173226622278802,0.257,14,2696,88,./checkpoints_grid/cfg088_vit_cifar10_qsgd_b1_rep14_seed2696.pt
vit,cifar10,qsgd,1,1,0.001,2.192431673103012,0.234,15,2697,88,./checkpoints_grid/cfg088_vit_cifar10_qsgd_b1_rep15_seed2697.pt
vit,cifar10,qsgd,1,1,0.001,2.167414885345148,0.264,16,2698,88,./checkpoints_grid/cfg088_vit_cifar10_qsgd_b1_rep16_seed2698.pt
vit,cifar10,qsgd,1,1,0.001,2.198492944020778,0.264,17,2699,88,./checkpoints_grid/cfg088_vit_cifar10_qsgd_b1_rep17_seed2699.pt
vit,cifar10,qsgd,1,1,0.001,2.1707073740568013,0.237,18,2700,88,./checkpoints_grid/cfg088_vit_cifar10_qsgd_b1_rep18_seed2700.pt
vit,cifar10,qsgd,1,1,0.001,2.1558938952884636,0.236,19,2701,88,./checkpoints_grid/cfg088_vit_cifar10_qsgd_b1_rep19_seed2701.pt
vit,cifar10,qsgd,1,1,0.001,2.1873763831648976,0.251,20,2702,88,./checkpoints_grid/cfg088_vit_cifar10_qsgd_b1_rep20_seed2702.pt
vit,cifar10,qsgd,1,1,0.001,2.1844542061164973,0.255,21,2703,88,./checkpoints_grid/cfg088_vit_cifar10_qsgd_b1_rep21_seed2703.pt
vit,cifar10,qsgd,1,1,0.001,2.1929057033474093,0.228,22,2704,88,./checkpoints_grid/cfg088_vit_cifar10_qsgd_b1_rep22_seed2704.pt
vit,cifar10,qsgd,1,1,0.001,2.190191643614322,0.23,23,2705,88,./checkpoints_grid/cfg088_vit_cifar10_qsgd_b1_rep23_seed2705.pt
vit,cifar10,qsgd,1,1,0.001,2.18097120810207,0.193,24,2706,88,./checkpoints_grid/cfg088_vit_cifar10_qsgd_b1_rep24_seed2706.pt
vit,cifar10,qsgd,1,1,0.001,2.1814166670609265,0.293,25,2707,88,./checkpoints_grid/cfg088_vit_cifar10_qsgd_b1_rep25_seed2707.pt
vit,cifar10,qsgd,1,1,0.001,2.173445888792165,0.221,26,2708,88,./checkpoints_grid/cfg088_vit_cifar10_qsgd_b1_rep26_seed2708.pt
vit,cifar10,qsgd,1,1,0.001,2.176550434906967,0.252,27,2709,88,./checkpoints_grid/cfg088_vit_cifar10_qsgd_b1_rep27_seed2709.pt
vit,cifar10,qsgd,1,1,0.001,2.1832182704797014,0.268,28,2710,88,./checkpoints_grid/cfg088_vit_cifar10_qsgd_b1_rep28_seed2710.pt
vit,cifar10,qsgd,1,1,0.001,2.1938414888232947,0.228,29,2711,88,./checkpoints_grid/cfg088_vit_cifar10_qsgd_b1_rep29_seed2711.pt
vit,cifar10,qsgd,32,1,0.001,2.0565972719192507,0.255,0,2712,89,./checkpoints_grid/cfg089_vit_cifar10_qsgd_b32_rep00_seed2712.pt
vit,cifar10,qsgd,32,1,0.001,2.0604051666259764,0.284,1,2713,89,./checkpoints_grid/cfg089_vit_cifar10_qsgd_b32_rep01_seed2713.pt
vit,cifar10,qsgd,32,1,0.001,2.0599499254226683,0.299,2,2714,89,./checkpoints_grid/cfg089_vit_cifar10_qsgd_b32_rep02_seed2714.pt
vit,cifar10,qsgd,32,1,0.001,2.0692228841781617,0.255,3,2715,89,./checkpoints_grid/cfg089_vit_cifar10_qsgd_b32_rep03_seed2715.pt
vit,cifar10,qsgd,32,1,0.001,2.0676851415634157,0.245,4,2716,89,./checkpoints_grid/cfg089_vit_cifar10_qsgd_b32_rep04_seed2716.pt
vit,cifar10,qsgd,32,1,0.001,2.07126012134552,0.288,5,2717,89,./checkpoints_grid/cfg089_vit_cifar10_qsgd_b32_rep05_seed2717.pt
vit,cifar10,qsgd,32,1,0.001,2.060501859664917,0.29,6,2718,89,./checkpoints_grid/cfg089_vit_cifar10_qsgd_b32_rep06_seed2718.pt
vit,cifar10,qsgd,32,1,0.001,2.084686650276184,0.284,7,2719,89,./checkpoints_grid/cfg089_vit_cifar10_qsgd_b32_rep07_seed2719.pt
vit,cifar10,qsgd,32,1,0.001,2.091538251876831,0.264,8,2720,89,./checkpoints_grid/cfg089_vit_cifar10_qsgd_b32_rep08_seed2720.pt
vit,cifar10,qsgd,32,1,0.001,2.06177601146698,0.308,9,2721,89,./checkpoints_grid/cfg089_vit_cifar10_qsgd_b32_rep09_seed2721.pt
vit,cifar10,qsgd,32,1,0.001,2.08560907459259,0.32,10,2722,89,./checkpoints_grid/cfg089_vit_cifar10_qsgd_b32_rep10_seed2722.pt
vit,cifar10,qsgd,32,1,0.001,2.0623550701141355,0.294,11,2723,89,./checkpoints_grid/cfg089_vit_cifar10_qsgd_b32_rep11_seed2723.pt
vit,cifar10,qsgd,32,1,0.001,2.0419412841796873,0.306,12,2724,89,./checkpoints_grid/cfg089_vit_cifar10_qsgd_b32_rep12_seed2724.pt
vit,cifar10,qsgd,32,1,0.001,2.0735124006271364,0.273,13,2725,89,./checkpoints_grid/cfg089_vit_cifar10_qsgd_b32_rep13_seed2725.pt
vit,cifar10,qsgd,32,1,0.001,2.0515546703338625,0.278,14,2726,89,./checkpoints_grid/cfg089_vit_cifar10_qsgd_b32_rep14_seed2726.pt
vit,cifar10,qsgd,32,1,0.001,2.035492091178894,0.299,15,2727,89,./checkpoints_grid/cfg089_vit_cifar10_qsgd_b32_rep15_seed2727.pt
vit,cifar10,qsgd,32,1,0.001,2.0526341791152953,0.302,16,2728,89,./checkpoints_grid/cfg089_vit_cifar10_qsgd_b32_rep16_seed2728.pt
vit,cifar10,qsgd,32,1,0.001,2.061047609329224,0.287,17,2729,89,./checkpoints_grid/cfg089_vit_cifar10_qsgd_b32_rep17_seed2729.pt
vit,cifar10,qsgd,32,1,0.001,2.0515270175933837,0.285,18,2730,89,./checkpoints_grid/cfg089_vit_cifar10_qsgd_b32_rep18_seed2730.pt
vit,cifar10,qsgd,32,1,0.001,2.057985334396362,0.301,19,2731,89,./checkpoints_grid/cfg089_vit_cifar10_qsgd_b32_rep19_seed2731.pt
vit,cifar10,qsgd,32,1,0.001,2.0666294050216676,0.29,20,2732,89,./checkpoints_grid/cfg089_vit_cifar10_qsgd_b32_rep20_seed2732.pt
vit,cifar10,qsgd,32,1,0.001,2.0681462936401367,0.287,21,2733,89,./checkpoints_grid/cfg089_vit_cifar10_qsgd_b32_rep21_seed2733.pt
vit,cifar10,qsgd,32,1,0.001,2.066152006149292,0.293,22,2734,89,./checkpoints_grid/cfg089_vit_cifar10_qsgd_b32_rep22_seed2734.pt
vit,cifar10,qsgd,32,1,0.001,2.058307806015015,0.297,23,2735,89,./checkpoints_grid/cfg089_vit_cifar10_qsgd_b32_rep23_seed2735.pt
vit,cifar10,qsgd,32,1,0.001,2.074238673210144,0.293,24,2736,89,./checkpoints_grid/cfg089_vit_cifar10_qsgd_b32_rep24_seed2736.pt
vit,cifar10,qsgd,32,1,0.001,2.0791557340621947,0.286,25,2737,89,./checkpoints_grid/cfg089_vit_cifar10_qsgd_b32_rep25_seed2737.pt
vit,cifar10,qsgd,32,1,0.001,2.064394054412842,0.287,26,2738,89,./checkpoints_grid/cfg089_vit_cifar10_qsgd_b32_rep26_seed2738.pt
vit,cifar10,qsgd,32,1,0.001,2.047454016685486,0.27,27,2739,89,./checkpoints_grid/cfg089_vit_cifar10_qsgd_b32_rep27_seed2739.pt
vit,cifar10,qsgd,32,1,0.001,2.0598467054367067,0.269,28,2740,89,./checkpoints_grid/cfg089_vit_cifar10_qsgd_b32_rep28_seed2740.pt
vit,cifar10,qsgd,32,1,0.001,2.0828643054962157,0.269,29,2741,89,./checkpoints_grid/cfg089_vit_cifar10_qsgd_b32_rep29_seed2741.pt
